From Date,To Date,PM2.5 (ug/m3),PM10 (ug/m3),NO (ug/m3),NO2 (ug/m3),NOx (ppb),NH3 (ug/m3),SO2 (ug/m3),CO (mg/m3),Ozone (ug/m3),Benzene (ug/m3),RH (%),WS (m/s),WD (degree),SR (W/mt2),RF (mm),AT (degree C)
2022-10-21 15:00:00,2022-10-21 16:00:00,31.6,58.3,1.69,11.14,8.33,4.16,18.59,0.22,,0.49,18.26,0.82,130.09,280.43,0.0,31.73
2022-10-21 16:00:00,2022-10-21 17:00:00,31.07,57.15,1.45,8.46,6.74,3.0,10.42,0.26,,0.76,27.24,0.5,95.16,79.72,0.0,29.35
2022-10-21 17:00:00,2022-10-21 18:00:00,29.18,64.73,1.92,15.15,10.61,5.44,22.79,0.4,,1.35,41.15,0.91,283.05,36.4,0.0,26.86
2022-10-21 18:00:00,2022-10-21 19:00:00,31.83,79.95,2.43,17.71,12.36,6.27,10.23,0.46,,2.06,55.58,1.05,224.05,24.93,0.0,24.34
2022-10-21 19:00:00,2022-10-21 20:00:00,38.31,88.24,1.46,15.64,10.5,5.17,10.33,0.52,,2.42,58.83,1.06,240.85,24.55,0.0,22.98
2022-10-21 20:00:00,2022-10-21 21:00:00,37.88,91.4,1.25,12.66,8.77,3.95,9.7,0.49,,1.89,62.66,0.98,234.36,24.55,0.0,22.14
2022-10-21 21:00:00,2022-10-21 22:00:00,43.45,91.53,1.27,10.03,7.41,3.07,10.08,0.42,,1.61,63.81,0.99,267.97,24.52,0.0,21.57
2022-10-21 22:00:00,2022-10-21 23:00:00,41.57,81.39,1.26,8.71,6.71,2.74,10.9,0.39,,1.11,64.87,1.0,262.07,24.5,0.0,21.29
2022-10-21 23:00:00,2022-10-22 00:00:00,42.3,74.08,1.33,10.68,7.79,3.1,11.01,0.46,,1.33,69.41,0.83,302.69,24.57,0.0,20.57
2022-10-22 00:00:00,2022-10-22 01:00:00,46.98,77.47,2.17,12.89,9.63,3.55,6.2,0.53,,2.23,75.12,0.76,255.15,24.5,0.0,20.0
2022-10-22 01:00:00,2022-10-22 02:00:00,43.33,76.41,2.18,12.11,9.23,3.59,3.37,0.42,,1.96,82.17,0.78,259.58,24.52,0.0,19.16
2022-10-22 02:00:00,2022-10-22 03:00:00,38.52,75.26,1.7,7.57,6.47,2.52,3.44,0.36,,1.28,81.78,0.47,174.68,24.33,0.0,19.2
2022-10-22 03:00:00,2022-10-22 04:00:00,39.24,68.66,1.78,7.54,6.52,2.51,2.99,0.34,,1.06,82.98,0.46,279.08,24.52,0.0,18.68
2022-10-22 04:00:00,2022-10-22 05:00:00,36.72,62.38,1.95,7.0,6.38,2.42,2.84,0.33,,1.0,84.43,0.71,323.12,24.5,0.0,18.17
2022-10-22 05:00:00,2022-10-22 06:00:00,31.28,47.44,2.07,5.64,5.76,2.11,2.51,0.31,,0.93,84.25,0.24,136.79,24.55,0.0,17.89
2022-10-22 06:00:00,2022-10-22 07:00:00,25.6,41.05,2.09,6.06,6.0,2.33,2.89,0.32,,0.9,83.42,0.38,181.28,48.2,0.0,18.08
2022-10-22 07:00:00,2022-10-22 08:00:00,31.66,43.22,2.03,6.52,6.19,2.58,8.43,0.34,,0.94,68.0,0.72,123.93,182.12,0.0,21.84
2022-10-22 08:00:00,2022-10-22 09:00:00,49.91,55.34,1.89,7.68,6.69,2.85,23.3,0.39,,1.03,56.88,0.85,150.62,389.55,0.0,25.87
2022-10-22 09:00:00,2022-10-22 10:00:00,54.82,70.28,1.34,6.37,5.56,2.33,13.75,0.37,,1.11,44.98,0.84,57.34,608.12,0.0,28.78
2022-10-22 10:00:00,2022-10-22 11:00:00,49.76,71.98,1.15,5.89,5.16,1.91,14.93,0.32,,0.88,34.98,1.24,26.19,782.23,0.0,30.08
2022-10-22 11:00:00,2022-10-22 12:00:00,43.91,73.49,1.14,5.9,5.15,1.79,16.1,0.31,,0.72,31.23,1.51,16.23,849.77,0.0,30.92
2022-10-22 12:00:00,2022-10-22 13:00:00,44.07,72.74,1.1,5.01,4.66,1.33,11.7,0.27,,0.64,23.16,1.33,9.33,871.2,0.0,31.66
2022-10-22 13:00:00,2022-10-22 14:00:00,38.7,68.75,1.06,4.65,4.44,1.4,10.8,0.27,,0.55,22.02,1.3,15.86,807.75,0.0,31.97
2022-10-22 14:00:00,2022-10-22 15:00:00,37.04,73.87,1.05,4.58,4.39,1.51,10.99,0.27,,0.55,22.98,1.1,15.82,638.77,0.0,31.86
2022-10-22 15:00:00,2022-10-22 16:00:00,34.16,70.27,1.21,5.68,5.09,1.73,11.42,0.26,,0.54,24.2,1.36,9.78,332.97,0.0,30.91
2022-10-22 16:00:00,2022-10-22 17:00:00,33.5,65.12,1.09,5.49,4.89,1.91,11.47,0.28,,0.6,29.94,0.79,356.01,84.95,0.0,29.24
2022-10-22 17:00:00,2022-10-22 18:00:00,31.65,71.81,1.09,7.85,6.13,2.8,12.2,0.36,,0.88,39.16,0.97,331.77,35.62,0.0,27.18
2022-10-22 18:00:00,2022-10-22 19:00:00,30.9,83.23,1.11,7.83,6.13,2.79,11.84,0.35,,1.25,41.12,1.17,338.9,24.37,0.0,25.86
2022-10-22 19:00:00,2022-10-22 20:00:00,32.78,80.24,1.44,10.68,7.88,3.91,11.18,0.38,,1.2,55.49,0.79,201.87,24.95,0.0,23.44
2022-10-22 20:00:00,2022-10-22 21:00:00,38.95,83.29,1.45,11.05,8.09,4.17,11.45,0.41,,1.52,62.7,0.92,266.55,24.55,0.0,21.78
2022-10-22 21:00:00,2022-10-22 22:00:00,38.56,83.06,1.34,9.76,7.32,3.49,11.41,0.36,,1.22,61.62,0.99,270.71,24.53,0.0,21.5
2022-10-22 22:00:00,2022-10-22 23:00:00,43.53,79.62,1.38,9.49,7.22,3.46,10.66,0.39,,1.15,64.38,1.05,295.41,24.62,0.0,20.73
2022-10-22 23:00:00,2022-10-23 00:00:00,38.14,76.12,1.34,7.36,6.07,2.92,10.58,0.34,,0.97,65.48,1.04,275.88,24.48,0.0,20.16
2022-10-23 00:00:00,2022-10-23 01:00:00,34.15,68.88,1.38,8.87,6.89,3.55,7.74,0.33,,0.94,72.48,0.78,284.29,24.4,0.0,19.37
2022-10-23 01:00:00,2022-10-23 02:00:00,41.65,71.05,1.41,9.44,7.21,3.75,10.82,0.3,,0.98,75.47,0.83,288.53,24.3,0.0,18.53
2022-10-23 02:00:00,2022-10-23 03:00:00,39.85,59.86,1.48,12.39,8.81,4.56,13.96,0.32,,0.84,78.93,0.84,291.42,24.23,0.0,17.96
2022-10-23 03:00:00,2022-10-23 04:00:00,41.02,57.5,1.55,9.83,7.54,4.18,7.69,0.29,,0.84,81.42,1.03,312.7,24.23,0.0,18.04
2022-10-23 04:00:00,2022-10-23 05:00:00,43.33,51.93,1.48,6.83,5.91,3.5,6.44,0.29,,0.8,81.06,0.99,318.56,24.3,0.0,18.43
2022-10-23 05:00:00,2022-10-23 06:00:00,36.2,47.03,1.49,6.65,5.83,3.4,6.15,0.28,,0.86,82.13,0.95,310.67,24.53,0.0,18.02
2022-10-23 06:00:00,2022-10-23 07:00:00,36.29,43.56,1.4,7.31,6.09,3.62,9.76,0.32,,0.94,74.47,1.11,327.25,45.7,0.0,19.12
2022-10-23 07:00:00,2022-10-23 08:00:00,42.52,49.89,1.58,9.36,7.3,4.29,25.7,0.38,,1.26,61.07,0.72,218.38,197.8,0.0,23.45
2022-10-23 08:00:00,2022-10-23 09:00:00,,,1.49,8.14,6.6,3.86,36.08,0.38,,1.31,45.3,0.84,27.95,427.02,0.0,27.69
2022-10-23 09:00:00,2022-10-23 10:00:00,46.82,50.1,1.19,5.62,5.04,2.87,14.15,0.26,,0.93,29.21,0.74,45.93,644.52,0.0,30.0
2022-10-23 10:00:00,2022-10-23 11:00:00,41.92,46.8,1.12,4.75,4.54,2.42,10.83,0.23,,0.66,23.98,0.9,37.15,808.17,0.0,31.28
2022-10-23 11:00:00,2022-10-23 12:00:00,30.42,40.06,1.19,5.16,4.8,2.47,14.93,0.22,,0.65,21.45,1.18,22.66,881.42,0.0,32.51
2022-10-23 12:00:00,2022-10-23 13:00:00,30.04,41.6,2.09,7.33,6.66,3.68,25.29,0.28,,0.61,25.71,1.51,90.6,882.82,0.0,32.31
2022-10-23 13:00:00,2022-10-23 14:00:00,30.45,42.33,1.4,6.82,5.84,2.87,39.35,0.35,,0.63,25.96,1.72,5.14,804.6,0.0,32.23
2022-10-23 14:00:00,2022-10-23 15:00:00,31.06,43.95,3.04,12.21,9.97,5.07,61.93,0.46,,0.62,26.09,1.59,266.65,650.08,0.0,32.09
2022-10-23 15:00:00,2022-10-23 16:00:00,30.27,45.59,1.43,8.54,6.76,3.48,59.32,0.44,,0.61,27.29,1.63,181.59,339.8,0.0,31.2
2022-10-23 16:00:00,2022-10-23 17:00:00,32.39,42.78,1.29,9.16,6.97,3.67,63.39,0.39,,0.61,31.97,1.26,264.46,85.92,0.0,29.59
2022-10-23 17:00:00,2022-10-23 18:00:00,30.09,50.05,1.17,9.04,6.81,3.46,29.03,0.32,,0.64,38.09,1.34,349.45,37.0,0.0,27.51
2022-10-23 18:00:00,2022-10-23 19:00:00,27.39,52.07,1.25,10.76,7.77,3.81,36.15,0.36,,0.86,41.46,1.04,333.99,24.55,0.0,26.48
2022-10-23 19:00:00,2022-10-23 20:00:00,29.55,61.75,1.33,10.32,7.61,3.75,14.7,0.35,,1.02,48.95,0.69,239.76,24.6,0.0,25.0
2022-10-23 20:00:00,2022-10-23 21:00:00,24.93,66.25,1.12,7.91,6.18,3.15,18.57,0.3,,1.05,44.17,1.27,90.56,23.85,0.0,25.88
2022-10-23 21:00:00,2022-10-23 22:00:00,24.9,63.97,1.05,10.29,7.37,3.52,34.76,0.31,,0.65,43.95,1.21,175.66,24.52,0.0,25.73
2022-10-23 22:00:00,2022-10-23 23:00:00,31.86,71.13,1.36,16.11,10.66,5.07,63.4,0.38,,0.76,54.56,1.19,339.64,25.17,0.0,23.64
2022-10-23 23:00:00,2022-10-24 00:00:00,39.59,91.4,1.17,14.85,9.85,4.79,41.88,0.3,,0.83,60.97,1.17,325.38,24.58,0.0,22.27
2022-10-24 00:00:00,2022-10-24 01:00:00,35.41,74.52,1.24,13.74,9.32,4.46,28.57,0.29,,0.78,64.59,1.03,323.28,24.68,0.0,21.66
2022-10-24 01:00:00,2022-10-24 02:00:00,35.01,66.52,1.28,12.21,8.55,4.15,27.25,0.29,,0.78,63.49,1.02,327.29,24.38,0.0,21.47
2022-10-24 02:00:00,2022-10-24 03:00:00,30.34,64.88,1.39,11.74,8.4,4.07,23.6,0.29,,0.77,64.5,1.06,324.93,24.72,0.0,21.22
2022-10-24 03:00:00,2022-10-24 04:00:00,32.7,61.97,1.37,10.7,7.84,3.9,15.68,0.29,,0.8,69.92,1.08,328.94,24.57,0.0,20.36
2022-10-24 04:00:00,2022-10-24 05:00:00,33.77,62.23,1.3,9.38,7.09,3.63,16.71,0.29,,0.8,66.58,1.28,335.3,24.18,0.0,20.63
2022-10-24 05:00:00,2022-10-24 06:00:00,29.78,59.82,1.29,8.95,6.86,3.57,14.7,0.3,,0.83,69.42,1.14,332.13,24.7,0.0,20.15
2022-10-24 06:00:00,2022-10-24 07:00:00,31.18,53.49,1.35,9.38,7.14,3.79,30.72,0.38,,0.94,68.5,1.47,340.16,57.58,0.0,20.43
2022-10-24 07:00:00,2022-10-24 08:00:00,41.38,50.21,1.48,9.34,7.22,3.83,42.31,0.43,,0.94,58.7,1.86,354.4,195.48,0.0,22.86
2022-10-24 08:00:00,2022-10-24 09:00:00,43.42,53.17,1.91,10.1,7.96,4.06,53.33,0.48,,0.92,50.07,1.85,92.19,418.35,0.0,25.3
2022-10-24 09:00:00,2022-10-24 10:00:00,39.14,56.12,1.8,10.84,8.26,4.18,46.25,0.37,,0.92,41.41,1.66,4.16,604.67,0.0,27.83
2022-10-24 10:00:00,2022-10-24 11:00:00,40.23,62.9,3.12,18.98,13.57,6.46,66.22,0.38,,0.85,33.99,1.73,6.07,781.1,0.0,29.79
2022-10-24 11:00:00,2022-10-24 12:00:00,39.66,65.17,2.71,18.28,12.87,6.16,73.64,0.37,,0.83,30.34,1.65,268.84,821.25,0.0,30.51
2022-10-24 12:00:00,2022-10-24 13:00:00,40.36,62.22,4.28,22.84,16.51,7.79,,0.44,,0.72,26.74,1.36,93.11,858.38,0.0,31.38
2022-10-24 13:00:00,2022-10-24 14:00:00,38.77,57.81,5.63,29.29,20.97,10.62,,0.48,,0.65,24.45,1.31,101.22,801.0,0.0,32.36
2022-10-24 14:00:00,2022-10-24 15:00:00,40.56,57.84,1.6,12.86,9.16,5.33,70.47,0.35,,0.59,26.23,1.64,180.46,673.97,0.0,31.89
2022-10-24 15:00:00,2022-10-24 16:00:00,41.38,57.38,1.17,7.28,5.89,3.29,41.54,0.29,,0.55,31.61,1.74,351.54,323.97,0.0,30.73
2022-10-24 16:00:00,2022-10-24 17:00:00,29.67,52.95,1.25,7.7,6.18,3.0,21.04,0.29,,0.74,34.37,1.42,346.19,69.95,0.0,29.17
2022-10-24 17:00:00,2022-10-24 18:00:00,22.69,46.74,1.18,8.32,6.44,3.29,15.75,0.36,,1.04,49.41,0.79,282.02,34.0,0.0,26.32
2022-10-24 18:00:00,2022-10-24 19:00:00,20.87,51.08,1.15,10.34,7.47,3.73,13.23,0.43,,1.17,57.09,0.81,288.66,24.85,0.0,24.31
2022-10-24 19:00:00,2022-10-24 20:00:00,25.21,56.65,1.23,10.95,7.86,3.98,13.86,0.46,,1.45,60.52,0.84,293.0,24.5,0.0,23.55
2022-10-24 20:00:00,2022-10-24 21:00:00,41.85,65.5,2.46,14.48,10.69,5.07,25.65,0.44,,1.59,59.45,0.66,182.32,24.27,0.0,23.54
2022-10-24 21:00:00,2022-10-24 22:00:00,72.01,98.0,1.28,12.38,8.64,4.64,23.13,0.42,,1.57,62.55,0.56,199.1,24.45,0.0,22.95
2022-10-24 22:00:00,2022-10-24 23:00:00,84.27,114.67,1.3,12.46,8.7,4.46,24.93,0.38,,1.16,64.36,0.5,206.88,24.37,0.0,22.34
2022-10-24 23:00:00,2022-10-25 00:00:00,94.57,118.77,1.29,11.52,8.21,4.37,25.55,0.36,,1.08,64.58,0.76,164.22,24.33,0.0,22.02
2022-10-25 00:00:00,2022-10-25 01:00:00,92.94,119.53,1.29,9.31,7.05,3.81,13.79,0.34,,1.24,67.15,0.7,121.83,24.35,0.0,21.34
2022-10-25 01:00:00,2022-10-25 02:00:00,83.4,101.5,1.27,7.34,6.0,3.23,10.76,0.32,,1.11,66.7,0.45,127.58,24.23,0.0,21.0
2022-10-25 02:00:00,2022-10-25 03:00:00,67.03,89.36,1.31,8.24,6.51,3.44,17.0,0.34,,0.97,71.67,0.89,152.86,24.35,0.0,20.05
2022-10-25 03:00:00,2022-10-25 04:00:00,63.78,77.16,1.33,9.38,7.12,3.81,46.25,0.46,,0.99,70.58,1.07,265.7,24.22,0.0,20.27
2022-10-25 04:00:00,2022-10-25 05:00:00,59.02,76.19,1.41,7.4,6.15,3.39,11.21,0.31,,0.89,78.31,0.82,115.27,24.43,0.0,19.2
2022-10-25 05:00:00,2022-10-25 06:00:00,46.57,58.12,1.5,6.25,5.62,3.18,8.21,0.3,,0.78,80.53,0.75,268.75,24.38,0.0,18.48
2022-10-25 06:00:00,2022-10-25 07:00:00,38.65,48.68,1.51,7.52,6.29,3.6,8.98,0.33,,0.9,77.98,0.97,292.34,44.77,0.0,18.98
2022-10-25 07:00:00,2022-10-25 08:00:00,44.66,49.74,1.66,8.36,6.85,3.99,30.07,0.57,,1.11,62.24,0.97,30.69,191.4,0.0,23.18
2022-10-25 08:00:00,2022-10-25 09:00:00,53.06,57.95,1.6,8.19,6.72,3.84,59.93,0.5,,1.15,49.41,1.03,8.14,406.07,0.0,26.59
2022-10-25 09:00:00,2022-10-25 10:00:00,47.99,55.71,1.31,6.47,5.58,3.27,35.64,0.42,,1.0,39.19,0.82,250.31,607.67,0.0,29.57
2022-10-25 10:00:00,2022-10-25 11:00:00,41.85,49.37,1.2,6.56,5.54,3.08,12.36,0.45,,0.86,29.77,1.2,93.75,783.9,0.0,31.06
2022-10-25 11:00:00,2022-10-25 12:00:00,42.31,52.44,4.1,22.95,16.44,6.64,6.57,0.45,,0.66,24.19,1.36,180.33,847.33,0.0,31.75
2022-10-25 12:00:00,2022-10-25 13:00:00,37.92,53.54,3.99,28.31,19.14,10.11,5.33,0.4,,0.6,22.73,0.97,260.85,845.88,0.0,32.74
2022-10-25 13:00:00,2022-10-25 14:00:00,35.28,57.94,3.38,23.38,16.14,8.61,4.6,0.34,,0.7,25.9,0.93,264.28,668.38,0.0,32.66
2022-10-25 14:00:00,2022-10-25 15:00:00,31.83,61.81,3.25,17.87,13.1,7.5,4.79,0.3,,0.74,23.82,0.4,255.42,676.12,0.0,33.54
2022-10-25 15:00:00,2022-10-25 16:00:00,31.12,55.81,1.17,7.48,6.0,3.28,4.93,0.25,,0.57,25.15,0.26,263.48,300.02,0.0,31.71
2022-10-25 16:00:00,2022-10-25 17:00:00,28.73,51.84,1.14,9.97,7.28,3.84,4.62,0.27,,0.74,33.34,0.43,255.46,71.9,0.0,28.7
2022-10-25 17:00:00,2022-10-25 18:00:00,25.39,47.07,1.13,13.27,8.99,4.89,6.01,0.41,,1.06,47.49,1.0,264.22,33.05,0.0,25.89
2022-10-25 18:00:00,2022-10-25 19:00:00,27.19,48.87,1.16,15.84,10.36,5.59,3.47,0.56,,2.23,59.98,1.06,240.68,24.73,0.0,23.87
2022-10-25 19:00:00,2022-10-25 20:00:00,40.71,84.38,7.71,27.99,21.96,10.9,3.65,0.77,,5.82,70.73,0.97,161.97,24.07,0.0,22.48
2022-10-25 20:00:00,2022-10-25 21:00:00,65.03,116.41,1.45,15.9,10.62,5.7,3.78,0.55,,2.92,70.57,0.9,125.51,24.15,0.0,21.82
2022-10-25 21:00:00,2022-10-25 22:00:00,64.38,105.56,1.41,11.65,8.37,4.42,4.15,0.43,,1.92,71.15,0.94,157.09,24.2,0.0,21.2
2022-10-25 22:00:00,2022-10-25 23:00:00,60.47,87.37,1.39,10.68,7.85,4.08,4.13,0.4,,1.52,71.13,1.07,237.59,24.27,0.0,20.74
2022-10-25 23:00:00,2022-10-26 00:00:00,54.01,84.23,1.51,8.8,6.97,3.67,4.46,0.4,,1.38,77.75,0.42,240.62,24.27,0.0,19.6
2022-10-26 00:00:00,2022-10-26 01:00:00,43.91,72.76,1.68,9.16,7.29,3.69,6.13,0.34,,1.41,79.93,0.78,228.8,24.22,0.0,19.16
2022-10-26 01:00:00,2022-10-26 02:00:00,33.34,59.49,1.86,8.69,7.18,3.71,8.62,0.31,,1.31,80.26,0.58,222.83,24.27,0.0,18.72
2022-10-26 02:00:00,2022-10-26 03:00:00,30.79,52.13,1.92,8.16,6.96,3.71,8.93,0.31,,1.2,81.25,0.5,256.19,24.27,0.0,18.24
2022-10-26 03:00:00,2022-10-26 04:00:00,27.09,46.24,1.98,7.39,6.6,3.62,8.48,0.29,,1.45,81.59,0.5,233.6,24.3,0.0,17.94
2022-10-26 04:00:00,2022-10-26 05:00:00,28.25,43.12,2.12,7.12,6.58,3.67,8.91,0.28,,1.15,83.79,0.72,237.59,24.4,0.0,17.3
2022-10-26 05:00:00,2022-10-26 06:00:00,23.98,33.9,2.44,6.31,6.4,3.6,8.61,0.26,,1.01,84.4,0.72,162.07,24.32,0.0,16.92
2022-10-26 06:00:00,2022-10-26 07:00:00,19.89,29.86,2.54,6.1,6.38,3.7,8.63,0.26,,0.9,83.54,0.51,141.05,45.5,0.0,16.92
2022-10-26 07:00:00,2022-10-26 08:00:00,20.62,34.19,2.5,6.61,6.6,4.0,8.53,0.28,,0.98,69.91,0.77,125.98,171.2,0.0,20.36
2022-10-26 08:00:00,2022-10-26 09:00:00,,,2.92,7.93,7.64,4.45,8.8,0.32,,0.96,61.63,1.08,133.43,352.27,0.0,23.8
2022-10-26 09:00:00,2022-10-26 10:00:00,37.95,54.02,3.08,12.2,10.0,5.45,8.98,0.48,,1.05,42.51,0.6,161.01,570.45,0.0,28.31
2022-10-26 10:00:00,2022-10-26 11:00:00,59.44,94.25,1.35,7.73,6.28,3.37,10.22,0.41,,1.05,26.12,0.61,148.01,729.75,0.0,30.7
2022-10-26 11:00:00,2022-10-26 12:00:00,,,1.68,11.35,8.43,4.43,,0.28,,1.95,23.27,0.79,146.89,811.28,0.0,31.44
2022-10-26 12:00:00,2022-10-26 13:00:00,12.64,20.27,2.35,22.14,14.6,9.21,28.93,0.29,,1.82,19.45,0.82,150.8,799.18,0.0,31.75
2022-10-26 13:00:00,2022-10-26 14:00:00,18.24,34.31,1.68,19.89,12.89,7.74,1.06,0.3,,1.09,18.29,0.38,102.81,706.48,0.0,32.7
2022-10-26 14:00:00,2022-10-26 15:00:00,27.3,51.09,1.39,14.94,10.07,5.77,16.75,0.3,,0.94,20.63,0.86,153.45,553.25,0.0,32.12
2022-10-26 15:00:00,2022-10-26 16:00:00,34.8,56.66,1.15,11.71,8.2,,22.33,0.28,,0.75,24.33,0.75,174.31,263.32,0.0,30.83
2022-10-26 16:00:00,2022-10-26 17:00:00,39.88,58.51,1.21,15.26,10.09,15.59,9.98,0.35,90.56,1.3,32.9,0.86,259.7,87.35,0.0,28.54
2022-10-26 17:00:00,2022-10-26 18:00:00,33.88,70.25,1.51,21.09,13.38,9.62,5.78,0.49,67.91,2.03,48.75,0.99,286.07,34.83,0.0,25.39
2022-10-26 18:00:00,2022-10-26 19:00:00,40.28,78.6,1.22,18.3,11.7,6.77,4.58,0.53,69.08,1.69,53.65,0.96,267.11,24.7,0.0,23.43
2022-10-26 19:00:00,2022-10-26 20:00:00,51.62,95.74,1.22,23.25,14.28,7.93,4.62,0.67,39.85,2.76,66.22,0.72,205.5,24.25,0.0,22.3
2022-10-26 20:00:00,2022-10-26 21:00:00,60.25,122.25,1.66,19.21,12.52,6.28,5.61,0.53,44.01,2.0,70.75,0.9,233.28,24.42,0.0,21.39
2022-10-26 21:00:00,2022-10-26 22:00:00,59.22,119.57,1.85,15.29,10.62,5.46,5.37,0.48,27.27,1.93,76.55,0.76,113.4,23.98,0.0,20.1
2022-10-26 22:00:00,2022-10-26 23:00:00,58.31,111.25,1.39,9.16,7.05,3.71,5.8,0.37,31.47,1.24,75.26,0.6,232.18,24.18,0.0,19.08
2022-10-26 23:00:00,2022-10-27 00:00:00,50.91,89.58,1.48,9.94,7.54,3.88,6.46,0.37,23.62,1.08,78.69,0.91,276.01,24.27,0.0,18.53
2022-10-27 00:00:00,2022-10-27 01:00:00,44.95,69.2,1.45,8.33,6.67,3.27,6.39,0.35,28.85,1.05,77.64,0.97,228.77,24.08,0.0,18.23
2022-10-27 01:00:00,2022-10-27 02:00:00,38.82,59.96,1.47,7.85,6.43,3.08,7.77,0.33,24.95,0.99,79.33,0.83,215.99,24.23,0.0,17.74
2022-10-27 02:00:00,2022-10-27 03:00:00,38.11,52.59,1.59,7.52,6.36,3.05,7.9,0.32,18.3,0.94,82.48,0.42,243.53,24.33,0.0,17.11
2022-10-27 03:00:00,2022-10-27 04:00:00,35.45,49.64,1.66,7.51,6.41,3.13,7.92,0.32,17.65,0.91,83.29,0.66,296.23,24.38,0.0,16.77
2022-10-27 04:00:00,2022-10-27 05:00:00,29.0,45.54,1.73,7.32,6.36,3.18,8.04,0.31,14.27,0.88,84.34,0.8,295.73,24.43,0.0,16.37
2022-10-27 05:00:00,2022-10-27 06:00:00,27.25,44.08,2.21,7.27,6.73,3.26,8.06,0.29,11.78,0.91,84.67,0.53,197.21,24.27,0.0,16.28
2022-10-27 06:00:00,2022-10-27 07:00:00,29.31,46.73,21.34,16.87,27.09,11.79,7.99,0.37,13.77,0.86,83.85,0.89,203.11,45.23,0.0,16.36
2022-10-27 07:00:00,2022-10-27 08:00:00,37.68,72.08,8.26,12.31,14.2,8.79,8.28,0.42,20.78,1.19,71.12,0.93,120.77,175.93,0.0,19.58
2022-10-27 08:00:00,2022-10-27 09:00:00,50.32,118.26,5.74,13.88,13.01,7.26,8.36,0.48,44.22,1.17,54.39,1.02,62.42,382.4,0.0,23.82
2022-10-27 09:00:00,2022-10-27 10:00:00,59.98,150.26,2.52,11.36,9.11,5.77,8.07,0.53,62.43,1.08,44.06,0.49,45.15,568.22,0.0,27.54
2022-10-27 10:00:00,2022-10-27 11:00:00,67.65,157.74,1.87,13.56,9.74,5.43,7.9,0.58,76.28,1.38,31.69,0.35,231.73,706.3,0.0,30.72
2022-10-27 11:00:00,2022-10-27 12:00:00,73.34,153.1,1.69,17.33,11.56,5.87,6.88,0.48,97.63,1.37,24.8,0.46,134.06,746.08,0.0,31.19
2022-10-27 12:00:00,2022-10-27 13:00:00,63.54,148.53,4.04,25.72,18.23,9.14,6.9,0.56,99.07,1.71,22.64,0.39,103.03,758.02,0.0,31.84
2022-10-27 13:00:00,2022-10-27 14:00:00,71.72,156.85,2.52,25.4,16.45,7.96,7.03,0.48,89.97,1.23,15.12,0.78,177.79,698.85,0.0,32.62
2022-10-27 14:00:00,2022-10-27 15:00:00,67.27,144.89,10.68,19.32,20.81,9.99,6.32,0.42,98.89,0.86,13.08,1.17,264.36,615.85,0.0,32.24
2022-10-27 15:00:00,2022-10-27 16:00:00,54.13,133.44,1.22,8.99,6.83,4.16,5.91,0.36,102.13,0.56,15.07,1.25,351.81,297.18,0.0,31.03
2022-10-27 16:00:00,2022-10-27 17:00:00,41.62,96.81,1.59,18.32,12.0,5.82,6.35,0.4,76.33,0.59,21.41,1.13,329.37,75.0,0.0,28.59
2022-10-27 17:00:00,2022-10-27 18:00:00,39.15,84.89,1.54,15.39,10.44,5.51,6.21,0.45,64.58,0.82,36.71,1.01,262.91,33.62,0.0,25.13
2022-10-27 18:00:00,2022-10-27 19:00:00,35.23,92.05,1.81,22.0,14.1,6.62,6.63,0.65,50.53,1.38,45.55,0.85,265.5,24.67,0.0,23.19
2022-10-27 19:00:00,2022-10-27 20:00:00,44.23,107.54,1.5,27.62,16.78,9.62,6.83,0.96,25.18,4.6,57.79,0.32,228.13,24.52,0.0,21.9
2022-10-27 20:00:00,2022-10-27 21:00:00,68.9,140.79,1.66,27.09,16.64,9.2,7.05,0.92,18.21,5.66,65.55,0.43,232.47,24.47,0.0,20.94
2022-10-27 21:00:00,2022-10-27 22:00:00,85.11,163.47,1.59,16.52,11.06,6.38,7.42,0.58,23.14,3.89,71.53,0.67,92.61,24.23,0.0,20.29
2022-10-27 22:00:00,2022-10-27 23:00:00,79.0,146.76,1.49,9.16,7.13,4.05,7.22,0.42,31.87,1.49,69.91,0.54,136.31,24.25,0.0,19.91
2022-10-27 23:00:00,2022-10-28 00:00:00,54.17,106.47,1.5,11.12,8.16,4.34,7.6,0.41,30.72,1.42,69.09,0.76,182.53,24.32,0.0,19.55
2022-10-28 00:00:00,2022-10-28 01:00:00,43.32,86.21,1.54,10.24,7.73,4.1,6.62,0.38,24.45,1.17,75.9,0.89,284.47,24.48,0.0,18.34
2022-10-28 01:00:00,2022-10-28 02:00:00,32.36,76.09,1.58,8.05,6.63,3.55,8.0,0.36,21.3,1.16,78.02,0.46,105.98,24.05,0.0,18.11
2022-10-28 02:00:00,2022-10-28 03:00:00,32.42,63.44,1.67,7.76,6.54,3.49,8.14,0.34,19.17,1.02,81.02,0.35,149.97,24.4,0.0,17.52
2022-10-28 03:00:00,2022-10-28 04:00:00,26.41,54.51,1.81,7.08,6.31,3.3,8.07,0.32,13.84,0.96,83.16,0.43,176.97,24.47,0.0,16.57
2022-10-28 04:00:00,2022-10-28 05:00:00,19.01,47.3,1.88,6.43,6.02,3.19,7.98,0.29,15.53,0.83,82.99,0.61,248.06,24.32,0.0,15.91
2022-10-28 05:00:00,2022-10-28 06:00:00,15.74,44.62,2.15,7.03,6.54,3.36,8.01,0.28,19.24,0.73,83.6,0.79,280.28,24.33,0.0,15.44
2022-10-28 06:00:00,2022-10-28 07:00:00,18.97,45.36,10.92,14.55,17.52,8.49,7.66,0.3,13.09,0.77,83.85,0.74,206.73,44.48,0.0,15.64
2022-10-28 07:00:00,2022-10-28 08:00:00,29.2,112.44,12.74,13.15,18.17,9.28,8.11,0.4,17.77,0.89,68.75,0.84,97.16,176.6,0.0,19.07
2022-10-28 08:00:00,2022-10-28 09:00:00,53.27,303.82,7.84,16.66,16.14,9.45,8.03,0.41,30.05,0.98,48.94,0.56,127.9,387.5,0.0,24.29
2022-10-28 09:00:00,2022-10-28 10:00:00,77.41,367.37,3.01,13.83,10.79,6.71,7.71,0.51,56.5,1.15,36.88,0.76,169.87,570.25,0.0,28.28
2022-10-28 10:00:00,2022-10-28 11:00:00,75.44,225.57,1.47,10.99,8.08,4.61,9.04,0.46,86.6,1.74,25.66,1.05,162.81,743.12,0.0,30.04
2022-10-28 11:00:00,2022-10-28 12:00:00,68.83,93.19,1.47,12.63,8.93,4.56,13.48,0.36,85.94,0.94,14.23,0.64,84.24,797.95,0.0,31.66
2022-10-28 12:00:00,2022-10-28 13:00:00,57.25,109.19,7.6,27.54,22.03,13.2,23.93,0.47,86.75,0.7,12.09,0.93,238.96,783.58,0.0,32.13
2022-10-28 13:00:00,2022-10-28 14:00:00,59.4,150.28,1.75,14.17,9.96,6.18,7.05,0.32,95.95,0.58,12.14,1.15,261.66,766.9,0.0,32.37
2022-10-28 14:00:00,2022-10-28 15:00:00,54.62,108.0,17.09,24.23,28.49,14.03,3.99,0.38,84.23,0.55,12.81,1.25,268.78,632.4,0.0,32.08
2022-10-28 15:00:00,2022-10-28 16:00:00,55.29,167.19,1.67,11.01,8.25,5.1,3.98,0.38,107.73,0.41,17.04,1.57,239.62,336.07,0.0,30.42
2022-10-28 16:00:00,2022-10-28 17:00:00,,,,,,,,,,,,,,,,
2022-10-28 17:00:00,2022-10-28 18:00:00,,,,,,,,,,,,,,,,
2022-10-28 18:00:00,2022-10-28 19:00:00,,,,,,,,,,,,,,,,
2022-10-28 19:00:00,2022-10-28 20:00:00,,,,,,,,,,,,,,,,
2022-10-28 20:00:00,2022-10-28 21:00:00,,,,,,,,,,,,,,,,
2022-10-28 21:00:00,2022-10-28 22:00:00,,,,,,,,,,,,,,,,
2022-10-28 22:00:00,2022-10-28 23:00:00,,,,,,,,,,,,,,,,
2022-10-28 23:00:00,2022-10-29 00:00:00,,,,,,,,,,,,,,,,
2022-10-29 00:00:00,2022-10-29 01:00:00,,,,,,,,,,,,,,,,
2022-10-29 01:00:00,2022-10-29 02:00:00,,,,,,,,,,,,,,,,
2022-10-29 02:00:00,2022-10-29 03:00:00,,,,,,,,,,,,,,,,
2022-10-29 03:00:00,2022-10-29 04:00:00,,,,,,,,,,,,,,,,
2022-10-29 04:00:00,2022-10-29 05:00:00,,,,,,,,,,,,,,,,
2022-10-29 05:00:00,2022-10-29 06:00:00,,,,,,,,,,,,,,,,
2022-10-29 06:00:00,2022-10-29 07:00:00,,,,,,,,,,,,,,,,
2022-10-29 07:00:00,2022-10-29 08:00:00,,,,,,,,,,,,,,,,
2022-10-29 08:00:00,2022-10-29 09:00:00,,,,,,,,,,,,,,,,
2022-10-29 09:00:00,2022-10-29 10:00:00,,,,,,,,,,,,,,,,
2022-10-29 10:00:00,2022-10-29 11:00:00,,,,,,,,,,,,,,,,
2022-10-29 11:00:00,2022-10-29 12:00:00,,,,,,,,,,,,,,,,
2022-10-29 12:00:00,2022-10-29 13:00:00,,,,,,,,,,,,,,,,
2022-10-29 13:00:00,2022-10-29 14:00:00,,,,,,,,,,,,,,,,
2022-10-29 14:00:00,2022-10-29 15:00:00,,,,,,,,,,,,,,,,
2022-10-29 15:00:00,2022-10-29 16:00:00,,,,,,,,,,,,,,,,
2022-10-29 16:00:00,2022-10-29 17:00:00,,,,,,,,,,,,,,,,
2022-10-29 17:00:00,2022-10-29 18:00:00,,,,,,,,,,,,,,,,
2022-10-29 18:00:00,2022-10-29 19:00:00,,,,,,,,,,,,,,,,
2022-10-29 19:00:00,2022-10-29 20:00:00,,,,,,,,,,,,,,,,
2022-10-29 20:00:00,2022-10-29 21:00:00,,,,,,,,,,,,,,,,
2022-10-29 21:00:00,2022-10-29 22:00:00,,,,,,,,,,,,,,,,
2022-10-29 22:00:00,2022-10-29 23:00:00,,,,,,,,,,,,,,,,
2022-10-29 23:00:00,2022-10-30 00:00:00,,,,,,,,,,,,,,,,
2022-10-30 00:00:00,2022-10-30 01:00:00,,,,,,,,,,,,,,,,
2022-10-30 01:00:00,2022-10-30 02:00:00,,,,,,,,,,,,,,,,
2022-10-30 02:00:00,2022-10-30 03:00:00,,,,,,,,,,,,,,,,
2022-10-30 03:00:00,2022-10-30 04:00:00,,,,,,,,,,,,,,,,
2022-10-30 04:00:00,2022-10-30 05:00:00,,,,,,,,,,,,,,,,
2022-10-30 05:00:00,2022-10-30 06:00:00,,,,,,,,,,,,,,,,
2022-10-30 06:00:00,2022-10-30 07:00:00,,,,,,,,,,,,,,,,
2022-10-30 07:00:00,2022-10-30 08:00:00,,,,,,,,,,,,,,,,
2022-10-30 08:00:00,2022-10-30 09:00:00,,,,,,,,,,,,,,,,
2022-10-30 09:00:00,2022-10-30 10:00:00,,,,,,,,,,,,,,,,
2022-10-30 10:00:00,2022-10-30 11:00:00,,,,,,,,,,,,,,,,
2022-10-30 11:00:00,2022-10-30 12:00:00,,,,,,,,,,,,,,,,
2022-10-30 12:00:00,2022-10-30 13:00:00,,,,,,,,,,,,,,,,
2022-10-30 13:00:00,2022-10-30 14:00:00,,,,,,,,,,,,,,,,
2022-10-30 14:00:00,2022-10-30 15:00:00,,,,,,,,,,,,,,,,
2022-10-30 15:00:00,2022-10-30 16:00:00,,,,,,,,,,,,,,,,
2022-10-30 16:00:00,2022-10-30 17:00:00,,,,,,,,,,,,,,,,
2022-10-30 17:00:00,2022-10-30 18:00:00,,,,,,,,,,,,,,,,
2022-10-30 18:00:00,2022-10-30 19:00:00,,,,,,,,,,,,,,,,
2022-10-30 19:00:00,2022-10-30 20:00:00,,,,,,,,,,,,,,,,
2022-10-30 20:00:00,2022-10-30 21:00:00,,,,,,,,,,,,,,,,
2022-10-30 21:00:00,2022-10-30 22:00:00,,,,,,,,,,,,,,,,
2022-10-30 22:00:00,2022-10-30 23:00:00,,,,,,,,,,,,,,,,
2022-10-30 23:00:00,2022-10-31 00:00:00,,,,,,,,,,,,,,,,
2022-10-31 00:00:00,2022-10-31 01:00:00,,,,,,,,,,,,,,,,
2022-10-31 01:00:00,2022-10-31 02:00:00,,,,,,,,,,,,,,,,
2022-10-31 02:00:00,2022-10-31 03:00:00,,,,,,,,,,,,,,,,
2022-10-31 03:00:00,2022-10-31 04:00:00,,,,,,,,,,,,,,,,
2022-10-31 04:00:00,2022-10-31 05:00:00,,,,,,,,,,,,,,,,
2022-10-31 05:00:00,2022-10-31 06:00:00,,,,,,,,,,,,,,,,
2022-10-31 06:00:00,2022-10-31 07:00:00,,,,,,,,,,,,,,,,
2022-10-31 07:00:00,2022-10-31 08:00:00,,,,,,,,,,,,,,,,
2022-10-31 08:00:00,2022-10-31 09:00:00,,,,,,,,,,,,,,,,
2022-10-31 09:00:00,2022-10-31 10:00:00,,,,,,,,,,,,,,,,
2022-10-31 10:00:00,2022-10-31 11:00:00,,,,,,,,,,,,,,,,
2022-10-31 11:00:00,2022-10-31 12:00:00,,,,,,,,,,,,,,,,
2022-10-31 12:00:00,2022-10-31 13:00:00,,,,,,,,,,,,,,,,
2022-10-31 13:00:00,2022-10-31 14:00:00,,,,,,,,,,,,,,,,
2022-10-31 14:00:00,2022-10-31 15:00:00,,,,,,,,,,,,,,,,
2022-10-31 15:00:00,2022-10-31 16:00:00,,,,,,,,,,,,,,,,
2022-10-31 16:00:00,2022-10-31 17:00:00,,,,,,,,,,,,,,,,
2022-10-31 17:00:00,2022-10-31 18:00:00,,,,,,,,,,,,,,,,
2022-10-31 18:00:00,2022-10-31 19:00:00,,,,,,,,,,,,,,,,
2022-10-31 19:00:00,2022-10-31 20:00:00,,,,,,,,,,,,,,,,
2022-10-31 20:00:00,2022-10-31 21:00:00,,,,,,,,,,,,,,,,
2022-10-31 21:00:00,2022-10-31 22:00:00,,,,,,,,,,,,,,,,
2022-10-31 22:00:00,2022-10-31 23:00:00,,,,,,,,,,,,,,,,
2022-10-31 23:00:00,2022-11-01 00:00:00,,,,,,,,,,,,,,,,
2022-11-01 00:00:00,2022-11-01 01:00:00,,,,,,,,,,,,,,,,
2022-11-01 01:00:00,2022-11-01 02:00:00,,,,,,,,,,,,,,,,
2022-11-01 02:00:00,2022-11-01 03:00:00,,,,,,,,,,,,,,,,
2022-11-01 03:00:00,2022-11-01 04:00:00,,,,,,,,,,,,,,,,
2022-11-01 04:00:00,2022-11-01 05:00:00,,,,,,,,,,,,,,,,
2022-11-01 05:00:00,2022-11-01 06:00:00,,,,,,,,,,,,,,,,
2022-11-01 06:00:00,2022-11-01 07:00:00,,,,,,,,,,,,,,,,
2022-11-01 07:00:00,2022-11-01 08:00:00,,,,,,,,,,,,,,,,
2022-11-01 08:00:00,2022-11-01 09:00:00,,,,,,,,,,,,,,,,
2022-11-01 09:00:00,2022-11-01 10:00:00,,,,,,,,,,,,,,,,
2022-11-01 10:00:00,2022-11-01 11:00:00,,,,,,,,,,,,,,,,
2022-11-01 11:00:00,2022-11-01 12:00:00,,,,,,,,,,,,,,,,
2022-11-01 12:00:00,2022-11-01 13:00:00,,,,,,,,,,,,,,,,
2022-11-01 13:00:00,2022-11-01 14:00:00,,,,,,,,,,,,,,,,
2022-11-01 14:00:00,2022-11-01 15:00:00,,,,,,,,,,,,,,,,
2022-11-01 15:00:00,2022-11-01 16:00:00,,,,,,,,,,,,,,,,
2022-11-01 16:00:00,2022-11-01 17:00:00,,,,,,,,,,,,,,,,
2022-11-01 17:00:00,2022-11-01 18:00:00,,,,,,,,,,,,,,,,
2022-11-01 18:00:00,2022-11-01 19:00:00,,,,,,,,,,,,,,,,
2022-11-01 19:00:00,2022-11-01 20:00:00,,,,,,,,,,,,,,,,
2022-11-01 20:00:00,2022-11-01 21:00:00,,,,,,,,,,,,,,,,
2022-11-01 21:00:00,2022-11-01 22:00:00,,,,,,,,,,,,,,,,
2022-11-01 22:00:00,2022-11-01 23:00:00,,,,,,,,,,,,,,,,
2022-11-01 23:00:00,2022-11-02 00:00:00,,,,,,,,,,,,,,,,
2022-11-02 00:00:00,2022-11-02 01:00:00,,,,,,,,,,,,,,,,
2022-11-02 01:00:00,2022-11-02 02:00:00,,,,,,,,,,,,,,,,
2022-11-02 02:00:00,2022-11-02 03:00:00,,,,,,,,,,,,,,,,
2022-11-02 03:00:00,2022-11-02 04:00:00,,,,,,,,,,,,,,,,
2022-11-02 04:00:00,2022-11-02 05:00:00,,,,,,,,,,,,,,,,
2022-11-02 05:00:00,2022-11-02 06:00:00,,,,,,,,,,,,,,,,
2022-11-02 06:00:00,2022-11-02 07:00:00,,,,,,,,,,,,,,,,
2022-11-02 07:00:00,2022-11-02 08:00:00,,,,,,,,,,,,,,,,
2022-11-02 08:00:00,2022-11-02 09:00:00,,,,,,,,,,,,,,,,
2022-11-02 09:00:00,2022-11-02 10:00:00,,,,,,,,,,,,,,,,
2022-11-02 10:00:00,2022-11-02 11:00:00,,,,,,,,,,,,,,,,
2022-11-02 11:00:00,2022-11-02 12:00:00,,,,,,,,,,,,,,,,
2022-11-02 12:00:00,2022-11-02 13:00:00,,,,,,,,,,,,,,,,
2022-11-02 13:00:00,2022-11-02 14:00:00,,,,,,,,,,,,,,,,
2022-11-02 14:00:00,2022-11-02 15:00:00,,,,,,,,,,,,,,,,
2022-11-02 15:00:00,2022-11-02 16:00:00,,,,,,,,,,,,,,,,
2022-11-02 16:00:00,2022-11-02 17:00:00,,,,,,,,,,,,,,,,
2022-11-02 17:00:00,2022-11-02 18:00:00,,,,,,,,,,,,,,,,
2022-11-02 18:00:00,2022-11-02 19:00:00,,,,,,,,,,,,,,,,
2022-11-02 19:00:00,2022-11-02 20:00:00,,,,,,,,,,,,,,,,
2022-11-02 20:00:00,2022-11-02 21:00:00,,,,,,,,,,,,,,,,
2022-11-02 21:00:00,2022-11-02 22:00:00,,,,,,,,,,,,,,,,
2022-11-02 22:00:00,2022-11-02 23:00:00,,,,,,,,,,,,,,,,
2022-11-02 23:00:00,2022-11-03 00:00:00,,,,,,,,,,,,,,,,
2022-11-03 00:00:00,2022-11-03 01:00:00,,,,,,,,,,,,,,,,
2022-11-03 01:00:00,2022-11-03 02:00:00,,,,,,,,,,,,,,,,
2022-11-03 02:00:00,2022-11-03 03:00:00,,,,,,,,,,,,,,,,
2022-11-03 03:00:00,2022-11-03 04:00:00,,,,,,,,,,,,,,,,
2022-11-03 04:00:00,2022-11-03 05:00:00,,,,,,,,,,,,,,,,
2022-11-03 05:00:00,2022-11-03 06:00:00,,,,,,,,,,,,,,,,
2022-11-03 06:00:00,2022-11-03 07:00:00,,,,,,,,,,,,,,,,
2022-11-03 07:00:00,2022-11-03 08:00:00,,,,,,,,,,,,,,,,
2022-11-03 08:00:00,2022-11-03 09:00:00,,,,,,,,,,,,,,,,
2022-11-03 09:00:00,2022-11-03 10:00:00,,,,,,,,,,,,,,,,
2022-11-03 10:00:00,2022-11-03 11:00:00,,,,,,,,,,,,,,,,
2022-11-03 11:00:00,2022-11-03 12:00:00,,,,,,,,,,,,,,,,
2022-11-03 12:00:00,2022-11-03 13:00:00,,,,,,,,,,,,,,,,
2022-11-03 13:00:00,2022-11-03 14:00:00,,,,,,,,,,,,,,,,
2022-11-03 14:00:00,2022-11-03 15:00:00,,,,,,,,,,,,,,,,
2022-11-03 15:00:00,2022-11-03 16:00:00,,,,,,,,,,,,,,,,
2022-11-03 16:00:00,2022-11-03 17:00:00,,,,,,,,,,,,,,,,
2022-11-03 17:00:00,2022-11-03 18:00:00,,,,,,,,,,,,,,,,
2022-11-03 18:00:00,2022-11-03 19:00:00,,,,,,,,,,,,,,,,
2022-11-03 19:00:00,2022-11-03 20:00:00,,,,,,,,,,,,,,,,
2022-11-03 20:00:00,2022-11-03 21:00:00,,,,,,,,,,,,,,,,
2022-11-03 21:00:00,2022-11-03 22:00:00,,,,,,,,,,,,,,,,
2022-11-03 22:00:00,2022-11-03 23:00:00,,,,,,,,,,,,,,,,
2022-11-03 23:00:00,2022-11-04 00:00:00,,,,,,,,,,,,,,,,
2022-11-04 00:00:00,2022-11-04 01:00:00,,,,,,,,,,,,,,,,
2022-11-04 01:00:00,2022-11-04 02:00:00,,,,,,,,,,,,,,,,
2022-11-04 02:00:00,2022-11-04 03:00:00,,,,,,,,,,,,,,,,
2022-11-04 03:00:00,2022-11-04 04:00:00,,,,,,,,,,,,,,,,
2022-11-04 04:00:00,2022-11-04 05:00:00,,,,,,,,,,,,,,,,
2022-11-04 05:00:00,2022-11-04 06:00:00,,,,,,,,,,,,,,,,
2022-11-04 06:00:00,2022-11-04 07:00:00,,,,,,,,,,,,,,,,
2022-11-04 07:00:00,2022-11-04 08:00:00,,,,,,,,,,,,,,,,
2022-11-04 08:00:00,2022-11-04 09:00:00,,,,,,,,,,,,,,,,
2022-11-04 09:00:00,2022-11-04 10:00:00,,,,,,,,,,,,,,,,
2022-11-04 10:00:00,2022-11-04 11:00:00,,,,,,,,,,,,,,,,
2022-11-04 11:00:00,2022-11-04 12:00:00,,,,,,,,,,,,,,,,
2022-11-04 12:00:00,2022-11-04 13:00:00,,,,,,,,,,,,,,,,
2022-11-04 13:00:00,2022-11-04 14:00:00,,,,,,,,,,,,,,,,
2022-11-04 14:00:00,2022-11-04 15:00:00,,,,,,,,,,,,,,,,
2022-11-04 15:00:00,2022-11-04 16:00:00,,,,,,,,,,,,,,,,
2022-11-04 16:00:00,2022-11-04 17:00:00,,,,,,,,,,,,,,,,
2022-11-04 17:00:00,2022-11-04 18:00:00,,,,,,,,,,,,,,,,
2022-11-04 18:00:00,2022-11-04 19:00:00,,,,,,,,,,,,,,,,
2022-11-04 19:00:00,2022-11-04 20:00:00,,,,,,,,,,,,,,,,
2022-11-04 20:00:00,2022-11-04 21:00:00,,,,,,,,,,,,,,,,
2022-11-04 21:00:00,2022-11-04 22:00:00,,,,,,,,,,,,,,,,
2022-11-04 22:00:00,2022-11-04 23:00:00,,,,,,,,,,,,,,,,
2022-11-04 23:00:00,2022-11-05 00:00:00,,,,,,,,,,,,,,,,
2022-11-05 00:00:00,2022-11-05 01:00:00,,,,,,,,,,,,,,,,
2022-11-05 01:00:00,2022-11-05 02:00:00,,,,,,,,,,,,,,,,
2022-11-05 02:00:00,2022-11-05 03:00:00,,,,,,,,,,,,,,,,
2022-11-05 03:00:00,2022-11-05 04:00:00,,,,,,,,,,,,,,,,
2022-11-05 04:00:00,2022-11-05 05:00:00,,,,,,,,,,,,,,,,
2022-11-05 05:00:00,2022-11-05 06:00:00,,,,,,,,,,,,,,,,
2022-11-05 06:00:00,2022-11-05 07:00:00,,,,,,,,,,,,,,,,
2022-11-05 07:00:00,2022-11-05 08:00:00,,,,,,,,,,,,,,,,
2022-11-05 08:00:00,2022-11-05 09:00:00,,,,,,,,,,,,,,,,
2022-11-05 09:00:00,2022-11-05 10:00:00,,,,,,,,,,,,,,,,
2022-11-05 10:00:00,2022-11-05 11:00:00,,,,,,,,,,,,,,,,
2022-11-05 11:00:00,2022-11-05 12:00:00,,,,,,,,,,,,,,,,
2022-11-05 12:00:00,2022-11-05 13:00:00,,,,,,,,,,,,,,,,
2022-11-05 13:00:00,2022-11-05 14:00:00,,,,,,,,,,,,,,,,
2022-11-05 14:00:00,2022-11-05 15:00:00,,,,,,,,,,,,,,,,
2022-11-05 15:00:00,2022-11-05 16:00:00,,,,,,,,,,,,,,,,
2022-11-05 16:00:00,2022-11-05 17:00:00,,,,,,,,,,,,,,,,
2022-11-05 17:00:00,2022-11-05 18:00:00,,,,,,,,,,,,,,,,
2022-11-05 18:00:00,2022-11-05 19:00:00,,,,,,,,,,,,,,,,
2022-11-05 19:00:00,2022-11-05 20:00:00,,,,,,,,,,,,,,,,
2022-11-05 20:00:00,2022-11-05 21:00:00,,,,,,,,,,,,,,,,
2022-11-05 21:00:00,2022-11-05 22:00:00,,,,,,,,,,,,,,,,
2022-11-05 22:00:00,2022-11-05 23:00:00,,,,,,,,,,,,,,,,
2022-11-05 23:00:00,2022-11-06 00:00:00,,,,,,,,,,,,,,,,
2022-11-06 00:00:00,2022-11-06 01:00:00,,,,,,,,,,,,,,,,
2022-11-06 01:00:00,2022-11-06 02:00:00,,,,,,,,,,,,,,,,
2022-11-06 02:00:00,2022-11-06 03:00:00,,,,,,,,,,,,,,,,
2022-11-06 03:00:00,2022-11-06 04:00:00,,,,,,,,,,,,,,,,
2022-11-06 04:00:00,2022-11-06 05:00:00,,,,,,,,,,,,,,,,
2022-11-06 05:00:00,2022-11-06 06:00:00,,,,,,,,,,,,,,,,
2022-11-06 06:00:00,2022-11-06 07:00:00,,,,,,,,,,,,,,,,
2022-11-06 07:00:00,2022-11-06 08:00:00,,,,,,,,,,,,,,,,
2022-11-06 08:00:00,2022-11-06 09:00:00,,,,,,,,,,,,,,,,
2022-11-06 09:00:00,2022-11-06 10:00:00,,,,,,,,,,,,,,,,
2022-11-06 10:00:00,2022-11-06 11:00:00,,,,,,,,,,,,,,,,
2022-11-06 11:00:00,2022-11-06 12:00:00,,,,,,,,,,,,,,,,
2022-11-06 12:00:00,2022-11-06 13:00:00,,,,,,,,,,,,,,,,
2022-11-06 13:00:00,2022-11-06 14:00:00,,,,,,,,,,,,,,,,
2022-11-06 14:00:00,2022-11-06 15:00:00,,,,,,,,,,,,,,,,
2022-11-06 15:00:00,2022-11-06 16:00:00,,,,,,,,,,,,,,,,
2022-11-06 16:00:00,2022-11-06 17:00:00,,,,,,,,,,,,,,,,
2022-11-06 17:00:00,2022-11-06 18:00:00,,,,,,,,,,,,,,,,
2022-11-06 18:00:00,2022-11-06 19:00:00,,,,,,,,,,,,,,,,
2022-11-06 19:00:00,2022-11-06 20:00:00,,,,,,,,,,,,,,,,
2022-11-06 20:00:00,2022-11-06 21:00:00,,,,,,,,,,,,,,,,
2022-11-06 21:00:00,2022-11-06 22:00:00,,,,,,,,,,,,,,,,
2022-11-06 22:00:00,2022-11-06 23:00:00,,,,,,,,,,,,,,,,
2022-11-06 23:00:00,2022-11-07 00:00:00,,,,,,,,,,,,,,,,
2022-11-07 00:00:00,2022-11-07 01:00:00,,,,,,,,,,,,,,,,
2022-11-07 01:00:00,2022-11-07 02:00:00,,,,,,,,,,,,,,,,
2022-11-07 02:00:00,2022-11-07 03:00:00,,,,,,,,,,,,,,,,
2022-11-07 03:00:00,2022-11-07 04:00:00,,,,,,,,,,,,,,,,
2022-11-07 04:00:00,2022-11-07 05:00:00,,,,,,,,,,,,,,,,
2022-11-07 05:00:00,2022-11-07 06:00:00,,,,,,,,,,,,,,,,
2022-11-07 06:00:00,2022-11-07 07:00:00,,,,,,,,,,,,,,,,
2022-11-07 07:00:00,2022-11-07 08:00:00,,,,,,,,,,,,,,,,
2022-11-07 08:00:00,2022-11-07 09:00:00,,,,,,,,,,,,,,,,
2022-11-07 09:00:00,2022-11-07 10:00:00,,,,,,,,,,,,,,,,
2022-11-07 10:00:00,2022-11-07 11:00:00,,,,,,,,,,,,,,,,
2022-11-07 11:00:00,2022-11-07 12:00:00,,,,,,,,,,,,,,,,
2022-11-07 12:00:00,2022-11-07 13:00:00,,,,,,,,,,,,,,,,
2022-11-07 13:00:00,2022-11-07 14:00:00,,,,,,,,,,,,,,,,
2022-11-07 14:00:00,2022-11-07 15:00:00,,,,,,,,,,,,,,,,
2022-11-07 15:00:00,2022-11-07 16:00:00,,,,,,,,,,,,,,,,
2022-11-07 16:00:00,2022-11-07 17:00:00,,,,,,,,,,,,,,,,
2022-11-07 17:00:00,2022-11-07 18:00:00,,,,,,,,,,,,,,,,
2022-11-07 18:00:00,2022-11-07 19:00:00,,,,,,,,,,,,,,,,
2022-11-07 19:00:00,2022-11-07 20:00:00,,,,,,,,,,,,,,,,
2022-11-07 20:00:00,2022-11-07 21:00:00,,,,,,,,,,,,,,,,
2022-11-07 21:00:00,2022-11-07 22:00:00,,,,,,,,,,,,,,,,
2022-11-07 22:00:00,2022-11-07 23:00:00,,,,,,,,,,,,,,,,
2022-11-07 23:00:00,2022-11-08 00:00:00,,,,,,,,,,,,,,,,
2022-11-08 00:00:00,2022-11-08 01:00:00,,,,,,,,,,,,,,,,
2022-11-08 01:00:00,2022-11-08 02:00:00,,,,,,,,,,,,,,,,
2022-11-08 02:00:00,2022-11-08 03:00:00,,,,,,,,,,,,,,,,
2022-11-08 03:00:00,2022-11-08 04:00:00,,,,,,,,,,,,,,,,
2022-11-08 04:00:00,2022-11-08 05:00:00,,,,,,,,,,,,,,,,
2022-11-08 05:00:00,2022-11-08 06:00:00,,,,,,,,,,,,,,,,
2022-11-08 06:00:00,2022-11-08 07:00:00,,,,,,,,,,,,,,,,
2022-11-08 07:00:00,2022-11-08 08:00:00,,,,,,,,,,,,,,,,
2022-11-08 08:00:00,2022-11-08 09:00:00,,,,,,,,,,,,,,,,
2022-11-08 09:00:00,2022-11-08 10:00:00,,,,,,,,,,,,,,,,
2022-11-08 10:00:00,2022-11-08 11:00:00,,,,,,,,,,,,,,,,
2022-11-08 11:00:00,2022-11-08 12:00:00,,,,,,,,,,,,,,,,
2022-11-08 12:00:00,2022-11-08 13:00:00,,,,,,,,,,,,,,,,
2022-11-08 13:00:00,2022-11-08 14:00:00,,,,,,,,,,,,,,,,
2022-11-08 14:00:00,2022-11-08 15:00:00,,,,,,,,,,,,,,,,
2022-11-08 15:00:00,2022-11-08 16:00:00,,,,,,,,,,,,,,,,
2022-11-08 16:00:00,2022-11-08 17:00:00,,,,,,,,,,,,,,,,
2022-11-08 17:00:00,2022-11-08 18:00:00,,,,,,,,,,,,,,,,
2022-11-08 18:00:00,2022-11-08 19:00:00,,,,,,,,,,,,,,,,
2022-11-08 19:00:00,2022-11-08 20:00:00,,,,,,,,,,,,,,,,
2022-11-08 20:00:00,2022-11-08 21:00:00,,,,,,,,,,,,,,,,
2022-11-08 21:00:00,2022-11-08 22:00:00,,,,,,,,,,,,,,,,
2022-11-08 22:00:00,2022-11-08 23:00:00,,,,,,,,,,,,,,,,
2022-11-08 23:00:00,2022-11-09 00:00:00,,,,,,,,,,,,,,,,
2022-11-09 00:00:00,2022-11-09 01:00:00,,,,,,,,,,,,,,,,
2022-11-09 01:00:00,2022-11-09 02:00:00,,,,,,,,,,,,,,,,
2022-11-09 02:00:00,2022-11-09 03:00:00,,,,,,,,,,,,,,,,
2022-11-09 03:00:00,2022-11-09 04:00:00,,,,,,,,,,,,,,,,
2022-11-09 04:00:00,2022-11-09 05:00:00,,,,,,,,,,,,,,,,
2022-11-09 05:00:00,2022-11-09 06:00:00,,,,,,,,,,,,,,,,
2022-11-09 06:00:00,2022-11-09 07:00:00,,,,,,,,,,,,,,,,
2022-11-09 07:00:00,2022-11-09 08:00:00,,,,,,,,,,,,,,,,
2022-11-09 08:00:00,2022-11-09 09:00:00,,,,,,,,,,,,,,,,
2022-11-09 09:00:00,2022-11-09 10:00:00,,,,,,,,,,,,,,,,
2022-11-09 10:00:00,2022-11-09 11:00:00,,,,,,,,,,,,,,,,
2022-11-09 11:00:00,2022-11-09 12:00:00,,,,,,,,,,,,,,,,
2022-11-09 12:00:00,2022-11-09 13:00:00,,,,,,,,,,,,,,,,
2022-11-09 13:00:00,2022-11-09 14:00:00,,,,,,,,,,,,,,,,
2022-11-09 14:00:00,2022-11-09 15:00:00,,,,,,,,,,,,,,,,
2022-11-09 15:00:00,2022-11-09 16:00:00,,,,,,,,,,,,,,,,
2022-11-09 16:00:00,2022-11-09 17:00:00,,,,,,,,,,,,,,,,
2022-11-09 17:00:00,2022-11-09 18:00:00,,,,,,,,,,,,,,,,
2022-11-09 18:00:00,2022-11-09 19:00:00,,,,,,,,,,,,,,,,
2022-11-09 19:00:00,2022-11-09 20:00:00,,,,,,,,,,,,,,,,
2022-11-09 20:00:00,2022-11-09 21:00:00,,,,,,,,,,,,,,,,
2022-11-09 21:00:00,2022-11-09 22:00:00,,,,,,,,,,,,,,,,
2022-11-09 22:00:00,2022-11-09 23:00:00,,,,,,,,,,,,,,,,
2022-11-09 23:00:00,2022-11-10 00:00:00,,,,,,,,,,,,,,,,
2022-11-10 00:00:00,2022-11-10 01:00:00,,,,,,,,,,,,,,,,
2022-11-10 01:00:00,2022-11-10 02:00:00,,,,,,,,,,,,,,,,
2022-11-10 02:00:00,2022-11-10 03:00:00,,,,,,,,,,,,,,,,
2022-11-10 03:00:00,2022-11-10 04:00:00,,,,,,,,,,,,,,,,
2022-11-10 04:00:00,2022-11-10 05:00:00,,,,,,,,,,,,,,,,
2022-11-10 05:00:00,2022-11-10 06:00:00,,,,,,,,,,,,,,,,
2022-11-10 06:00:00,2022-11-10 07:00:00,,,,,,,,,,,,,,,,
2022-11-10 07:00:00,2022-11-10 08:00:00,,,,,,,,,,,,,,,,
2022-11-10 08:00:00,2022-11-10 09:00:00,,,,,,,,,,,,,,,,
2022-11-10 09:00:00,2022-11-10 10:00:00,,,,,,,,,,,,,,,,
2022-11-10 10:00:00,2022-11-10 11:00:00,,,,,,,,,,,,,,,,
2022-11-10 11:00:00,2022-11-10 12:00:00,,,,,,,,,,,,,,,,
2022-11-10 12:00:00,2022-11-10 13:00:00,,,,,,,,,,,,,,,,
2022-11-10 13:00:00,2022-11-10 14:00:00,,,,,,,,,,,,,,,,
2022-11-10 14:00:00,2022-11-10 15:00:00,,,,,,,,,,,,,,,,
2022-11-10 15:00:00,2022-11-10 16:00:00,,,,,,,,,,,,,,,,
2022-11-10 16:00:00,2022-11-10 17:00:00,,,,,,,,,,,,,,,,
2022-11-10 17:00:00,2022-11-10 18:00:00,,,,,,,,,,,,,,,,
2022-11-10 18:00:00,2022-11-10 19:00:00,,,,,,,,,,,,,,,,
2022-11-10 19:00:00,2022-11-10 20:00:00,,,,,,,,,,,,,,,,
2022-11-10 20:00:00,2022-11-10 21:00:00,,,,,,,,,,,,,,,,
2022-11-10 21:00:00,2022-11-10 22:00:00,,,,,,,,,,,,,,,,
2022-11-10 22:00:00,2022-11-10 23:00:00,,,,,,,,,,,,,,,,
2022-11-10 23:00:00,2022-11-11 00:00:00,,,,,,,,,,,,,,,,
2022-11-11 00:00:00,2022-11-11 01:00:00,,,,,,,,,,,,,,,,
2022-11-11 01:00:00,2022-11-11 02:00:00,,,,,,,,,,,,,,,,
2022-11-11 02:00:00,2022-11-11 03:00:00,,,,,,,,,,,,,,,,
2022-11-11 03:00:00,2022-11-11 04:00:00,,,,,,,,,,,,,,,,
2022-11-11 04:00:00,2022-11-11 05:00:00,,,,,,,,,,,,,,,,
2022-11-11 05:00:00,2022-11-11 06:00:00,,,,,,,,,,,,,,,,
2022-11-11 06:00:00,2022-11-11 07:00:00,,,,,,,,,,,,,,,,
2022-11-11 07:00:00,2022-11-11 08:00:00,,,,,,,,,,,,,,,,
2022-11-11 08:00:00,2022-11-11 09:00:00,,,,,,,,,,,,,,,,
2022-11-11 09:00:00,2022-11-11 10:00:00,,,,,,,,,,,,,,,,
2022-11-11 10:00:00,2022-11-11 11:00:00,,,,,,,,,,,,,,,,
2022-11-11 11:00:00,2022-11-11 12:00:00,,,,,,,,,,,,,,,,
2022-11-11 12:00:00,2022-11-11 13:00:00,,,,,,,,,,,,,,,,
2022-11-11 13:00:00,2022-11-11 14:00:00,,,,,,,,,,,,,,,,
2022-11-11 14:00:00,2022-11-11 15:00:00,,,,,,,,,,,,,,,,
2022-11-11 15:00:00,2022-11-11 16:00:00,,,,,,,,,,,,,,,,
2022-11-11 16:00:00,2022-11-11 17:00:00,,,,,,,,,,,,,,,,
2022-11-11 17:00:00,2022-11-11 18:00:00,,,,,,,,,,,,,,,,
2022-11-11 18:00:00,2022-11-11 19:00:00,,,,,,,,,,,,,,,,
2022-11-11 19:00:00,2022-11-11 20:00:00,,,,,,,,,,,,,,,,
2022-11-11 20:00:00,2022-11-11 21:00:00,,,,,,,,,,,,,,,,
2022-11-11 21:00:00,2022-11-11 22:00:00,,,,,,,,,,,,,,,,
2022-11-11 22:00:00,2022-11-11 23:00:00,,,,,,,,,,,,,,,,
2022-11-11 23:00:00,2022-11-12 00:00:00,,,,,,,,,,,,,,,,
2022-11-12 00:00:00,2022-11-12 01:00:00,,,,,,,,,,,,,,,,
2022-11-12 01:00:00,2022-11-12 02:00:00,,,,,,,,,,,,,,,,
2022-11-12 02:00:00,2022-11-12 03:00:00,,,,,,,,,,,,,,,,
2022-11-12 03:00:00,2022-11-12 04:00:00,,,,,,,,,,,,,,,,
2022-11-12 04:00:00,2022-11-12 05:00:00,,,,,,,,,,,,,,,,
2022-11-12 05:00:00,2022-11-12 06:00:00,,,,,,,,,,,,,,,,
2022-11-12 06:00:00,2022-11-12 07:00:00,,,,,,,,,,,,,,,,
2022-11-12 07:00:00,2022-11-12 08:00:00,,,,,,,,,,,,,,,,
2022-11-12 08:00:00,2022-11-12 09:00:00,,,,,,,,,,,,,,,,
2022-11-12 09:00:00,2022-11-12 10:00:00,,,,,,,,,,,,,,,,
2022-11-12 10:00:00,2022-11-12 11:00:00,,,,,,,,,,,,,,,,
2022-11-12 11:00:00,2022-11-12 12:00:00,,,,,,,,,,,,,,,,
2022-11-12 12:00:00,2022-11-12 13:00:00,,,,,,,,,,,,,,,,
2022-11-12 13:00:00,2022-11-12 14:00:00,,,,,,,,,,,,,,,,
2022-11-12 14:00:00,2022-11-12 15:00:00,,,,,,,,,,,,,,,,
2022-11-12 15:00:00,2022-11-12 16:00:00,,,,,,,,,,,,,,,,
2022-11-12 16:00:00,2022-11-12 17:00:00,,,,,,,,,,,,,,,,
2022-11-12 17:00:00,2022-11-12 18:00:00,,,,,,,,,,,,,,,,
2022-11-12 18:00:00,2022-11-12 19:00:00,,,,,,,,,,,,,,,,
2022-11-12 19:00:00,2022-11-12 20:00:00,,,,,,,,,,,,,,,,
2022-11-12 20:00:00,2022-11-12 21:00:00,,,,,,,,,,,,,,,,
2022-11-12 21:00:00,2022-11-12 22:00:00,,,,,,,,,,,,,,,,
2022-11-12 22:00:00,2022-11-12 23:00:00,,,,,,,,,,,,,,,,
2022-11-12 23:00:00,2022-11-13 00:00:00,,,,,,,,,,,,,,,,
2022-11-13 00:00:00,2022-11-13 01:00:00,,,,,,,,,,,,,,,,
2022-11-13 01:00:00,2022-11-13 02:00:00,,,,,,,,,,,,,,,,
2022-11-13 02:00:00,2022-11-13 03:00:00,,,,,,,,,,,,,,,,
2022-11-13 03:00:00,2022-11-13 04:00:00,,,,,,,,,,,,,,,,
2022-11-13 04:00:00,2022-11-13 05:00:00,,,,,,,,,,,,,,,,
2022-11-13 05:00:00,2022-11-13 06:00:00,,,,,,,,,,,,,,,,
2022-11-13 06:00:00,2022-11-13 07:00:00,,,,,,,,,,,,,,,,
2022-11-13 07:00:00,2022-11-13 08:00:00,,,,,,,,,,,,,,,,
2022-11-13 08:00:00,2022-11-13 09:00:00,,,,,,,,,,,,,,,,
2022-11-13 09:00:00,2022-11-13 10:00:00,,,,,,,,,,,,,,,,
2022-11-13 10:00:00,2022-11-13 11:00:00,,,,,,,,,,,,,,,,
2022-11-13 11:00:00,2022-11-13 12:00:00,,,,,,,,,,,,,,,,
2022-11-13 12:00:00,2022-11-13 13:00:00,,,,,,,,,,,,,,,,
2022-11-13 13:00:00,2022-11-13 14:00:00,,,,,,,,,,,,,,,,
2022-11-13 14:00:00,2022-11-13 15:00:00,,,,,,,,,,,,,,,,
2022-11-13 15:00:00,2022-11-13 16:00:00,,,,,,,,,,,,,,,,
2022-11-13 16:00:00,2022-11-13 17:00:00,,,,,,,,,,,,,,,,
2022-11-13 17:00:00,2022-11-13 18:00:00,,,,,,,,,,,,,,,,
2022-11-13 18:00:00,2022-11-13 19:00:00,,,,,,,,,,,,,,,,
2022-11-13 19:00:00,2022-11-13 20:00:00,,,,,,,,,,,,,,,,
2022-11-13 20:00:00,2022-11-13 21:00:00,,,,,,,,,,,,,,,,
2022-11-13 21:00:00,2022-11-13 22:00:00,,,,,,,,,,,,,,,,
2022-11-13 22:00:00,2022-11-13 23:00:00,,,,,,,,,,,,,,,,
2022-11-13 23:00:00,2022-11-14 00:00:00,,,,,,,,,,,,,,,,
2022-11-14 00:00:00,2022-11-14 01:00:00,,,,,,,,,,,,,,,,
2022-11-14 01:00:00,2022-11-14 02:00:00,,,,,,,,,,,,,,,,
2022-11-14 02:00:00,2022-11-14 03:00:00,,,,,,,,,,,,,,,,
2022-11-14 03:00:00,2022-11-14 04:00:00,,,,,,,,,,,,,,,,
2022-11-14 04:00:00,2022-11-14 05:00:00,,,,,,,,,,,,,,,,
2022-11-14 05:00:00,2022-11-14 06:00:00,,,,,,,,,,,,,,,,
2022-11-14 06:00:00,2022-11-14 07:00:00,,,,,,,,,,,,,,,,
2022-11-14 07:00:00,2022-11-14 08:00:00,,,,,,,,,,,,,,,,
2022-11-14 08:00:00,2022-11-14 09:00:00,,,,,,,,,,,,,,,,
2022-11-14 09:00:00,2022-11-14 10:00:00,,,,,,,,,,,,,,,,
2022-11-14 10:00:00,2022-11-14 11:00:00,,,,,,,,,,,,,,,,
2022-11-14 11:00:00,2022-11-14 12:00:00,,,,,,,,,,,,,,,,
2022-11-14 12:00:00,2022-11-14 13:00:00,,,,,,,,,,,,,,,,
2022-11-14 13:00:00,2022-11-14 14:00:00,,,,,,,,,,,,,,,,
2022-11-14 14:00:00,2022-11-14 15:00:00,,,,,,,,,,,,,,,,
2022-11-14 15:00:00,2022-11-14 16:00:00,,,,,,,,,,,,,,,,
2022-11-14 16:00:00,2022-11-14 17:00:00,,,,,,,,,,,,,,,,
2022-11-14 17:00:00,2022-11-14 18:00:00,,,,,,,,,,,,,,,,
2022-11-14 18:00:00,2022-11-14 19:00:00,,,,,,,,,,,,,,,,
2022-11-14 19:00:00,2022-11-14 20:00:00,,,,,,,,,,,,,,,,
2022-11-14 20:00:00,2022-11-14 21:00:00,,,,,,,,,,,,,,,,
2022-11-14 21:00:00,2022-11-14 22:00:00,,,,,,,,,,,,,,,,
2022-11-14 22:00:00,2022-11-14 23:00:00,,,,,,,,,,,,,,,,
2022-11-14 23:00:00,2022-11-15 00:00:00,,,,,,,,,,,,,,,,
2022-11-15 00:00:00,2022-11-15 01:00:00,,,,,,,,,,,,,,,,
2022-11-15 01:00:00,2022-11-15 02:00:00,,,,,,,,,,,,,,,,
2022-11-15 02:00:00,2022-11-15 03:00:00,,,,,,,,,,,,,,,,
2022-11-15 03:00:00,2022-11-15 04:00:00,,,,,,,,,,,,,,,,
2022-11-15 04:00:00,2022-11-15 05:00:00,,,,,,,,,,,,,,,,
2022-11-15 05:00:00,2022-11-15 06:00:00,,,,,,,,,,,,,,,,
2022-11-15 06:00:00,2022-11-15 07:00:00,,,,,,,,,,,,,,,,
2022-11-15 07:00:00,2022-11-15 08:00:00,,,,,,,,,,,,,,,,
2022-11-15 08:00:00,2022-11-15 09:00:00,,,,,,,,,,,,,,,,
2022-11-15 09:00:00,2022-11-15 10:00:00,,,,,,,,,,,,,,,,
2022-11-15 10:00:00,2022-11-15 11:00:00,,,,,,,,,,,,,,,,
2022-11-15 11:00:00,2022-11-15 12:00:00,,,,,,,,,,,,,,,,
2022-11-15 12:00:00,2022-11-15 13:00:00,,,,,,,,,,,,,,,,
2022-11-15 13:00:00,2022-11-15 14:00:00,,,,,,,,,,,,,,,,
2022-11-15 14:00:00,2022-11-15 15:00:00,,,,,,,,,,,,,,,,
2022-11-15 15:00:00,2022-11-15 16:00:00,,,,,,,,,,,,,,,,
2022-11-15 16:00:00,2022-11-15 17:00:00,,,,,,,,,,,,,,,,
2022-11-15 17:00:00,2022-11-15 18:00:00,,,,,,,,,,,,,,,,
2022-11-15 18:00:00,2022-11-15 19:00:00,,,,,,,,,,,,,,,,
2022-11-15 19:00:00,2022-11-15 20:00:00,,,,,,,,,,,,,,,,
2022-11-15 20:00:00,2022-11-15 21:00:00,,,,,,,,,,,,,,,,
2022-11-15 21:00:00,2022-11-15 22:00:00,,,,,,,,,,,,,,,,
2022-11-15 22:00:00,2022-11-15 23:00:00,,,,,,,,,,,,,,,,
2022-11-15 23:00:00,2022-11-16 00:00:00,,,,,,,,,,,,,,,,
2022-11-16 00:00:00,2022-11-16 01:00:00,,,,,,,,,,,,,,,,
2022-11-16 01:00:00,2022-11-16 02:00:00,,,,,,,,,,,,,,,,
2022-11-16 02:00:00,2022-11-16 03:00:00,,,,,,,,,,,,,,,,
2022-11-16 03:00:00,2022-11-16 04:00:00,,,,,,,,,,,,,,,,
2022-11-16 04:00:00,2022-11-16 05:00:00,,,,,,,,,,,,,,,,
2022-11-16 05:00:00,2022-11-16 06:00:00,,,,,,,,,,,,,,,,
2022-11-16 06:00:00,2022-11-16 07:00:00,,,,,,,,,,,,,,,,
2022-11-16 07:00:00,2022-11-16 08:00:00,,,,,,,,,,,,,,,,
2022-11-16 08:00:00,2022-11-16 09:00:00,,,,,,,,,,,,,,,,
2022-11-16 09:00:00,2022-11-16 10:00:00,,,,,,,,,,,,,,,,
2022-11-16 10:00:00,2022-11-16 11:00:00,,,,,,,,,,,,,,,,
2022-11-16 11:00:00,2022-11-16 12:00:00,,,,,,,,,,,,,,,,
2022-11-16 12:00:00,2022-11-16 13:00:00,,,,,,,,,,,,,,,,
2022-11-16 13:00:00,2022-11-16 14:00:00,,,,,,,,,,,,,,,,
2022-11-16 14:00:00,2022-11-16 15:00:00,,,,,,,,,,,,,,,,
2022-11-16 15:00:00,2022-11-16 16:00:00,,,,,,,,,,,,,,,,
2022-11-16 16:00:00,2022-11-16 17:00:00,,,,,,,,,,,,,,,,
2022-11-16 17:00:00,2022-11-16 18:00:00,,,,,,,,,,,,,,,,
2022-11-16 18:00:00,2022-11-16 19:00:00,,,,,,,,,,,,,,,,
2022-11-16 19:00:00,2022-11-16 20:00:00,,,,,,,,,,,,,,,,
2022-11-16 20:00:00,2022-11-16 21:00:00,,,,,,,,,,,,,,,,
2022-11-16 21:00:00,2022-11-16 22:00:00,,,,,,,,,,,,,,,,
2022-11-16 22:00:00,2022-11-16 23:00:00,,,,,,,,,,,,,,,,
2022-11-16 23:00:00,2022-11-17 00:00:00,,,,,,,,,,,,,,,,
2022-11-17 00:00:00,2022-11-17 01:00:00,,,,,,,,,,,,,,,,
2022-11-17 01:00:00,2022-11-17 02:00:00,,,,,,,,,,,,,,,,
2022-11-17 02:00:00,2022-11-17 03:00:00,,,,,,,,,,,,,,,,
2022-11-17 03:00:00,2022-11-17 04:00:00,,,,,,,,,,,,,,,,
2022-11-17 04:00:00,2022-11-17 05:00:00,,,,,,,,,,,,,,,,
2022-11-17 05:00:00,2022-11-17 06:00:00,,,,,,,,,,,,,,,,
2022-11-17 06:00:00,2022-11-17 07:00:00,,,,,,,,,,,,,,,,
2022-11-17 07:00:00,2022-11-17 08:00:00,,,,,,,,,,,,,,,,
2022-11-17 08:00:00,2022-11-17 09:00:00,,,,,,,,,,,,,,,,
2022-11-17 09:00:00,2022-11-17 10:00:00,,,,,,,,,,,,,,,,
2022-11-17 10:00:00,2022-11-17 11:00:00,,,,,,,,,,,,,,,,
2022-11-17 11:00:00,2022-11-17 12:00:00,,,,,,,,,,,,,,,,
2022-11-17 12:00:00,2022-11-17 13:00:00,,,,,,,,,,,,,,,,
2022-11-17 13:00:00,2022-11-17 14:00:00,,,,,,,,,,,,,,,,
2022-11-17 14:00:00,2022-11-17 15:00:00,,,,,,,,,,,,,,,,
2022-11-17 15:00:00,2022-11-17 16:00:00,,,,,,,,,,,,,,,,
2022-11-17 16:00:00,2022-11-17 17:00:00,,,,,,,,,,,,,,,,
2022-11-17 17:00:00,2022-11-17 18:00:00,,,,,,,,,,,,,,,,
2022-11-17 18:00:00,2022-11-17 19:00:00,,,,,,,,,,,,,,,,
2022-11-17 19:00:00,2022-11-17 20:00:00,,,,,,,,,,,,,,,,
2022-11-17 20:00:00,2022-11-17 21:00:00,,,,,,,,,,,,,,,,
2022-11-17 21:00:00,2022-11-17 22:00:00,,,,,,,,,,,,,,,,
2022-11-17 22:00:00,2022-11-17 23:00:00,,,,,,,,,,,,,,,,
2022-11-17 23:00:00,2022-11-18 00:00:00,,,,,,,,,,,,,,,,
2022-11-18 00:00:00,2022-11-18 01:00:00,,,,,,,,,,,,,,,,
2022-11-18 01:00:00,2022-11-18 02:00:00,,,,,,,,,,,,,,,,
2022-11-18 02:00:00,2022-11-18 03:00:00,,,,,,,,,,,,,,,,
2022-11-18 03:00:00,2022-11-18 04:00:00,,,,,,,,,,,,,,,,
2022-11-18 04:00:00,2022-11-18 05:00:00,,,,,,,,,,,,,,,,
2022-11-18 05:00:00,2022-11-18 06:00:00,,,,,,,,,,,,,,,,
2022-11-18 06:00:00,2022-11-18 07:00:00,,,,,,,,,,,,,,,,
2022-11-18 07:00:00,2022-11-18 08:00:00,,,,,,,,,,,,,,,,
2022-11-18 08:00:00,2022-11-18 09:00:00,,,,,,,,,,,,,,,,
2022-11-18 09:00:00,2022-11-18 10:00:00,,,,,,,,,,,,,,,,
2022-11-18 10:00:00,2022-11-18 11:00:00,,,,,,,,,,,,,,,,
2022-11-18 11:00:00,2022-11-18 12:00:00,,,,,,,,,,,,,,,,
2022-11-18 12:00:00,2022-11-18 13:00:00,,,,,,,,,,,,,,,,
2022-11-18 13:00:00,2022-11-18 14:00:00,,,,,,,,,,,,,,,,
2022-11-18 14:00:00,2022-11-18 15:00:00,,,,,,,,,,,,,,,,
2022-11-18 15:00:00,2022-11-18 16:00:00,,,,,,,,,,,,,,,,
2022-11-18 16:00:00,2022-11-18 17:00:00,,,,,,,,,,,,,,,,
2022-11-18 17:00:00,2022-11-18 18:00:00,,,,,,,,,,,,,,,,
2022-11-18 18:00:00,2022-11-18 19:00:00,,,,,,,,,,,,,,,,
2022-11-18 19:00:00,2022-11-18 20:00:00,,,,,,,,,,,,,,,,
2022-11-18 20:00:00,2022-11-18 21:00:00,,,,,,,,,,,,,,,,
2022-11-18 21:00:00,2022-11-18 22:00:00,,,,,,,,,,,,,,,,
2022-11-18 22:00:00,2022-11-18 23:00:00,,,,,,,,,,,,,,,,
2022-11-18 23:00:00,2022-11-19 00:00:00,,,,,,,,,,,,,,,,
2022-11-19 00:00:00,2022-11-19 01:00:00,,,,,,,,,,,,,,,,
2022-11-19 01:00:00,2022-11-19 02:00:00,,,,,,,,,,,,,,,,
2022-11-19 02:00:00,2022-11-19 03:00:00,,,,,,,,,,,,,,,,
2022-11-19 03:00:00,2022-11-19 04:00:00,,,,,,,,,,,,,,,,
2022-11-19 04:00:00,2022-11-19 05:00:00,,,,,,,,,,,,,,,,
2022-11-19 05:00:00,2022-11-19 06:00:00,,,,,,,,,,,,,,,,
2022-11-19 06:00:00,2022-11-19 07:00:00,,,,,,,,,,,,,,,,
2022-11-19 07:00:00,2022-11-19 08:00:00,,,,,,,,,,,,,,,,
2022-11-19 08:00:00,2022-11-19 09:00:00,,,,,,,,,,,,,,,,
2022-11-19 09:00:00,2022-11-19 10:00:00,,,,,,,,,,,,,,,,
2022-11-19 10:00:00,2022-11-19 11:00:00,,,,,,,,,,,,,,,,
2022-11-19 11:00:00,2022-11-19 12:00:00,,,,,,,,,,,,,,,,
2022-11-19 12:00:00,2022-11-19 13:00:00,,,,,,,,,,,,,,,,
2022-11-19 13:00:00,2022-11-19 14:00:00,,,,,,,,,,,,,,,,
2022-11-19 14:00:00,2022-11-19 15:00:00,,,,,,,,,,,,,,,,
2022-11-19 15:00:00,2022-11-19 16:00:00,,,,,,,,,,,,,,,,
2022-11-19 16:00:00,2022-11-19 17:00:00,,,,,,,,,,,,,,,,
2022-11-19 17:00:00,2022-11-19 18:00:00,,,,,,,,,,,,,,,,
2022-11-19 18:00:00,2022-11-19 19:00:00,,,,,,,,,,,,,,,,
2022-11-19 19:00:00,2022-11-19 20:00:00,,,,,,,,,,,,,,,,
2022-11-19 20:00:00,2022-11-19 21:00:00,,,,,,,,,,,,,,,,
2022-11-19 21:00:00,2022-11-19 22:00:00,,,,,,,,,,,,,,,,
2022-11-19 22:00:00,2022-11-19 23:00:00,,,,,,,,,,,,,,,,
2022-11-19 23:00:00,2022-11-20 00:00:00,,,,,,,,,,,,,,,,
2022-11-20 00:00:00,2022-11-20 01:00:00,,,,,,,,,,,,,,,,
2022-11-20 01:00:00,2022-11-20 02:00:00,,,,,,,,,,,,,,,,
2022-11-20 02:00:00,2022-11-20 03:00:00,,,,,,,,,,,,,,,,
2022-11-20 03:00:00,2022-11-20 04:00:00,,,,,,,,,,,,,,,,
2022-11-20 04:00:00,2022-11-20 05:00:00,,,,,,,,,,,,,,,,
2022-11-20 05:00:00,2022-11-20 06:00:00,,,,,,,,,,,,,,,,
2022-11-20 06:00:00,2022-11-20 07:00:00,,,,,,,,,,,,,,,,
2022-11-20 07:00:00,2022-11-20 08:00:00,,,,,,,,,,,,,,,,
2022-11-20 08:00:00,2022-11-20 09:00:00,,,,,,,,,,,,,,,,
2022-11-20 09:00:00,2022-11-20 10:00:00,,,,,,,,,,,,,,,,
2022-11-20 10:00:00,2022-11-20 11:00:00,,,,,,,,,,,,,,,,
2022-11-20 11:00:00,2022-11-20 12:00:00,,,,,,,,,,,,,,,,
2022-11-20 12:00:00,2022-11-20 13:00:00,,,,,,,,,,,,,,,,
2022-11-20 13:00:00,2022-11-20 14:00:00,,,,,,,,,,,,,,,,
2022-11-20 14:00:00,2022-11-20 15:00:00,,,,,,,,,,,,,,,,
2022-11-20 15:00:00,2022-11-20 16:00:00,,,,,,,,,,,,,,,,
2022-11-20 16:00:00,2022-11-20 17:00:00,,,,,,,,,,,,,,,,
2022-11-20 17:00:00,2022-11-20 18:00:00,,,,,,,,,,,,,,,,
2022-11-20 18:00:00,2022-11-20 19:00:00,,,,,,,,,,,,,,,,
2022-11-20 19:00:00,2022-11-20 20:00:00,,,,,,,,,,,,,,,,
2022-11-20 20:00:00,2022-11-20 21:00:00,,,,,,,,,,,,,,,,
2022-11-20 21:00:00,2022-11-20 22:00:00,,,,,,,,,,,,,,,,
2022-11-20 22:00:00,2022-11-20 23:00:00,,,,,,,,,,,,,,,,
2022-11-20 23:00:00,2022-11-21 00:00:00,,,,,,,,,,,,,,,,
2022-11-21 00:00:00,2022-11-21 01:00:00,,,,,,,,,,,,,,,,
2022-11-21 01:00:00,2022-11-21 02:00:00,,,,,,,,,,,,,,,,
2022-11-21 02:00:00,2022-11-21 03:00:00,,,,,,,,,,,,,,,,
2022-11-21 03:00:00,2022-11-21 04:00:00,,,,,,,,,,,,,,,,
2022-11-21 04:00:00,2022-11-21 05:00:00,,,,,,,,,,,,,,,,
2022-11-21 05:00:00,2022-11-21 06:00:00,,,,,,,,,,,,,,,,
2022-11-21 06:00:00,2022-11-21 07:00:00,,,,,,,,,,,,,,,,
2022-11-21 07:00:00,2022-11-21 08:00:00,,,,,,,,,,,,,,,,
2022-11-21 08:00:00,2022-11-21 09:00:00,,,,,,,,,,,,,,,,
2022-11-21 09:00:00,2022-11-21 10:00:00,,,,,,,,,,,,,,,,
2022-11-21 10:00:00,2022-11-21 11:00:00,,,,,,,,,,,,,,,,
2022-11-21 11:00:00,2022-11-21 12:00:00,,,,,,,,,,,,,,,,
2022-11-21 12:00:00,2022-11-21 13:00:00,,,,,,,,,,,,,,,,
2022-11-21 13:00:00,2022-11-21 14:00:00,,,,,,,,,,,,,,,,
2022-11-21 14:00:00,2022-11-21 15:00:00,,,,,,,,,,,,,,,,
2022-11-21 15:00:00,2022-11-21 16:00:00,,,,,,,,,,,,,,,,
2022-11-21 16:00:00,2022-11-21 17:00:00,,,,,,,,,,,,,,,,
2022-11-21 17:00:00,2022-11-21 18:00:00,,,,,,,,,,,,,,,,
2022-11-21 18:00:00,2022-11-21 19:00:00,,,,,,,,,,,,,,,,
2022-11-21 19:00:00,2022-11-21 20:00:00,,,,,,,,,,,,,,,,
2022-11-21 20:00:00,2022-11-21 21:00:00,,,,,,,,,,,,,,,,
2022-11-21 21:00:00,2022-11-21 22:00:00,,,,,,,,,,,,,,,,
2022-11-21 22:00:00,2022-11-21 23:00:00,,,,,,,,,,,,,,,,
2022-11-21 23:00:00,2022-11-22 00:00:00,,,,,,,,,,,,,,,,
2022-11-22 00:00:00,2022-11-22 01:00:00,,,,,,,,,,,,,,,,
2022-11-22 01:00:00,2022-11-22 02:00:00,,,,,,,,,,,,,,,,
2022-11-22 02:00:00,2022-11-22 03:00:00,,,,,,,,,,,,,,,,
2022-11-22 03:00:00,2022-11-22 04:00:00,,,,,,,,,,,,,,,,
2022-11-22 04:00:00,2022-11-22 05:00:00,,,,,,,,,,,,,,,,
2022-11-22 05:00:00,2022-11-22 06:00:00,,,,,,,,,,,,,,,,
2022-11-22 06:00:00,2022-11-22 07:00:00,,,,,,,,,,,,,,,,
2022-11-22 07:00:00,2022-11-22 08:00:00,,,,,,,,,,,,,,,,
2022-11-22 08:00:00,2022-11-22 09:00:00,,,,,,,,,,,,,,,,
2022-11-22 09:00:00,2022-11-22 10:00:00,,,,,,,,,,,,,,,,
2022-11-22 10:00:00,2022-11-22 11:00:00,,,,,,,,,,,,,,,,
2022-11-22 11:00:00,2022-11-22 12:00:00,,,,,,,,,,,,,,,,
2022-11-22 12:00:00,2022-11-22 13:00:00,,,,,,,,,,,,,,,,
2022-11-22 13:00:00,2022-11-22 14:00:00,,,,,,,,,,,,,,,,
2022-11-22 14:00:00,2022-11-22 15:00:00,,,,,,,,,,,,,,,,
2022-11-22 15:00:00,2022-11-22 16:00:00,,,,,,,,,,,,,,,,
2022-11-22 16:00:00,2022-11-22 17:00:00,,,,,,,,,,,,,,,,
2022-11-22 17:00:00,2022-11-22 18:00:00,,,,,,,,,,,,,,,,
2022-11-22 18:00:00,2022-11-22 19:00:00,,,,,,,,,,,,,,,,
2022-11-22 19:00:00,2022-11-22 20:00:00,,,,,,,,,,,,,,,,
2022-11-22 20:00:00,2022-11-22 21:00:00,,,,,,,,,,,,,,,,
2022-11-22 21:00:00,2022-11-22 22:00:00,,,,,,,,,,,,,,,,
2022-11-22 22:00:00,2022-11-22 23:00:00,,,,,,,,,,,,,,,,
2022-11-22 23:00:00,2022-11-23 00:00:00,,,,,,,,,,,,,,,,
2022-11-23 00:00:00,2022-11-23 01:00:00,,,,,,,,,,,,,,,,
2022-11-23 01:00:00,2022-11-23 02:00:00,,,,,,,,,,,,,,,,
2022-11-23 02:00:00,2022-11-23 03:00:00,,,,,,,,,,,,,,,,
2022-11-23 03:00:00,2022-11-23 04:00:00,,,,,,,,,,,,,,,,
2022-11-23 04:00:00,2022-11-23 05:00:00,,,,,,,,,,,,,,,,
2022-11-23 05:00:00,2022-11-23 06:00:00,,,,,,,,,,,,,,,,
2022-11-23 06:00:00,2022-11-23 07:00:00,,,,,,,,,,,,,,,,
2022-11-23 07:00:00,2022-11-23 08:00:00,,,,,,,,,,,,,,,,
2022-11-23 08:00:00,2022-11-23 09:00:00,,,,,,,,,,,,,,,,
2022-11-23 09:00:00,2022-11-23 10:00:00,,,,,,,,,,,,,,,,
2022-11-23 10:00:00,2022-11-23 11:00:00,,,,,,,,,,,,,,,,
2022-11-23 11:00:00,2022-11-23 12:00:00,,,,,,,,,,,,,,,,
2022-11-23 12:00:00,2022-11-23 13:00:00,,,,,,,,,,,,,,,,
2022-11-23 13:00:00,2022-11-23 14:00:00,,,,,,,,,,,,,,,,
2022-11-23 14:00:00,2022-11-23 15:00:00,,,,,,,,,,,,,,,,
2022-11-23 15:00:00,2022-11-23 16:00:00,,,,,,,,,,,,,,,,
2022-11-23 16:00:00,2022-11-23 17:00:00,,,,,,,,,,,,,,,,
2022-11-23 17:00:00,2022-11-23 18:00:00,,,,,,,,,,,,,,,,
2022-11-23 18:00:00,2022-11-23 19:00:00,,,,,,,,,,,,,,,,
2022-11-23 19:00:00,2022-11-23 20:00:00,,,,,,,,,,,,,,,,
2022-11-23 20:00:00,2022-11-23 21:00:00,,,,,,,,,,,,,,,,
2022-11-23 21:00:00,2022-11-23 22:00:00,,,,,,,,,,,,,,,,
2022-11-23 22:00:00,2022-11-23 23:00:00,,,,,,,,,,,,,,,,
2022-11-23 23:00:00,2022-11-24 00:00:00,,,,,,,,,,,,,,,,
2022-11-24 00:00:00,2022-11-24 01:00:00,,,,,,,,,,,,,,,,
2022-11-24 01:00:00,2022-11-24 02:00:00,,,,,,,,,,,,,,,,
2022-11-24 02:00:00,2022-11-24 03:00:00,,,,,,,,,,,,,,,,
2022-11-24 03:00:00,2022-11-24 04:00:00,,,,,,,,,,,,,,,,
2022-11-24 04:00:00,2022-11-24 05:00:00,,,,,,,,,,,,,,,,
2022-11-24 05:00:00,2022-11-24 06:00:00,,,,,,,,,,,,,,,,
2022-11-24 06:00:00,2022-11-24 07:00:00,,,,,,,,,,,,,,,,
2022-11-24 07:00:00,2022-11-24 08:00:00,,,,,,,,,,,,,,,,
2022-11-24 08:00:00,2022-11-24 09:00:00,,,,,,,,,,,,,,,,
2022-11-24 09:00:00,2022-11-24 10:00:00,,,,,,,,,,,,,,,,
2022-11-24 10:00:00,2022-11-24 11:00:00,,,,,,,,,,,,,,,,
2022-11-24 11:00:00,2022-11-24 12:00:00,,,,,,,,,,,,,,,,
2022-11-24 12:00:00,2022-11-24 13:00:00,,,,,,,,,,,,,,,,
2022-11-24 13:00:00,2022-11-24 14:00:00,,,,,,,,,,,,,,,,
2022-11-24 14:00:00,2022-11-24 15:00:00,,,,,,,,,,,,,,,,
2022-11-24 15:00:00,2022-11-24 16:00:00,,,,,,,,,,,,,,,,
2022-11-24 16:00:00,2022-11-24 17:00:00,,,,,,,,,,,,,,,,
2022-11-24 17:00:00,2022-11-24 18:00:00,,,,,,,,,,,,,,,,
2022-11-24 18:00:00,2022-11-24 19:00:00,,,,,,,,,,,,,,,,
2022-11-24 19:00:00,2022-11-24 20:00:00,,,,,,,,,,,,,,,,
2022-11-24 20:00:00,2022-11-24 21:00:00,,,,,,,,,,,,,,,,
2022-11-24 21:00:00,2022-11-24 22:00:00,,,,,,,,,,,,,,,,
2022-11-24 22:00:00,2022-11-24 23:00:00,,,,,,,,,,,,,,,,
2022-11-24 23:00:00,2022-11-25 00:00:00,,,,,,,,,,,,,,,,
2022-11-25 00:00:00,2022-11-25 01:00:00,,,,,,,,,,,,,,,,
2022-11-25 01:00:00,2022-11-25 02:00:00,,,,,,,,,,,,,,,,
2022-11-25 02:00:00,2022-11-25 03:00:00,,,,,,,,,,,,,,,,
2022-11-25 03:00:00,2022-11-25 04:00:00,,,,,,,,,,,,,,,,
2022-11-25 04:00:00,2022-11-25 05:00:00,,,,,,,,,,,,,,,,
2022-11-25 05:00:00,2022-11-25 06:00:00,,,,,,,,,,,,,,,,
2022-11-25 06:00:00,2022-11-25 07:00:00,,,,,,,,,,,,,,,,
2022-11-25 07:00:00,2022-11-25 08:00:00,,,,,,,,,,,,,,,,
2022-11-25 08:00:00,2022-11-25 09:00:00,,,,,,,,,,,,,,,,
2022-11-25 09:00:00,2022-11-25 10:00:00,,,,,,,,,,,,,,,,
2022-11-25 10:00:00,2022-11-25 11:00:00,,,,,,,,,,,,,,,,
2022-11-25 11:00:00,2022-11-25 12:00:00,,,,,,,,,,,,,,,,
2022-11-25 12:00:00,2022-11-25 13:00:00,,,,,,,,,,,,,,,,
2022-11-25 13:00:00,2022-11-25 14:00:00,,,,,,,,,,,,,,,,
2022-11-25 14:00:00,2022-11-25 15:00:00,,,,,,,,,,,,,,,,
2022-11-25 15:00:00,2022-11-25 16:00:00,,,,,,,,,,,,,,,,
2022-11-25 16:00:00,2022-11-25 17:00:00,,,,,,,,,,,,,,,,
2022-11-25 17:00:00,2022-11-25 18:00:00,,,,,,,,,,,,,,,,
2022-11-25 18:00:00,2022-11-25 19:00:00,,,,,,,,,,,,,,,,
2022-11-25 19:00:00,2022-11-25 20:00:00,,,,,,,,,,,,,,,,
2022-11-25 20:00:00,2022-11-25 21:00:00,,,,,,,,,,,,,,,,
2022-11-25 21:00:00,2022-11-25 22:00:00,,,,,,,,,,,,,,,,
2022-11-25 22:00:00,2022-11-25 23:00:00,,,,,,,,,,,,,,,,
2022-11-25 23:00:00,2022-11-26 00:00:00,,,,,,,,,,,,,,,,
2022-11-26 00:00:00,2022-11-26 01:00:00,,,,,,,,,,,,,,,,
2022-11-26 01:00:00,2022-11-26 02:00:00,,,,,,,,,,,,,,,,
2022-11-26 02:00:00,2022-11-26 03:00:00,,,,,,,,,,,,,,,,
2022-11-26 03:00:00,2022-11-26 04:00:00,,,,,,,,,,,,,,,,
2022-11-26 04:00:00,2022-11-26 05:00:00,,,,,,,,,,,,,,,,
2022-11-26 05:00:00,2022-11-26 06:00:00,,,,,,,,,,,,,,,,
2022-11-26 06:00:00,2022-11-26 07:00:00,,,,,,,,,,,,,,,,
2022-11-26 07:00:00,2022-11-26 08:00:00,,,,,,,,,,,,,,,,
2022-11-26 08:00:00,2022-11-26 09:00:00,,,,,,,,,,,,,,,,
2022-11-26 09:00:00,2022-11-26 10:00:00,,,,,,,,,,,,,,,,
2022-11-26 10:00:00,2022-11-26 11:00:00,,,,,,,,,,,,,,,,
2022-11-26 11:00:00,2022-11-26 12:00:00,,,,,,,,,,,,,,,,
2022-11-26 12:00:00,2022-11-26 13:00:00,,,,,,,,,,,,,,,,
2022-11-26 13:00:00,2022-11-26 14:00:00,,,,,,,,,,,,,,,,
2022-11-26 14:00:00,2022-11-26 15:00:00,,,,,,,,,,,,,,,,
2022-11-26 15:00:00,2022-11-26 16:00:00,,,,,,,,,,,,,,,,
2022-11-26 16:00:00,2022-11-26 17:00:00,,,,,,,,,,,,,,,,
2022-11-26 17:00:00,2022-11-26 18:00:00,,,,,,,,,,,,,,,,
2022-11-26 18:00:00,2022-11-26 19:00:00,,,,,,,,,,,,,,,,
2022-11-26 19:00:00,2022-11-26 20:00:00,,,,,,,,,,,,,,,,
2022-11-26 20:00:00,2022-11-26 21:00:00,,,,,,,,,,,,,,,,
2022-11-26 21:00:00,2022-11-26 22:00:00,,,,,,,,,,,,,,,,
2022-11-26 22:00:00,2022-11-26 23:00:00,,,,,,,,,,,,,,,,
2022-11-26 23:00:00,2022-11-27 00:00:00,,,,,,,,,,,,,,,,
2022-11-27 00:00:00,2022-11-27 01:00:00,,,,,,,,,,,,,,,,
2022-11-27 01:00:00,2022-11-27 02:00:00,,,,,,,,,,,,,,,,
2022-11-27 02:00:00,2022-11-27 03:00:00,,,,,,,,,,,,,,,,
2022-11-27 03:00:00,2022-11-27 04:00:00,,,,,,,,,,,,,,,,
2022-11-27 04:00:00,2022-11-27 05:00:00,,,,,,,,,,,,,,,,
2022-11-27 05:00:00,2022-11-27 06:00:00,,,,,,,,,,,,,,,,
2022-11-27 06:00:00,2022-11-27 07:00:00,,,,,,,,,,,,,,,,
2022-11-27 07:00:00,2022-11-27 08:00:00,,,,,,,,,,,,,,,,
2022-11-27 08:00:00,2022-11-27 09:00:00,,,,,,,,,,,,,,,,
2022-11-27 09:00:00,2022-11-27 10:00:00,,,,,,,,,,,,,,,,
2022-11-27 10:00:00,2022-11-27 11:00:00,,,,,,,,,,,,,,,,
2022-11-27 11:00:00,2022-11-27 12:00:00,,,,,,,,,,,,,,,,
2022-11-27 12:00:00,2022-11-27 13:00:00,,,,,,,,,,,,,,,,
2022-11-27 13:00:00,2022-11-27 14:00:00,,,,,,,,,,,,,,,,
2022-11-27 14:00:00,2022-11-27 15:00:00,,,,,,,,,,,,,,,,
2022-11-27 15:00:00,2022-11-27 16:00:00,,,,,,,,,,,,,,,,
2022-11-27 16:00:00,2022-11-27 17:00:00,,,,,,,,,,,,,,,,
2022-11-27 17:00:00,2022-11-27 18:00:00,,,,,,,,,,,,,,,,
2022-11-27 18:00:00,2022-11-27 19:00:00,,,,,,,,,,,,,,,,
2022-11-27 19:00:00,2022-11-27 20:00:00,,,,,,,,,,,,,,,,
2022-11-27 20:00:00,2022-11-27 21:00:00,,,,,,,,,,,,,,,,
2022-11-27 21:00:00,2022-11-27 22:00:00,,,,,,,,,,,,,,,,
2022-11-27 22:00:00,2022-11-27 23:00:00,,,,,,,,,,,,,,,,
2022-11-27 23:00:00,2022-11-28 00:00:00,,,,,,,,,,,,,,,,
2022-11-28 00:00:00,2022-11-28 01:00:00,,,,,,,,,,,,,,,,
2022-11-28 01:00:00,2022-11-28 02:00:00,,,,,,,,,,,,,,,,
2022-11-28 02:00:00,2022-11-28 03:00:00,,,,,,,,,,,,,,,,
2022-11-28 03:00:00,2022-11-28 04:00:00,,,,,,,,,,,,,,,,
2022-11-28 04:00:00,2022-11-28 05:00:00,,,,,,,,,,,,,,,,
2022-11-28 05:00:00,2022-11-28 06:00:00,,,,,,,,,,,,,,,,
2022-11-28 06:00:00,2022-11-28 07:00:00,,,,,,,,,,,,,,,,
2022-11-28 07:00:00,2022-11-28 08:00:00,,,,,,,,,,,,,,,,
2022-11-28 08:00:00,2022-11-28 09:00:00,,,,,,,,,,,,,,,,
2022-11-28 09:00:00,2022-11-28 10:00:00,,,,,,,,,,,,,,,,
2022-11-28 10:00:00,2022-11-28 11:00:00,,,,,,,,,,,,,,,,
2022-11-28 11:00:00,2022-11-28 12:00:00,,,,,,,,,,,,,,,,
2022-11-28 12:00:00,2022-11-28 13:00:00,,,,,,,,,,,,,,,,
2022-11-28 13:00:00,2022-11-28 14:00:00,,,,,,,,,,,,,,,,
2022-11-28 14:00:00,2022-11-28 15:00:00,,,,,,,,,,,,,,,,
2022-11-28 15:00:00,2022-11-28 16:00:00,,,,,,,,,,,,,,,,
2022-11-28 16:00:00,2022-11-28 17:00:00,,,,,,,,,,,,,,,,
2022-11-28 17:00:00,2022-11-28 18:00:00,,,,,,,,,,,,,,,,
2022-11-28 18:00:00,2022-11-28 19:00:00,,,,,,,,,,,,,,,,
2022-11-28 19:00:00,2022-11-28 20:00:00,,,,,,,,,,,,,,,,
2022-11-28 20:00:00,2022-11-28 21:00:00,,,,,,,,,,,,,,,,
2022-11-28 21:00:00,2022-11-28 22:00:00,,,,,,,,,,,,,,,,
2022-11-28 22:00:00,2022-11-28 23:00:00,,,,,,,,,,,,,,,,
2022-11-28 23:00:00,2022-11-29 00:00:00,,,,,,,,,,,,,,,,
2022-11-29 00:00:00,2022-11-29 01:00:00,,,,,,,,,,,,,,,,
2022-11-29 01:00:00,2022-11-29 02:00:00,,,,,,,,,,,,,,,,
2022-11-29 02:00:00,2022-11-29 03:00:00,,,,,,,,,,,,,,,,
2022-11-29 03:00:00,2022-11-29 04:00:00,,,,,,,,,,,,,,,,
2022-11-29 04:00:00,2022-11-29 05:00:00,,,,,,,,,,,,,,,,
2022-11-29 05:00:00,2022-11-29 06:00:00,,,,,,,,,,,,,,,,
2022-11-29 06:00:00,2022-11-29 07:00:00,,,,,,,,,,,,,,,,
2022-11-29 07:00:00,2022-11-29 08:00:00,,,,,,,,,,,,,,,,
2022-11-29 08:00:00,2022-11-29 09:00:00,,,,,,,,,,,,,,,,
2022-11-29 09:00:00,2022-11-29 10:00:00,,,,,,,,,,,,,,,,
2022-11-29 10:00:00,2022-11-29 11:00:00,,,,,,,,,,,,,,,,
2022-11-29 11:00:00,2022-11-29 12:00:00,,,,,,,,,,,,,,,,
2022-11-29 12:00:00,2022-11-29 13:00:00,,,,,,,,,,,,,,,,
2022-11-29 13:00:00,2022-11-29 14:00:00,,,,,,,,,,,,,,,,
2022-11-29 14:00:00,2022-11-29 15:00:00,,,,,,,,,,,,,,,,
2022-11-29 15:00:00,2022-11-29 16:00:00,,,,,,,,,,,,,,,,
2022-11-29 16:00:00,2022-11-29 17:00:00,,,,,,,,,,,,,,,,
2022-11-29 17:00:00,2022-11-29 18:00:00,,,,,,,,,,,,,,,,
2022-11-29 18:00:00,2022-11-29 19:00:00,,,,,,,,,,,,,,,,
2022-11-29 19:00:00,2022-11-29 20:00:00,,,,,,,,,,,,,,,,
2022-11-29 20:00:00,2022-11-29 21:00:00,,,,,,,,,,,,,,,,
2022-11-29 21:00:00,2022-11-29 22:00:00,,,,,,,,,,,,,,,,
2022-11-29 22:00:00,2022-11-29 23:00:00,,,,,,,,,,,,,,,,
2022-11-29 23:00:00,2022-11-30 00:00:00,,,,,,,,,,,,,,,,
2022-11-30 00:00:00,2022-11-30 01:00:00,,,,,,,,,,,,,,,,
2022-11-30 01:00:00,2022-11-30 02:00:00,,,,,,,,,,,,,,,,
2022-11-30 02:00:00,2022-11-30 03:00:00,,,,,,,,,,,,,,,,
2022-11-30 03:00:00,2022-11-30 04:00:00,,,,,,,,,,,,,,,,
2022-11-30 04:00:00,2022-11-30 05:00:00,,,,,,,,,,,,,,,,
2022-11-30 05:00:00,2022-11-30 06:00:00,,,,,,,,,,,,,,,,
2022-11-30 06:00:00,2022-11-30 07:00:00,,,,,,,,,,,,,,,,
2022-11-30 07:00:00,2022-11-30 08:00:00,,,,,,,,,,,,,,,,
2022-11-30 08:00:00,2022-11-30 09:00:00,,,,,,,,,,,,,,,,
2022-11-30 09:00:00,2022-11-30 10:00:00,,,,,,,,,,,,,,,,
2022-11-30 10:00:00,2022-11-30 11:00:00,,,,,,,,,,,,,,,,
2022-11-30 11:00:00,2022-11-30 12:00:00,,,,,,,,,,,,,,,,
2022-11-30 12:00:00,2022-11-30 13:00:00,,,,,,,,,,,,,,,,
2022-11-30 13:00:00,2022-11-30 14:00:00,,,,,,,,,,,,,,,,
2022-11-30 14:00:00,2022-11-30 15:00:00,,,,,,,,,,,,,,,,
2022-11-30 15:00:00,2022-11-30 16:00:00,,,,,,,,,,,,,,,,
2022-11-30 16:00:00,2022-11-30 17:00:00,,,,,,,,,,,,,,,,
2022-11-30 17:00:00,2022-11-30 18:00:00,,,,,,,,,,,,,,,,
2022-11-30 18:00:00,2022-11-30 19:00:00,,,,,,,,,,,,,,,,
2022-11-30 19:00:00,2022-11-30 20:00:00,,,,,,,,,,,,,,,,
2022-11-30 20:00:00,2022-11-30 21:00:00,,,,,,,,,,,,,,,,
2022-11-30 21:00:00,2022-11-30 22:00:00,,,,,,,,,,,,,,,,
2022-11-30 22:00:00,2022-11-30 23:00:00,,,,,,,,,,,,,,,,
2022-11-30 23:00:00,2022-12-01 00:00:00,,,,,,,,,,,,,,,,
2022-12-01 00:00:00,2022-12-01 01:00:00,,,,,,,,,,,,,,,,
2022-12-01 01:00:00,2022-12-01 02:00:00,,,,,,,,,,,,,,,,
2022-12-01 02:00:00,2022-12-01 03:00:00,,,,,,,,,,,,,,,,
2022-12-01 03:00:00,2022-12-01 04:00:00,,,,,,,,,,,,,,,,
2022-12-01 04:00:00,2022-12-01 05:00:00,,,,,,,,,,,,,,,,
2022-12-01 05:00:00,2022-12-01 06:00:00,,,,,,,,,,,,,,,,
2022-12-01 06:00:00,2022-12-01 07:00:00,,,,,,,,,,,,,,,,
2022-12-01 07:00:00,2022-12-01 08:00:00,,,,,,,,,,,,,,,,
2022-12-01 08:00:00,2022-12-01 09:00:00,,,,,,,,,,,,,,,,
2022-12-01 09:00:00,2022-12-01 10:00:00,,,,,,,,,,,,,,,,
2022-12-01 10:00:00,2022-12-01 11:00:00,,,,,,,,,,,,,,,,
2022-12-01 11:00:00,2022-12-01 12:00:00,,,,,,,,,,,,,,,,
2022-12-01 12:00:00,2022-12-01 13:00:00,,,,,,,,,,,,,,,,
2022-12-01 13:00:00,2022-12-01 14:00:00,,,,,,,,,,,,,,,,
2022-12-01 14:00:00,2022-12-01 15:00:00,,,,,,,,,,,,,,,,
2022-12-01 15:00:00,2022-12-01 16:00:00,,,,,,,,,,,,,,,,
2022-12-01 16:00:00,2022-12-01 17:00:00,,,,,,,,,,,,,,,,
2022-12-01 17:00:00,2022-12-01 18:00:00,,,,,,,,,,,,,,,,
2022-12-01 18:00:00,2022-12-01 19:00:00,,,,,,,,,,,,,,,,
2022-12-01 19:00:00,2022-12-01 20:00:00,,,,,,,,,,,,,,,,
2022-12-01 20:00:00,2022-12-01 21:00:00,,,,,,,,,,,,,,,,
2022-12-01 21:00:00,2022-12-01 22:00:00,,,,,,,,,,,,,,,,
2022-12-01 22:00:00,2022-12-01 23:00:00,,,,,,,,,,,,,,,,
2022-12-01 23:00:00,2022-12-02 00:00:00,,,,,,,,,,,,,,,,
2022-12-02 00:00:00,2022-12-02 01:00:00,,,,,,,,,,,,,,,,
2022-12-02 01:00:00,2022-12-02 02:00:00,,,,,,,,,,,,,,,,
2022-12-02 02:00:00,2022-12-02 03:00:00,,,,,,,,,,,,,,,,
2022-12-02 03:00:00,2022-12-02 04:00:00,,,,,,,,,,,,,,,,
2022-12-02 04:00:00,2022-12-02 05:00:00,,,,,,,,,,,,,,,,
2022-12-02 05:00:00,2022-12-02 06:00:00,,,,,,,,,,,,,,,,
2022-12-02 06:00:00,2022-12-02 07:00:00,,,,,,,,,,,,,,,,
2022-12-02 07:00:00,2022-12-02 08:00:00,,,,,,,,,,,,,,,,
2022-12-02 08:00:00,2022-12-02 09:00:00,,,,,,,,,,,,,,,,
2022-12-02 09:00:00,2022-12-02 10:00:00,,,,,,,,,,,,,,,,
2022-12-02 10:00:00,2022-12-02 11:00:00,,,,,,,,,,,,,,,,
2022-12-02 11:00:00,2022-12-02 12:00:00,,,,,,,,,,,,,,,,
2022-12-02 12:00:00,2022-12-02 13:00:00,,,,,,,,,,,,,,,,
2022-12-02 13:00:00,2022-12-02 14:00:00,,,,,,,,,,,,,,,,
2022-12-02 14:00:00,2022-12-02 15:00:00,,,,,,,,,,,,,,,,
2022-12-02 15:00:00,2022-12-02 16:00:00,,,,,,,,,,,,,,,,
2022-12-02 16:00:00,2022-12-02 17:00:00,,,,,,,,,,,,,,,,
2022-12-02 17:00:00,2022-12-02 18:00:00,,,,,,,,,,,,,,,,
2022-12-02 18:00:00,2022-12-02 19:00:00,,,,,,,,,,,,,,,,
2022-12-02 19:00:00,2022-12-02 20:00:00,,,,,,,,,,,,,,,,
2022-12-02 20:00:00,2022-12-02 21:00:00,,,,,,,,,,,,,,,,
2022-12-02 21:00:00,2022-12-02 22:00:00,,,,,,,,,,,,,,,,
2022-12-02 22:00:00,2022-12-02 23:00:00,,,,,,,,,,,,,,,,
2022-12-02 23:00:00,2022-12-03 00:00:00,,,,,,,,,,,,,,,,
2022-12-03 00:00:00,2022-12-03 01:00:00,,,,,,,,,,,,,,,,
2022-12-03 01:00:00,2022-12-03 02:00:00,,,,,,,,,,,,,,,,
2022-12-03 02:00:00,2022-12-03 03:00:00,,,,,,,,,,,,,,,,
2022-12-03 03:00:00,2022-12-03 04:00:00,,,,,,,,,,,,,,,,
2022-12-03 04:00:00,2022-12-03 05:00:00,,,,,,,,,,,,,,,,
2022-12-03 05:00:00,2022-12-03 06:00:00,,,,,,,,,,,,,,,,
2022-12-03 06:00:00,2022-12-03 07:00:00,,,,,,,,,,,,,,,,
2022-12-03 07:00:00,2022-12-03 08:00:00,,,,,,,,,,,,,,,,
2022-12-03 08:00:00,2022-12-03 09:00:00,,,,,,,,,,,,,,,,
2022-12-03 09:00:00,2022-12-03 10:00:00,,,,,,,,,,,,,,,,
2022-12-03 10:00:00,2022-12-03 11:00:00,,,,,,,,,,,,,,,,
2022-12-03 11:00:00,2022-12-03 12:00:00,,,,,,,,,,,,,,,,
2022-12-03 12:00:00,2022-12-03 13:00:00,,,,,,,,,,,,,,,,
2022-12-03 13:00:00,2022-12-03 14:00:00,,,,,,,,,,,,,,,,
2022-12-03 14:00:00,2022-12-03 15:00:00,,,,,,,,,,,,,,,,
2022-12-03 15:00:00,2022-12-03 16:00:00,,,,,,,,,,,,,,,,
2022-12-03 16:00:00,2022-12-03 17:00:00,,,,,,,,,,,,,,,,
2022-12-03 17:00:00,2022-12-03 18:00:00,,,,,,,,,,,,,,,,
2022-12-03 18:00:00,2022-12-03 19:00:00,,,,,,,,,,,,,,,,
2022-12-03 19:00:00,2022-12-03 20:00:00,,,,,,,,,,,,,,,,
2022-12-03 20:00:00,2022-12-03 21:00:00,,,,,,,,,,,,,,,,
2022-12-03 21:00:00,2022-12-03 22:00:00,,,,,,,,,,,,,,,,
2022-12-03 22:00:00,2022-12-03 23:00:00,,,,,,,,,,,,,,,,
2022-12-03 23:00:00,2022-12-04 00:00:00,,,,,,,,,,,,,,,,
2022-12-04 00:00:00,2022-12-04 01:00:00,,,,,,,,,,,,,,,,
2022-12-04 01:00:00,2022-12-04 02:00:00,,,,,,,,,,,,,,,,
2022-12-04 02:00:00,2022-12-04 03:00:00,,,,,,,,,,,,,,,,
2022-12-04 03:00:00,2022-12-04 04:00:00,,,,,,,,,,,,,,,,
2022-12-04 04:00:00,2022-12-04 05:00:00,,,,,,,,,,,,,,,,
2022-12-04 05:00:00,2022-12-04 06:00:00,,,,,,,,,,,,,,,,
2022-12-04 06:00:00,2022-12-04 07:00:00,,,,,,,,,,,,,,,,
2022-12-04 07:00:00,2022-12-04 08:00:00,,,,,,,,,,,,,,,,
2022-12-04 08:00:00,2022-12-04 09:00:00,,,,,,,,,,,,,,,,
2022-12-04 09:00:00,2022-12-04 10:00:00,,,,,,,,,,,,,,,,
2022-12-04 10:00:00,2022-12-04 11:00:00,,,,,,,,,,,,,,,,
2022-12-04 11:00:00,2022-12-04 12:00:00,,,,,,,,,,,,,,,,
2022-12-04 12:00:00,2022-12-04 13:00:00,,,,,,,,,,,,,,,,
2022-12-04 13:00:00,2022-12-04 14:00:00,,,,,,,,,,,,,,,,
2022-12-04 14:00:00,2022-12-04 15:00:00,,,,,,,,,,,,,,,,
2022-12-04 15:00:00,2022-12-04 16:00:00,,,,,,,,,,,,,,,,
2022-12-04 16:00:00,2022-12-04 17:00:00,,,,,,,,,,,,,,,,
2022-12-04 17:00:00,2022-12-04 18:00:00,,,,,,,,,,,,,,,,
2022-12-04 18:00:00,2022-12-04 19:00:00,,,,,,,,,,,,,,,,
2022-12-04 19:00:00,2022-12-04 20:00:00,,,,,,,,,,,,,,,,
2022-12-04 20:00:00,2022-12-04 21:00:00,,,,,,,,,,,,,,,,
2022-12-04 21:00:00,2022-12-04 22:00:00,,,,,,,,,,,,,,,,
2022-12-04 22:00:00,2022-12-04 23:00:00,,,,,,,,,,,,,,,,
2022-12-04 23:00:00,2022-12-05 00:00:00,,,,,,,,,,,,,,,,
2022-12-05 00:00:00,2022-12-05 01:00:00,,,,,,,,,,,,,,,,
2022-12-05 01:00:00,2022-12-05 02:00:00,,,,,,,,,,,,,,,,
2022-12-05 02:00:00,2022-12-05 03:00:00,,,,,,,,,,,,,,,,
2022-12-05 03:00:00,2022-12-05 04:00:00,,,,,,,,,,,,,,,,
2022-12-05 04:00:00,2022-12-05 05:00:00,,,,,,,,,,,,,,,,
2022-12-05 05:00:00,2022-12-05 06:00:00,,,,,,,,,,,,,,,,
2022-12-05 06:00:00,2022-12-05 07:00:00,,,,,,,,,,,,,,,,
2022-12-05 07:00:00,2022-12-05 08:00:00,,,,,,,,,,,,,,,,
2022-12-05 08:00:00,2022-12-05 09:00:00,,,,,,,,,,,,,,,,
2022-12-05 09:00:00,2022-12-05 10:00:00,,,,,,,,,,,,,,,,
2022-12-05 10:00:00,2022-12-05 11:00:00,,,,,,,,,,,,,,,,
2022-12-05 11:00:00,2022-12-05 12:00:00,,,,,,,,,,,,,,,,
2022-12-05 12:00:00,2022-12-05 13:00:00,,,,,,,,,,,,,,,,
2022-12-05 13:00:00,2022-12-05 14:00:00,,,,,,,,,,,,,,,,
2022-12-05 14:00:00,2022-12-05 15:00:00,,,,,,,,,,,,,,,,
2022-12-05 15:00:00,2022-12-05 16:00:00,,,,,,,,,,,,,,,,
2022-12-05 16:00:00,2022-12-05 17:00:00,,,,,,,,,,,,,,,,
2022-12-05 17:00:00,2022-12-05 18:00:00,,,,,,,,,,,,,,,,
2022-12-05 18:00:00,2022-12-05 19:00:00,,,,,,,,,,,,,,,,
2022-12-05 19:00:00,2022-12-05 20:00:00,,,,,,,,,,,,,,,,
2022-12-05 20:00:00,2022-12-05 21:00:00,,,,,,,,,,,,,,,,
2022-12-05 21:00:00,2022-12-05 22:00:00,,,,,,,,,,,,,,,,
2022-12-05 22:00:00,2022-12-05 23:00:00,,,,,,,,,,,,,,,,
2022-12-05 23:00:00,2022-12-06 00:00:00,,,,,,,,,,,,,,,,
2022-12-06 00:00:00,2022-12-06 01:00:00,,,,,,,,,,,,,,,,
2022-12-06 01:00:00,2022-12-06 02:00:00,,,,,,,,,,,,,,,,
2022-12-06 02:00:00,2022-12-06 03:00:00,,,,,,,,,,,,,,,,
2022-12-06 03:00:00,2022-12-06 04:00:00,,,,,,,,,,,,,,,,
2022-12-06 04:00:00,2022-12-06 05:00:00,,,,,,,,,,,,,,,,
2022-12-06 05:00:00,2022-12-06 06:00:00,,,,,,,,,,,,,,,,
2022-12-06 06:00:00,2022-12-06 07:00:00,,,,,,,,,,,,,,,,
2022-12-06 07:00:00,2022-12-06 08:00:00,,,,,,,,,,,,,,,,
2022-12-06 08:00:00,2022-12-06 09:00:00,,,,,,,,,,,,,,,,
2022-12-06 09:00:00,2022-12-06 10:00:00,,,,,,,,,,,,,,,,
2022-12-06 10:00:00,2022-12-06 11:00:00,,,,,,,,,,,,,,,,
2022-12-06 11:00:00,2022-12-06 12:00:00,,,,,,,,,,,,,,,,
2022-12-06 12:00:00,2022-12-06 13:00:00,,,,,,,,,,,,,,,,
2022-12-06 13:00:00,2022-12-06 14:00:00,,,,,,,,,,,,,,,,
2022-12-06 14:00:00,2022-12-06 15:00:00,,,,,,,,,,,,,,,,
2022-12-06 15:00:00,2022-12-06 16:00:00,,,,,,,,,,,,,,,,
2022-12-06 16:00:00,2022-12-06 17:00:00,,,,,,,,,,,,,,,,
2022-12-06 17:00:00,2022-12-06 18:00:00,,,,,,,,,,,,,,,,
2022-12-06 18:00:00,2022-12-06 19:00:00,,,,,,,,,,,,,,,,
2022-12-06 19:00:00,2022-12-06 20:00:00,,,,,,,,,,,,,,,,
2022-12-06 20:00:00,2022-12-06 21:00:00,,,,,,,,,,,,,,,,
2022-12-06 21:00:00,2022-12-06 22:00:00,,,,,,,,,,,,,,,,
2022-12-06 22:00:00,2022-12-06 23:00:00,,,,,,,,,,,,,,,,
2022-12-06 23:00:00,2022-12-07 00:00:00,,,,,,,,,,,,,,,,
2022-12-07 00:00:00,2022-12-07 01:00:00,,,,,,,,,,,,,,,,
2022-12-07 01:00:00,2022-12-07 02:00:00,,,,,,,,,,,,,,,,
2022-12-07 02:00:00,2022-12-07 03:00:00,,,,,,,,,,,,,,,,
2022-12-07 03:00:00,2022-12-07 04:00:00,,,,,,,,,,,,,,,,
2022-12-07 04:00:00,2022-12-07 05:00:00,,,,,,,,,,,,,,,,
2022-12-07 05:00:00,2022-12-07 06:00:00,,,,,,,,,,,,,,,,
2022-12-07 06:00:00,2022-12-07 07:00:00,,,,,,,,,,,,,,,,
2022-12-07 07:00:00,2022-12-07 08:00:00,,,,,,,,,,,,,,,,
2022-12-07 08:00:00,2022-12-07 09:00:00,,,,,,,,,,,,,,,,
2022-12-07 09:00:00,2022-12-07 10:00:00,,,,,,,,,,,,,,,,
2022-12-07 10:00:00,2022-12-07 11:00:00,,,,,,,,,,,,,,,,
2022-12-07 11:00:00,2022-12-07 12:00:00,,,,,,,,,,,,,,,,
2022-12-07 12:00:00,2022-12-07 13:00:00,,,,,,,,,,,,,,,,
2022-12-07 13:00:00,2022-12-07 14:00:00,,,,,,,,,,,,,,,,
2022-12-07 14:00:00,2022-12-07 15:00:00,,,,,,,,,,,,,,,,
2022-12-07 15:00:00,2022-12-07 16:00:00,,,,,,,,,,,,,,,,
2022-12-07 16:00:00,2022-12-07 17:00:00,,,,,,,,,,,,,,,,
2022-12-07 17:00:00,2022-12-07 18:00:00,,,,,,,,,,,,,,,,
2022-12-07 18:00:00,2022-12-07 19:00:00,,,,,,,,,,,,,,,,
2022-12-07 19:00:00,2022-12-07 20:00:00,,,,,,,,,,,,,,,,
2022-12-07 20:00:00,2022-12-07 21:00:00,,,,,,,,,,,,,,,,
2022-12-07 21:00:00,2022-12-07 22:00:00,,,,,,,,,,,,,,,,
2022-12-07 22:00:00,2022-12-07 23:00:00,,,,,,,,,,,,,,,,
2022-12-07 23:00:00,2022-12-08 00:00:00,,,,,,,,,,,,,,,,
2022-12-08 00:00:00,2022-12-08 01:00:00,,,,,,,,,,,,,,,,
2022-12-08 01:00:00,2022-12-08 02:00:00,,,,,,,,,,,,,,,,
2022-12-08 02:00:00,2022-12-08 03:00:00,,,,,,,,,,,,,,,,
2022-12-08 03:00:00,2022-12-08 04:00:00,,,,,,,,,,,,,,,,
2022-12-08 04:00:00,2022-12-08 05:00:00,,,,,,,,,,,,,,,,
2022-12-08 05:00:00,2022-12-08 06:00:00,,,,,,,,,,,,,,,,
2022-12-08 06:00:00,2022-12-08 07:00:00,,,,,,,,,,,,,,,,
2022-12-08 07:00:00,2022-12-08 08:00:00,,,,,,,,,,,,,,,,
2022-12-08 08:00:00,2022-12-08 09:00:00,,,,,,,,,,,,,,,,
2022-12-08 09:00:00,2022-12-08 10:00:00,,,,,,,,,,,,,,,,
2022-12-08 10:00:00,2022-12-08 11:00:00,,,,,,,,,,,,,,,,
2022-12-08 11:00:00,2022-12-08 12:00:00,,,,,,,,,,,,,,,,
2022-12-08 12:00:00,2022-12-08 13:00:00,,,,,,,,,,,,,,,,
2022-12-08 13:00:00,2022-12-08 14:00:00,,,,,,,,,,,,,,,,
2022-12-08 14:00:00,2022-12-08 15:00:00,,,,,,,,,,,,,,,,
2022-12-08 15:00:00,2022-12-08 16:00:00,,,,,,,,,,,,,,,,
2022-12-08 16:00:00,2022-12-08 17:00:00,,,,,,,,,,,,,,,,
2022-12-08 17:00:00,2022-12-08 18:00:00,,,,,,,,,,,,,,,,
2022-12-08 18:00:00,2022-12-08 19:00:00,,,,,,,,,,,,,,,,
2022-12-08 19:00:00,2022-12-08 20:00:00,,,,,,,,,,,,,,,,
2022-12-08 20:00:00,2022-12-08 21:00:00,,,,,,,,,,,,,,,,
2022-12-08 21:00:00,2022-12-08 22:00:00,,,,,,,,,,,,,,,,
2022-12-08 22:00:00,2022-12-08 23:00:00,,,,,,,,,,,,,,,,
2022-12-08 23:00:00,2022-12-09 00:00:00,,,,,,,,,,,,,,,,
2022-12-09 00:00:00,2022-12-09 01:00:00,,,,,,,,,,,,,,,,
2022-12-09 01:00:00,2022-12-09 02:00:00,,,,,,,,,,,,,,,,
2022-12-09 02:00:00,2022-12-09 03:00:00,,,,,,,,,,,,,,,,
2022-12-09 03:00:00,2022-12-09 04:00:00,,,,,,,,,,,,,,,,
2022-12-09 04:00:00,2022-12-09 05:00:00,,,,,,,,,,,,,,,,
2022-12-09 05:00:00,2022-12-09 06:00:00,,,,,,,,,,,,,,,,
2022-12-09 06:00:00,2022-12-09 07:00:00,,,,,,,,,,,,,,,,
2022-12-09 07:00:00,2022-12-09 08:00:00,,,,,,,,,,,,,,,,
2022-12-09 08:00:00,2022-12-09 09:00:00,,,,,,,,,,,,,,,,
2022-12-09 09:00:00,2022-12-09 10:00:00,,,,,,,,,,,,,,,,
2022-12-09 10:00:00,2022-12-09 11:00:00,,,,,,,,,,,,,,,,
2022-12-09 11:00:00,2022-12-09 12:00:00,,,,,,,,,,,,,,,,
2022-12-09 12:00:00,2022-12-09 13:00:00,,,,,,,,,,,,,,,,
2022-12-09 13:00:00,2022-12-09 14:00:00,,,,,,,,,,,,,,,,
2022-12-09 14:00:00,2022-12-09 15:00:00,,,,,,,,,,,,,,,,
2022-12-09 15:00:00,2022-12-09 16:00:00,,,,,,,,,,,,,,,,
2022-12-09 16:00:00,2022-12-09 17:00:00,,,,,,,,,,,,,,,,
2022-12-09 17:00:00,2022-12-09 18:00:00,,,,,,,,,,,,,,,,
2022-12-09 18:00:00,2022-12-09 19:00:00,,,,,,,,,,,,,,,,
2022-12-09 19:00:00,2022-12-09 20:00:00,,,,,,,,,,,,,,,,
2022-12-09 20:00:00,2022-12-09 21:00:00,,,,,,,,,,,,,,,,
2022-12-09 21:00:00,2022-12-09 22:00:00,,,,,,,,,,,,,,,,
2022-12-09 22:00:00,2022-12-09 23:00:00,,,,,,,,,,,,,,,,
2022-12-09 23:00:00,2022-12-10 00:00:00,,,,,,,,,,,,,,,,
2022-12-10 00:00:00,2022-12-10 01:00:00,,,,,,,,,,,,,,,,
2022-12-10 01:00:00,2022-12-10 02:00:00,,,,,,,,,,,,,,,,
2022-12-10 02:00:00,2022-12-10 03:00:00,,,,,,,,,,,,,,,,
2022-12-10 03:00:00,2022-12-10 04:00:00,,,,,,,,,,,,,,,,
2022-12-10 04:00:00,2022-12-10 05:00:00,,,,,,,,,,,,,,,,
2022-12-10 05:00:00,2022-12-10 06:00:00,,,,,,,,,,,,,,,,
2022-12-10 06:00:00,2022-12-10 07:00:00,,,,,,,,,,,,,,,,
2022-12-10 07:00:00,2022-12-10 08:00:00,,,,,,,,,,,,,,,,
2022-12-10 08:00:00,2022-12-10 09:00:00,,,,,,,,,,,,,,,,
2022-12-10 09:00:00,2022-12-10 10:00:00,,,,,,,,,,,,,,,,
2022-12-10 10:00:00,2022-12-10 11:00:00,,,,,,,,,,,,,,,,
2022-12-10 11:00:00,2022-12-10 12:00:00,,,,,,,,,,,,,,,,
2022-12-10 12:00:00,2022-12-10 13:00:00,,,,,,,,,,,,,,,,
2022-12-10 13:00:00,2022-12-10 14:00:00,,,,,,,,,,,,,,,,
2022-12-10 14:00:00,2022-12-10 15:00:00,,,,,,,,,,,,,,,,
2022-12-10 15:00:00,2022-12-10 16:00:00,,,,,,,,,,,,,,,,
2022-12-10 16:00:00,2022-12-10 17:00:00,,,,,,,,,,,,,,,,
2022-12-10 17:00:00,2022-12-10 18:00:00,,,,,,,,,,,,,,,,
2022-12-10 18:00:00,2022-12-10 19:00:00,,,,,,,,,,,,,,,,
2022-12-10 19:00:00,2022-12-10 20:00:00,,,,,,,,,,,,,,,,
2022-12-10 20:00:00,2022-12-10 21:00:00,,,,,,,,,,,,,,,,
2022-12-10 21:00:00,2022-12-10 22:00:00,,,,,,,,,,,,,,,,
2022-12-10 22:00:00,2022-12-10 23:00:00,,,,,,,,,,,,,,,,
2022-12-10 23:00:00,2022-12-11 00:00:00,,,,,,,,,,,,,,,,
2022-12-11 00:00:00,2022-12-11 01:00:00,,,,,,,,,,,,,,,,
2022-12-11 01:00:00,2022-12-11 02:00:00,,,,,,,,,,,,,,,,
2022-12-11 02:00:00,2022-12-11 03:00:00,,,,,,,,,,,,,,,,
2022-12-11 03:00:00,2022-12-11 04:00:00,,,,,,,,,,,,,,,,
2022-12-11 04:00:00,2022-12-11 05:00:00,,,,,,,,,,,,,,,,
2022-12-11 05:00:00,2022-12-11 06:00:00,,,,,,,,,,,,,,,,
2022-12-11 06:00:00,2022-12-11 07:00:00,,,,,,,,,,,,,,,,
2022-12-11 07:00:00,2022-12-11 08:00:00,,,,,,,,,,,,,,,,
2022-12-11 08:00:00,2022-12-11 09:00:00,,,,,,,,,,,,,,,,
2022-12-11 09:00:00,2022-12-11 10:00:00,,,,,,,,,,,,,,,,
2022-12-11 10:00:00,2022-12-11 11:00:00,,,,,,,,,,,,,,,,
2022-12-11 11:00:00,2022-12-11 12:00:00,,,,,,,,,,,,,,,,
2022-12-11 12:00:00,2022-12-11 13:00:00,,,,,,,,,,,,,,,,
2022-12-11 13:00:00,2022-12-11 14:00:00,,,,,,,,,,,,,,,,
2022-12-11 14:00:00,2022-12-11 15:00:00,,,,,,,,,,,,,,,,
2022-12-11 15:00:00,2022-12-11 16:00:00,,,,,,,,,,,,,,,,
2022-12-11 16:00:00,2022-12-11 17:00:00,,,,,,,,,,,,,,,,
2022-12-11 17:00:00,2022-12-11 18:00:00,,,,,,,,,,,,,,,,
2022-12-11 18:00:00,2022-12-11 19:00:00,,,,,,,,,,,,,,,,
2022-12-11 19:00:00,2022-12-11 20:00:00,,,,,,,,,,,,,,,,
2022-12-11 20:00:00,2022-12-11 21:00:00,,,,,,,,,,,,,,,,
2022-12-11 21:00:00,2022-12-11 22:00:00,,,,,,,,,,,,,,,,
2022-12-11 22:00:00,2022-12-11 23:00:00,,,,,,,,,,,,,,,,
2022-12-11 23:00:00,2022-12-12 00:00:00,,,,,,,,,,,,,,,,
2022-12-12 00:00:00,2022-12-12 01:00:00,,,,,,,,,,,,,,,,
2022-12-12 01:00:00,2022-12-12 02:00:00,,,,,,,,,,,,,,,,
2022-12-12 02:00:00,2022-12-12 03:00:00,,,,,,,,,,,,,,,,
2022-12-12 03:00:00,2022-12-12 04:00:00,,,,,,,,,,,,,,,,
2022-12-12 04:00:00,2022-12-12 05:00:00,,,,,,,,,,,,,,,,
2022-12-12 05:00:00,2022-12-12 06:00:00,,,,,,,,,,,,,,,,
2022-12-12 06:00:00,2022-12-12 07:00:00,,,,,,,,,,,,,,,,
2022-12-12 07:00:00,2022-12-12 08:00:00,,,,,,,,,,,,,,,,
2022-12-12 08:00:00,2022-12-12 09:00:00,,,,,,,,,,,,,,,,
2022-12-12 09:00:00,2022-12-12 10:00:00,,,,,,,,,,,,,,,,
2022-12-12 10:00:00,2022-12-12 11:00:00,,,,,,,,,,,,,,,,
2022-12-12 11:00:00,2022-12-12 12:00:00,,,,,,,,,,,,,,,,
2022-12-12 12:00:00,2022-12-12 13:00:00,,,,,,,,,,,,,,,,
2022-12-12 13:00:00,2022-12-12 14:00:00,,,,,,,,,,,,,,,,
2022-12-12 14:00:00,2022-12-12 15:00:00,,,,,,,,,,,,,,,,
2022-12-12 15:00:00,2022-12-12 16:00:00,,,,,,,,,,,,,,,,
2022-12-12 16:00:00,2022-12-12 17:00:00,,,,,,,,,,,,,,,,
2022-12-12 17:00:00,2022-12-12 18:00:00,,,,,,,,,,,,,,,,
2022-12-12 18:00:00,2022-12-12 19:00:00,,,,,,,,,,,,,,,,
2022-12-12 19:00:00,2022-12-12 20:00:00,,,,,,,,,,,,,,,,
2022-12-12 20:00:00,2022-12-12 21:00:00,,,,,,,,,,,,,,,,
2022-12-12 21:00:00,2022-12-12 22:00:00,,,,,,,,,,,,,,,,
2022-12-12 22:00:00,2022-12-12 23:00:00,,,,,,,,,,,,,,,,
2022-12-12 23:00:00,2022-12-13 00:00:00,,,,,,,,,,,,,,,,
2022-12-13 00:00:00,2022-12-13 01:00:00,,,,,,,,,,,,,,,,
2022-12-13 01:00:00,2022-12-13 02:00:00,,,,,,,,,,,,,,,,
2022-12-13 02:00:00,2022-12-13 03:00:00,,,,,,,,,,,,,,,,
2022-12-13 03:00:00,2022-12-13 04:00:00,,,,,,,,,,,,,,,,
2022-12-13 04:00:00,2022-12-13 05:00:00,,,,,,,,,,,,,,,,
2022-12-13 05:00:00,2022-12-13 06:00:00,,,,,,,,,,,,,,,,
2022-12-13 06:00:00,2022-12-13 07:00:00,,,,,,,,,,,,,,,,
2022-12-13 07:00:00,2022-12-13 08:00:00,,,,,,,,,,,,,,,,
2022-12-13 08:00:00,2022-12-13 09:00:00,,,,,,,,,,,,,,,,
2022-12-13 09:00:00,2022-12-13 10:00:00,,,,,,,,,,,,,,,,
2022-12-13 10:00:00,2022-12-13 11:00:00,,,,,,,,,,,,,,,,
2022-12-13 11:00:00,2022-12-13 12:00:00,,,,,,,,,,,,,,,,
2022-12-13 12:00:00,2022-12-13 13:00:00,,,,,,,,,,,,,,,,
2022-12-13 13:00:00,2022-12-13 14:00:00,,,,,,,,,,,,,,,,
2022-12-13 14:00:00,2022-12-13 15:00:00,,,,,,,,,,,,,,,,
2022-12-13 15:00:00,2022-12-13 16:00:00,,,,,,,,,,,,,,,,
2022-12-13 16:00:00,2022-12-13 17:00:00,,,,,,,,,,,,,,,,
2022-12-13 17:00:00,2022-12-13 18:00:00,,,,,,,,,,,,,,,,
2022-12-13 18:00:00,2022-12-13 19:00:00,,,,,,,,,,,,,,,,
2022-12-13 19:00:00,2022-12-13 20:00:00,,,,,,,,,,,,,,,,
2022-12-13 20:00:00,2022-12-13 21:00:00,,,,,,,,,,,,,,,,
2022-12-13 21:00:00,2022-12-13 22:00:00,,,,,,,,,,,,,,,,
2022-12-13 22:00:00,2022-12-13 23:00:00,,,,,,,,,,,,,,,,
2022-12-13 23:00:00,2022-12-14 00:00:00,,,,,,,,,,,,,,,,
2022-12-14 00:00:00,2022-12-14 01:00:00,,,,,,,,,,,,,,,,
2022-12-14 01:00:00,2022-12-14 02:00:00,,,,,,,,,,,,,,,,
2022-12-14 02:00:00,2022-12-14 03:00:00,,,,,,,,,,,,,,,,
2022-12-14 03:00:00,2022-12-14 04:00:00,,,,,,,,,,,,,,,,
2022-12-14 04:00:00,2022-12-14 05:00:00,,,,,,,,,,,,,,,,
2022-12-14 05:00:00,2022-12-14 06:00:00,,,,,,,,,,,,,,,,
2022-12-14 06:00:00,2022-12-14 07:00:00,,,,,,,,,,,,,,,,
2022-12-14 07:00:00,2022-12-14 08:00:00,,,,,,,,,,,,,,,,
2022-12-14 08:00:00,2022-12-14 09:00:00,,,,,,,,,,,,,,,,
2022-12-14 09:00:00,2022-12-14 10:00:00,,,,,,,,,,,,,,,,
2022-12-14 10:00:00,2022-12-14 11:00:00,,,,,,,,,,,,,,,,
2022-12-14 11:00:00,2022-12-14 12:00:00,,,,,,,,,,,,,,,,
2022-12-14 12:00:00,2022-12-14 13:00:00,,,,,,,,,,,,,,,,
2022-12-14 13:00:00,2022-12-14 14:00:00,,,,,,,,,,,,,,,,
2022-12-14 14:00:00,2022-12-14 15:00:00,,,,,,,,,,,,,,,,
2022-12-14 15:00:00,2022-12-14 16:00:00,,,,,,,,,,,,,,,,
2022-12-14 16:00:00,2022-12-14 17:00:00,,,,,,,,,,,,,,,,
2022-12-14 17:00:00,2022-12-14 18:00:00,,,,,,,,,,,,,,,,
2022-12-14 18:00:00,2022-12-14 19:00:00,,,,,,,,,,,,,,,,
2022-12-14 19:00:00,2022-12-14 20:00:00,,,,,,,,,,,,,,,,
2022-12-14 20:00:00,2022-12-14 21:00:00,,,,,,,,,,,,,,,,
2022-12-14 21:00:00,2022-12-14 22:00:00,,,,,,,,,,,,,,,,
2022-12-14 22:00:00,2022-12-14 23:00:00,,,,,,,,,,,,,,,,
2022-12-14 23:00:00,2022-12-15 00:00:00,,,,,,,,,,,,,,,,
2022-12-15 00:00:00,2022-12-15 01:00:00,,,,,,,,,,,,,,,,
2022-12-15 01:00:00,2022-12-15 02:00:00,,,,,,,,,,,,,,,,
2022-12-15 02:00:00,2022-12-15 03:00:00,,,,,,,,,,,,,,,,
2022-12-15 03:00:00,2022-12-15 04:00:00,,,,,,,,,,,,,,,,
2022-12-15 04:00:00,2022-12-15 05:00:00,,,,,,,,,,,,,,,,
2022-12-15 05:00:00,2022-12-15 06:00:00,,,,,,,,,,,,,,,,
2022-12-15 06:00:00,2022-12-15 07:00:00,,,,,,,,,,,,,,,,
2022-12-15 07:00:00,2022-12-15 08:00:00,,,,,,,,,,,,,,,,
2022-12-15 08:00:00,2022-12-15 09:00:00,,,,,,,,,,,,,,,,
2022-12-15 09:00:00,2022-12-15 10:00:00,,,,,,,,,,,,,,,,
2022-12-15 10:00:00,2022-12-15 11:00:00,,,,,,,,,,,,,,,,
2022-12-15 11:00:00,2022-12-15 12:00:00,,,,,,,,,,,,,,,,
2022-12-15 12:00:00,2022-12-15 13:00:00,,,,,,,,,,,,,,,,
2022-12-15 13:00:00,2022-12-15 14:00:00,,,,,,,,,,,,,,,,
2022-12-15 14:00:00,2022-12-15 15:00:00,,,,,,,,,,,,,,,,
2022-12-15 15:00:00,2022-12-15 16:00:00,,,,,,,,,,,,,,,,
2022-12-15 16:00:00,2022-12-15 17:00:00,,,,,,,,,,,,,,,,
2022-12-15 17:00:00,2022-12-15 18:00:00,,,,,,,,,,,,,,,,
2022-12-15 18:00:00,2022-12-15 19:00:00,,,,,,,,,,,,,,,,
2022-12-15 19:00:00,2022-12-15 20:00:00,,,,,,,,,,,,,,,,
2022-12-15 20:00:00,2022-12-15 21:00:00,,,,,,,,,,,,,,,,
2022-12-15 21:00:00,2022-12-15 22:00:00,,,,,,,,,,,,,,,,
2022-12-15 22:00:00,2022-12-15 23:00:00,,,,,,,,,,,,,,,,
2022-12-15 23:00:00,2022-12-16 00:00:00,,,,,,,,,,,,,,,,
2022-12-16 00:00:00,2022-12-16 01:00:00,,,,,,,,,,,,,,,,
2022-12-16 01:00:00,2022-12-16 02:00:00,,,,,,,,,,,,,,,,
2022-12-16 02:00:00,2022-12-16 03:00:00,,,,,,,,,,,,,,,,
2022-12-16 03:00:00,2022-12-16 04:00:00,,,,,,,,,,,,,,,,
2022-12-16 04:00:00,2022-12-16 05:00:00,,,,,,,,,,,,,,,,
2022-12-16 05:00:00,2022-12-16 06:00:00,,,,,,,,,,,,,,,,
2022-12-16 06:00:00,2022-12-16 07:00:00,,,,,,,,,,,,,,,,
2022-12-16 07:00:00,2022-12-16 08:00:00,,,,,,,,,,,,,,,,
2022-12-16 08:00:00,2022-12-16 09:00:00,,,,,,,,,,,,,,,,
2022-12-16 09:00:00,2022-12-16 10:00:00,,,,,,,,,,,,,,,,
2022-12-16 10:00:00,2022-12-16 11:00:00,,,,,,,,,,,,,,,,
2022-12-16 11:00:00,2022-12-16 12:00:00,,,,,,,,,,,,,,,,
2022-12-16 12:00:00,2022-12-16 13:00:00,,,,,,,,,,,,,,,,
2022-12-16 13:00:00,2022-12-16 14:00:00,,,,,,,,,,,,,,,,
2022-12-16 14:00:00,2022-12-16 15:00:00,,,,,,,,,,,,,,,,
2022-12-16 15:00:00,2022-12-16 16:00:00,,,,,,,,,,,,,,,,
2022-12-16 16:00:00,2022-12-16 17:00:00,,,,,,,,,,,,,,,,
2022-12-16 17:00:00,2022-12-16 18:00:00,,,,,,,,,,,,,,,,
2022-12-16 18:00:00,2022-12-16 19:00:00,,,,,,,,,,,,,,,,
2022-12-16 19:00:00,2022-12-16 20:00:00,,,,,,,,,,,,,,,,
2022-12-16 20:00:00,2022-12-16 21:00:00,,,,,,,,,,,,,,,,
2022-12-16 21:00:00,2022-12-16 22:00:00,,,,,,,,,,,,,,,,
2022-12-16 22:00:00,2022-12-16 23:00:00,,,,,,,,,,,,,,,,
2022-12-16 23:00:00,2022-12-17 00:00:00,,,,,,,,,,,,,,,,
2022-12-17 00:00:00,2022-12-17 01:00:00,,,,,,,,,,,,,,,,
2022-12-17 01:00:00,2022-12-17 02:00:00,,,,,,,,,,,,,,,,
2022-12-17 02:00:00,2022-12-17 03:00:00,,,,,,,,,,,,,,,,
2022-12-17 03:00:00,2022-12-17 04:00:00,,,,,,,,,,,,,,,,
2022-12-17 04:00:00,2022-12-17 05:00:00,,,,,,,,,,,,,,,,
2022-12-17 05:00:00,2022-12-17 06:00:00,,,,,,,,,,,,,,,,
2022-12-17 06:00:00,2022-12-17 07:00:00,,,,,,,,,,,,,,,,
2022-12-17 07:00:00,2022-12-17 08:00:00,,,,,,,,,,,,,,,,
2022-12-17 08:00:00,2022-12-17 09:00:00,,,,,,,,,,,,,,,,
2022-12-17 09:00:00,2022-12-17 10:00:00,,,,,,,,,,,,,,,,
2022-12-17 10:00:00,2022-12-17 11:00:00,,,,,,,,,,,,,,,,
2022-12-17 11:00:00,2022-12-17 12:00:00,,,,,,,,,,,,,,,,
2022-12-17 12:00:00,2022-12-17 13:00:00,,,,,,,,,,,,,,,,
2022-12-17 13:00:00,2022-12-17 14:00:00,,,,,,,,,,,,,,,,
2022-12-17 14:00:00,2022-12-17 15:00:00,,,,,,,,,,,,,,,,
2022-12-17 15:00:00,2022-12-17 16:00:00,,,,,,,,,,,,,,,,
2022-12-17 16:00:00,2022-12-17 17:00:00,,,,,,,,,,,,,,,,
2022-12-17 17:00:00,2022-12-17 18:00:00,,,,,,,,,,,,,,,,
2022-12-17 18:00:00,2022-12-17 19:00:00,,,,,,,,,,,,,,,,
2022-12-17 19:00:00,2022-12-17 20:00:00,,,,,,,,,,,,,,,,
2022-12-17 20:00:00,2022-12-17 21:00:00,,,,,,,,,,,,,,,,
2022-12-17 21:00:00,2022-12-17 22:00:00,,,,,,,,,,,,,,,,
2022-12-17 22:00:00,2022-12-17 23:00:00,,,,,,,,,,,,,,,,
2022-12-17 23:00:00,2022-12-18 00:00:00,,,,,,,,,,,,,,,,
2022-12-18 00:00:00,2022-12-18 01:00:00,,,,,,,,,,,,,,,,
2022-12-18 01:00:00,2022-12-18 02:00:00,,,,,,,,,,,,,,,,
2022-12-18 02:00:00,2022-12-18 03:00:00,,,,,,,,,,,,,,,,
2022-12-18 03:00:00,2022-12-18 04:00:00,,,,,,,,,,,,,,,,
2022-12-18 04:00:00,2022-12-18 05:00:00,,,,,,,,,,,,,,,,
2022-12-18 05:00:00,2022-12-18 06:00:00,,,,,,,,,,,,,,,,
2022-12-18 06:00:00,2022-12-18 07:00:00,,,,,,,,,,,,,,,,
2022-12-18 07:00:00,2022-12-18 08:00:00,,,,,,,,,,,,,,,,
2022-12-18 08:00:00,2022-12-18 09:00:00,,,,,,,,,,,,,,,,
2022-12-18 09:00:00,2022-12-18 10:00:00,,,,,,,,,,,,,,,,
2022-12-18 10:00:00,2022-12-18 11:00:00,,,,,,,,,,,,,,,,
2022-12-18 11:00:00,2022-12-18 12:00:00,,,,,,,,,,,,,,,,
2022-12-18 12:00:00,2022-12-18 13:00:00,,,,,,,,,,,,,,,,
2022-12-18 13:00:00,2022-12-18 14:00:00,,,,,,,,,,,,,,,,
2022-12-18 14:00:00,2022-12-18 15:00:00,,,,,,,,,,,,,,,,
2022-12-18 15:00:00,2022-12-18 16:00:00,,,,,,,,,,,,,,,,
2022-12-18 16:00:00,2022-12-18 17:00:00,,,,,,,,,,,,,,,,
2022-12-18 17:00:00,2022-12-18 18:00:00,,,,,,,,,,,,,,,,
2022-12-18 18:00:00,2022-12-18 19:00:00,,,,,,,,,,,,,,,,
2022-12-18 19:00:00,2022-12-18 20:00:00,,,,,,,,,,,,,,,,
2022-12-18 20:00:00,2022-12-18 21:00:00,,,,,,,,,,,,,,,,
2022-12-18 21:00:00,2022-12-18 22:00:00,,,,,,,,,,,,,,,,
2022-12-18 22:00:00,2022-12-18 23:00:00,,,,,,,,,,,,,,,,
2022-12-18 23:00:00,2022-12-19 00:00:00,,,,,,,,,,,,,,,,
2022-12-19 00:00:00,2022-12-19 01:00:00,,,,,,,,,,,,,,,,
2022-12-19 01:00:00,2022-12-19 02:00:00,,,,,,,,,,,,,,,,
2022-12-19 02:00:00,2022-12-19 03:00:00,,,,,,,,,,,,,,,,
2022-12-19 03:00:00,2022-12-19 04:00:00,,,,,,,,,,,,,,,,
2022-12-19 04:00:00,2022-12-19 05:00:00,,,,,,,,,,,,,,,,
2022-12-19 05:00:00,2022-12-19 06:00:00,,,,,,,,,,,,,,,,
2022-12-19 06:00:00,2022-12-19 07:00:00,,,,,,,,,,,,,,,,
2022-12-19 07:00:00,2022-12-19 08:00:00,,,,,,,,,,,,,,,,
2022-12-19 08:00:00,2022-12-19 09:00:00,,,,,,,,,,,,,,,,
2022-12-19 09:00:00,2022-12-19 10:00:00,,,,,,,,,,,,,,,,
2022-12-19 10:00:00,2022-12-19 11:00:00,,,,,,,,,,,,,,,,
2022-12-19 11:00:00,2022-12-19 12:00:00,,,,,,,,,,,,,,,,
2022-12-19 12:00:00,2022-12-19 13:00:00,,,,,,,,,,,,,,,,
2022-12-19 13:00:00,2022-12-19 14:00:00,,,,,,,,,,,,,,,,
2022-12-19 14:00:00,2022-12-19 15:00:00,,,,,,,,,,,,,,,,
2022-12-19 15:00:00,2022-12-19 16:00:00,,,,,,,,,,,,,,,,
2022-12-19 16:00:00,2022-12-19 17:00:00,,,,,,,,,,,,,,,,
2022-12-19 17:00:00,2022-12-19 18:00:00,,,,,,,,,,,,,,,,
2022-12-19 18:00:00,2022-12-19 19:00:00,,,,,,,,,,,,,,,,
2022-12-19 19:00:00,2022-12-19 20:00:00,,,,,,,,,,,,,,,,
2022-12-19 20:00:00,2022-12-19 21:00:00,,,,,,,,,,,,,,,,
2022-12-19 21:00:00,2022-12-19 22:00:00,,,,,,,,,,,,,,,,
2022-12-19 22:00:00,2022-12-19 23:00:00,,,,,,,,,,,,,,,,
2022-12-19 23:00:00,2022-12-20 00:00:00,,,,,,,,,,,,,,,,
2022-12-20 00:00:00,2022-12-20 01:00:00,,,,,,,,,,,,,,,,
2022-12-20 01:00:00,2022-12-20 02:00:00,,,,,,,,,,,,,,,,
2022-12-20 02:00:00,2022-12-20 03:00:00,,,,,,,,,,,,,,,,
2022-12-20 03:00:00,2022-12-20 04:00:00,,,,,,,,,,,,,,,,
2022-12-20 04:00:00,2022-12-20 05:00:00,,,,,,,,,,,,,,,,
2022-12-20 05:00:00,2022-12-20 06:00:00,,,,,,,,,,,,,,,,
2022-12-20 06:00:00,2022-12-20 07:00:00,,,,,,,,,,,,,,,,
2022-12-20 07:00:00,2022-12-20 08:00:00,,,,,,,,,,,,,,,,
2022-12-20 08:00:00,2022-12-20 09:00:00,,,,,,,,,,,,,,,,
2022-12-20 09:00:00,2022-12-20 10:00:00,,,,,,,,,,,,,,,,
2022-12-20 10:00:00,2022-12-20 11:00:00,,,,,,,,,,,,,,,,
2022-12-20 11:00:00,2022-12-20 12:00:00,,,,,,,,,,,,,,,,
2022-12-20 12:00:00,2022-12-20 13:00:00,,,,,,,,,,,,,,,,
2022-12-20 13:00:00,2022-12-20 14:00:00,,,,,,,,,,,,,,,,
2022-12-20 14:00:00,2022-12-20 15:00:00,,,,,,,,,,,,,,,,
2022-12-20 15:00:00,2022-12-20 16:00:00,,,,,,,,,,,,,,,,
2022-12-20 16:00:00,2022-12-20 17:00:00,,,,,,,,,,,,,,,,
2022-12-20 17:00:00,2022-12-20 18:00:00,,,,,,,,,,,,,,,,
2022-12-20 18:00:00,2022-12-20 19:00:00,,,,,,,,,,,,,,,,
2022-12-20 19:00:00,2022-12-20 20:00:00,,,,,,,,,,,,,,,,
2022-12-20 20:00:00,2022-12-20 21:00:00,,,,,,,,,,,,,,,,
2022-12-20 21:00:00,2022-12-20 22:00:00,,,,,,,,,,,,,,,,
2022-12-20 22:00:00,2022-12-20 23:00:00,,,,,,,,,,,,,,,,
2022-12-20 23:00:00,2022-12-21 00:00:00,,,,,,,,,,,,,,,,
2022-12-21 00:00:00,2022-12-21 01:00:00,,,,,,,,,,,,,,,,
2022-12-21 01:00:00,2022-12-21 02:00:00,,,,,,,,,,,,,,,,
2022-12-21 02:00:00,2022-12-21 03:00:00,,,,,,,,,,,,,,,,
2022-12-21 03:00:00,2022-12-21 04:00:00,,,,,,,,,,,,,,,,
2022-12-21 04:00:00,2022-12-21 05:00:00,,,,,,,,,,,,,,,,
2022-12-21 05:00:00,2022-12-21 06:00:00,,,,,,,,,,,,,,,,
2022-12-21 06:00:00,2022-12-21 07:00:00,,,,,,,,,,,,,,,,
2022-12-21 07:00:00,2022-12-21 08:00:00,,,,,,,,,,,,,,,,
2022-12-21 08:00:00,2022-12-21 09:00:00,,,,,,,,,,,,,,,,
2022-12-21 09:00:00,2022-12-21 10:00:00,,,,,,,,,,,,,,,,
2022-12-21 10:00:00,2022-12-21 11:00:00,,,,,,,,,,,,,,,,
2022-12-21 11:00:00,2022-12-21 12:00:00,,,,,,,,,,,,,,,,
2022-12-21 12:00:00,2022-12-21 13:00:00,,,,,,,,,,,,,,,,
2022-12-21 13:00:00,2022-12-21 14:00:00,,,,,,,,,,,,,,,,
2022-12-21 14:00:00,2022-12-21 15:00:00,,,,,,,,,,,,,,,,
2022-12-21 15:00:00,2022-12-21 16:00:00,,,,,,,,,,,,,,,,
2022-12-21 16:00:00,2022-12-21 17:00:00,,,,,,,,,,,,,,,,
2022-12-21 17:00:00,2022-12-21 18:00:00,,,,,,,,,,,,,,,,
2022-12-21 18:00:00,2022-12-21 19:00:00,,,,,,,,,,,,,,,,
2022-12-21 19:00:00,2022-12-21 20:00:00,,,,,,,,,,,,,,,,
2022-12-21 20:00:00,2022-12-21 21:00:00,,,,,,,,,,,,,,,,
2022-12-21 21:00:00,2022-12-21 22:00:00,,,,,,,,,,,,,,,,
2022-12-21 22:00:00,2022-12-21 23:00:00,,,,,,,,,,,,,,,,
2022-12-21 23:00:00,2022-12-22 00:00:00,,,,,,,,,,,,,,,,
2022-12-22 00:00:00,2022-12-22 01:00:00,,,,,,,,,,,,,,,,
2022-12-22 01:00:00,2022-12-22 02:00:00,,,,,,,,,,,,,,,,
2022-12-22 02:00:00,2022-12-22 03:00:00,,,,,,,,,,,,,,,,
2022-12-22 03:00:00,2022-12-22 04:00:00,,,,,,,,,,,,,,,,
2022-12-22 04:00:00,2022-12-22 05:00:00,,,,,,,,,,,,,,,,
2022-12-22 05:00:00,2022-12-22 06:00:00,,,,,,,,,,,,,,,,
2022-12-22 06:00:00,2022-12-22 07:00:00,,,,,,,,,,,,,,,,
2022-12-22 07:00:00,2022-12-22 08:00:00,,,,,,,,,,,,,,,,
2022-12-22 08:00:00,2022-12-22 09:00:00,,,,,,,,,,,,,,,,
2022-12-22 09:00:00,2022-12-22 10:00:00,,,,,,,,,,,,,,,,
2022-12-22 10:00:00,2022-12-22 11:00:00,,,,,,,,,,,,,,,,
2022-12-22 11:00:00,2022-12-22 12:00:00,,,,,,,,,,,,,,,,
2022-12-22 12:00:00,2022-12-22 13:00:00,,,,,,,,,,,,,,,,
2022-12-22 13:00:00,2022-12-22 14:00:00,,,,,,,,,,,,,,,,
2022-12-22 14:00:00,2022-12-22 15:00:00,,,,,,,,,,,,,,,,
2022-12-22 15:00:00,2022-12-22 16:00:00,,,,,,,,,,,,,,,,
2022-12-22 16:00:00,2022-12-22 17:00:00,,,,,,,,,,,,,,,,
2022-12-22 17:00:00,2022-12-22 18:00:00,,,,,,,,,,,,,,,,
2022-12-22 18:00:00,2022-12-22 19:00:00,,,,,,,,,,,,,,,,
2022-12-22 19:00:00,2022-12-22 20:00:00,,,,,,,,,,,,,,,,
2022-12-22 20:00:00,2022-12-22 21:00:00,,,,,,,,,,,,,,,,
2022-12-22 21:00:00,2022-12-22 22:00:00,,,,,,,,,,,,,,,,
2022-12-22 22:00:00,2022-12-22 23:00:00,,,,,,,,,,,,,,,,
2022-12-22 23:00:00,2022-12-23 00:00:00,,,,,,,,,,,,,,,,
2022-12-23 00:00:00,2022-12-23 01:00:00,,,,,,,,,,,,,,,,
2022-12-23 01:00:00,2022-12-23 02:00:00,,,,,,,,,,,,,,,,
2022-12-23 02:00:00,2022-12-23 03:00:00,,,,,,,,,,,,,,,,
2022-12-23 03:00:00,2022-12-23 04:00:00,,,,,,,,,,,,,,,,
2022-12-23 04:00:00,2022-12-23 05:00:00,,,,,,,,,,,,,,,,
2022-12-23 05:00:00,2022-12-23 06:00:00,,,,,,,,,,,,,,,,
2022-12-23 06:00:00,2022-12-23 07:00:00,,,,,,,,,,,,,,,,
2022-12-23 07:00:00,2022-12-23 08:00:00,,,,,,,,,,,,,,,,
2022-12-23 08:00:00,2022-12-23 09:00:00,,,,,,,,,,,,,,,,
2022-12-23 09:00:00,2022-12-23 10:00:00,,,,,,,,,,,,,,,,
2022-12-23 10:00:00,2022-12-23 11:00:00,,,,,,,,,,,,,,,,
2022-12-23 11:00:00,2022-12-23 12:00:00,,,,,,,,,,,,,,,,
2022-12-23 12:00:00,2022-12-23 13:00:00,,,,,,,,,,,,,,,,
2022-12-23 13:00:00,2022-12-23 14:00:00,,,,,,,,,,,,,,,,
2022-12-23 14:00:00,2022-12-23 15:00:00,,,,,,,,,,,,,,,,
2022-12-23 15:00:00,2022-12-23 16:00:00,,,,,,,,,,,,,,,,
2022-12-23 16:00:00,2022-12-23 17:00:00,,,,,,,,,,,,,,,,
2022-12-23 17:00:00,2022-12-23 18:00:00,,,,,,,,,,,,,,,,
2022-12-23 18:00:00,2022-12-23 19:00:00,,,,,,,,,,,,,,,,
2022-12-23 19:00:00,2022-12-23 20:00:00,,,,,,,,,,,,,,,,
2022-12-23 20:00:00,2022-12-23 21:00:00,,,,,,,,,,,,,,,,
2022-12-23 21:00:00,2022-12-23 22:00:00,,,,,,,,,,,,,,,,
2022-12-23 22:00:00,2022-12-23 23:00:00,,,,,,,,,,,,,,,,
2022-12-23 23:00:00,2022-12-24 00:00:00,,,,,,,,,,,,,,,,
2022-12-24 00:00:00,2022-12-24 01:00:00,,,,,,,,,,,,,,,,
2022-12-24 01:00:00,2022-12-24 02:00:00,,,,,,,,,,,,,,,,
2022-12-24 02:00:00,2022-12-24 03:00:00,,,,,,,,,,,,,,,,
2022-12-24 03:00:00,2022-12-24 04:00:00,,,,,,,,,,,,,,,,
2022-12-24 04:00:00,2022-12-24 05:00:00,,,,,,,,,,,,,,,,
2022-12-24 05:00:00,2022-12-24 06:00:00,,,,,,,,,,,,,,,,
2022-12-24 06:00:00,2022-12-24 07:00:00,,,,,,,,,,,,,,,,
2022-12-24 07:00:00,2022-12-24 08:00:00,,,,,,,,,,,,,,,,
2022-12-24 08:00:00,2022-12-24 09:00:00,,,,,,,,,,,,,,,,
2022-12-24 09:00:00,2022-12-24 10:00:00,,,,,,,,,,,,,,,,
2022-12-24 10:00:00,2022-12-24 11:00:00,,,,,,,,,,,,,,,,
2022-12-24 11:00:00,2022-12-24 12:00:00,,,,,,,,,,,,,,,,
2022-12-24 12:00:00,2022-12-24 13:00:00,,,,,,,,,,,,,,,,
2022-12-24 13:00:00,2022-12-24 14:00:00,,,,,,,,,,,,,,,,
2022-12-24 14:00:00,2022-12-24 15:00:00,,,,,,,,,,,,,,,,
2022-12-24 15:00:00,2022-12-24 16:00:00,,,,,,,,,,,,,,,,
2022-12-24 16:00:00,2022-12-24 17:00:00,,,,,,,,,,,,,,,,
2022-12-24 17:00:00,2022-12-24 18:00:00,,,,,,,,,,,,,,,,
2022-12-24 18:00:00,2022-12-24 19:00:00,,,,,,,,,,,,,,,,
2022-12-24 19:00:00,2022-12-24 20:00:00,,,,,,,,,,,,,,,,
2022-12-24 20:00:00,2022-12-24 21:00:00,,,,,,,,,,,,,,,,
2022-12-24 21:00:00,2022-12-24 22:00:00,,,,,,,,,,,,,,,,
2022-12-24 22:00:00,2022-12-24 23:00:00,,,,,,,,,,,,,,,,
2022-12-24 23:00:00,2022-12-25 00:00:00,,,,,,,,,,,,,,,,
2022-12-25 00:00:00,2022-12-25 01:00:00,,,,,,,,,,,,,,,,
2022-12-25 01:00:00,2022-12-25 02:00:00,,,,,,,,,,,,,,,,
2022-12-25 02:00:00,2022-12-25 03:00:00,,,,,,,,,,,,,,,,
2022-12-25 03:00:00,2022-12-25 04:00:00,,,,,,,,,,,,,,,,
2022-12-25 04:00:00,2022-12-25 05:00:00,,,,,,,,,,,,,,,,
2022-12-25 05:00:00,2022-12-25 06:00:00,,,,,,,,,,,,,,,,
2022-12-25 06:00:00,2022-12-25 07:00:00,,,,,,,,,,,,,,,,
2022-12-25 07:00:00,2022-12-25 08:00:00,,,,,,,,,,,,,,,,
2022-12-25 08:00:00,2022-12-25 09:00:00,,,,,,,,,,,,,,,,
2022-12-25 09:00:00,2022-12-25 10:00:00,,,,,,,,,,,,,,,,
2022-12-25 10:00:00,2022-12-25 11:00:00,,,,,,,,,,,,,,,,
2022-12-25 11:00:00,2022-12-25 12:00:00,,,,,,,,,,,,,,,,
2022-12-25 12:00:00,2022-12-25 13:00:00,,,,,,,,,,,,,,,,
2022-12-25 13:00:00,2022-12-25 14:00:00,,,,,,,,,,,,,,,,
2022-12-25 14:00:00,2022-12-25 15:00:00,,,,,,,,,,,,,,,,
2022-12-25 15:00:00,2022-12-25 16:00:00,,,,,,,,,,,,,,,,
2022-12-25 16:00:00,2022-12-25 17:00:00,,,,,,,,,,,,,,,,
2022-12-25 17:00:00,2022-12-25 18:00:00,,,,,,,,,,,,,,,,
2022-12-25 18:00:00,2022-12-25 19:00:00,,,,,,,,,,,,,,,,
2022-12-25 19:00:00,2022-12-25 20:00:00,,,,,,,,,,,,,,,,
2022-12-25 20:00:00,2022-12-25 21:00:00,,,,,,,,,,,,,,,,
2022-12-25 21:00:00,2022-12-25 22:00:00,,,,,,,,,,,,,,,,
2022-12-25 22:00:00,2022-12-25 23:00:00,,,,,,,,,,,,,,,,
2022-12-25 23:00:00,2022-12-26 00:00:00,,,,,,,,,,,,,,,,
2022-12-26 00:00:00,2022-12-26 01:00:00,,,,,,,,,,,,,,,,
2022-12-26 01:00:00,2022-12-26 02:00:00,,,,,,,,,,,,,,,,
2022-12-26 02:00:00,2022-12-26 03:00:00,,,,,,,,,,,,,,,,
2022-12-26 03:00:00,2022-12-26 04:00:00,,,,,,,,,,,,,,,,
2022-12-26 04:00:00,2022-12-26 05:00:00,,,,,,,,,,,,,,,,
2022-12-26 05:00:00,2022-12-26 06:00:00,,,,,,,,,,,,,,,,
2022-12-26 06:00:00,2022-12-26 07:00:00,,,,,,,,,,,,,,,,
2022-12-26 07:00:00,2022-12-26 08:00:00,,,,,,,,,,,,,,,,
2022-12-26 08:00:00,2022-12-26 09:00:00,,,,,,,,,,,,,,,,
2022-12-26 09:00:00,2022-12-26 10:00:00,,,,,,,,,,,,,,,,
2022-12-26 10:00:00,2022-12-26 11:00:00,,,,,,,,,,,,,,,,
2022-12-26 11:00:00,2022-12-26 12:00:00,,,,,,,,,,,,,,,,
2022-12-26 12:00:00,2022-12-26 13:00:00,,,,,,,,,,,,,,,,
2022-12-26 13:00:00,2022-12-26 14:00:00,,,,,,,,,,,,,,,,
2022-12-26 14:00:00,2022-12-26 15:00:00,,,,,,,,,,,,,,,,
2022-12-26 15:00:00,2022-12-26 16:00:00,,,,,,,,,,,,,,,,
2022-12-26 16:00:00,2022-12-26 17:00:00,,,,,,,,,,,,,,,,
2022-12-26 17:00:00,2022-12-26 18:00:00,,,,,,,,,,,,,,,,
2022-12-26 18:00:00,2022-12-26 19:00:00,,,,,,,,,,,,,,,,
2022-12-26 19:00:00,2022-12-26 20:00:00,,,,,,,,,,,,,,,,
2022-12-26 20:00:00,2022-12-26 21:00:00,,,,,,,,,,,,,,,,
2022-12-26 21:00:00,2022-12-26 22:00:00,,,,,,,,,,,,,,,,
2022-12-26 22:00:00,2022-12-26 23:00:00,,,,,,,,,,,,,,,,
2022-12-26 23:00:00,2022-12-27 00:00:00,,,,,,,,,,,,,,,,
2022-12-27 00:00:00,2022-12-27 01:00:00,,,,,,,,,,,,,,,,
2022-12-27 01:00:00,2022-12-27 02:00:00,,,,,,,,,,,,,,,,
2022-12-27 02:00:00,2022-12-27 03:00:00,,,,,,,,,,,,,,,,
2022-12-27 03:00:00,2022-12-27 04:00:00,,,,,,,,,,,,,,,,
2022-12-27 04:00:00,2022-12-27 05:00:00,,,,,,,,,,,,,,,,
2022-12-27 05:00:00,2022-12-27 06:00:00,,,,,,,,,,,,,,,,
2022-12-27 06:00:00,2022-12-27 07:00:00,,,,,,,,,,,,,,,,
2022-12-27 07:00:00,2022-12-27 08:00:00,,,,,,,,,,,,,,,,
2022-12-27 08:00:00,2022-12-27 09:00:00,,,,,,,,,,,,,,,,
2022-12-27 09:00:00,2022-12-27 10:00:00,,,,,,,,,,,,,,,,
2022-12-27 10:00:00,2022-12-27 11:00:00,,,,,,,,,,,,,,,,
2022-12-27 11:00:00,2022-12-27 12:00:00,,,,,,,,,,,,,,,,
2022-12-27 12:00:00,2022-12-27 13:00:00,,,,,,,,,,,,,,,,
2022-12-27 13:00:00,2022-12-27 14:00:00,,,,,,,,,,,,,,,,
2022-12-27 14:00:00,2022-12-27 15:00:00,,,,,,,,,,,,,,,,
2022-12-27 15:00:00,2022-12-27 16:00:00,,,,,,,,,,,,,,,,
2022-12-27 16:00:00,2022-12-27 17:00:00,,,,,,,,,,,,,,,,
2022-12-27 17:00:00,2022-12-27 18:00:00,,,,,,,,,,,,,,,,
2022-12-27 18:00:00,2022-12-27 19:00:00,,,,,,,,,,,,,,,,
2022-12-27 19:00:00,2022-12-27 20:00:00,,,,,,,,,,,,,,,,
2022-12-27 20:00:00,2022-12-27 21:00:00,,,,,,,,,,,,,,,,
2022-12-27 21:00:00,2022-12-27 22:00:00,,,,,,,,,,,,,,,,
2022-12-27 22:00:00,2022-12-27 23:00:00,,,,,,,,,,,,,,,,
2022-12-27 23:00:00,2022-12-28 00:00:00,,,,,,,,,,,,,,,,
2022-12-28 00:00:00,2022-12-28 01:00:00,,,,,,,,,,,,,,,,
2022-12-28 01:00:00,2022-12-28 02:00:00,,,,,,,,,,,,,,,,
2022-12-28 02:00:00,2022-12-28 03:00:00,,,,,,,,,,,,,,,,
2022-12-28 03:00:00,2022-12-28 04:00:00,,,,,,,,,,,,,,,,
2022-12-28 04:00:00,2022-12-28 05:00:00,,,,,,,,,,,,,,,,
2022-12-28 05:00:00,2022-12-28 06:00:00,,,,,,,,,,,,,,,,
2022-12-28 06:00:00,2022-12-28 07:00:00,,,,,,,,,,,,,,,,
2022-12-28 07:00:00,2022-12-28 08:00:00,,,,,,,,,,,,,,,,
2022-12-28 08:00:00,2022-12-28 09:00:00,,,,,,,,,,,,,,,,
2022-12-28 09:00:00,2022-12-28 10:00:00,,,,,,,,,,,,,,,,
2022-12-28 10:00:00,2022-12-28 11:00:00,,,,,,,,,,,,,,,,
2022-12-28 11:00:00,2022-12-28 12:00:00,,,,,,,,,,,,,,,,
2022-12-28 12:00:00,2022-12-28 13:00:00,,,,,,,,,,,,,,,,
2022-12-28 13:00:00,2022-12-28 14:00:00,,,,,,,,,,,,,,,,
2022-12-28 14:00:00,2022-12-28 15:00:00,,,,,,,,,,,,,,,,
2022-12-28 15:00:00,2022-12-28 16:00:00,,,,,,,,,,,,,,,,
2022-12-28 16:00:00,2022-12-28 17:00:00,,,,,,,,,,,,,,,,
2022-12-28 17:00:00,2022-12-28 18:00:00,,,,,,,,,,,,,,,,
2022-12-28 18:00:00,2022-12-28 19:00:00,,,,,,,,,,,,,,,,
2022-12-28 19:00:00,2022-12-28 20:00:00,,,,,,,,,,,,,,,,
2022-12-28 20:00:00,2022-12-28 21:00:00,,,,,,,,,,,,,,,,
2022-12-28 21:00:00,2022-12-28 22:00:00,,,,,,,,,,,,,,,,
2022-12-28 22:00:00,2022-12-28 23:00:00,,,,,,,,,,,,,,,,
2022-12-28 23:00:00,2022-12-29 00:00:00,,,,,,,,,,,,,,,,
2022-12-29 00:00:00,2022-12-29 01:00:00,,,,,,,,,,,,,,,,
2022-12-29 01:00:00,2022-12-29 02:00:00,,,,,,,,,,,,,,,,
2022-12-29 02:00:00,2022-12-29 03:00:00,,,,,,,,,,,,,,,,
2022-12-29 03:00:00,2022-12-29 04:00:00,,,,,,,,,,,,,,,,
2022-12-29 04:00:00,2022-12-29 05:00:00,,,,,,,,,,,,,,,,
2022-12-29 05:00:00,2022-12-29 06:00:00,,,,,,,,,,,,,,,,
2022-12-29 06:00:00,2022-12-29 07:00:00,,,,,,,,,,,,,,,,
2022-12-29 07:00:00,2022-12-29 08:00:00,,,,,,,,,,,,,,,,
2022-12-29 08:00:00,2022-12-29 09:00:00,,,,,,,,,,,,,,,,
2022-12-29 09:00:00,2022-12-29 10:00:00,,,,,,,,,,,,,,,,
2022-12-29 10:00:00,2022-12-29 11:00:00,,,,,,,,,,,,,,,,
2022-12-29 11:00:00,2022-12-29 12:00:00,,,,,,,,,,,,,,,,
2022-12-29 12:00:00,2022-12-29 13:00:00,,,,,,,,,,,,,,,,
2022-12-29 13:00:00,2022-12-29 14:00:00,,,,,,,,,,,,,,,,
2022-12-29 14:00:00,2022-12-29 15:00:00,,,,,,,,,,,,,,,,
2022-12-29 15:00:00,2022-12-29 16:00:00,,,,,,,,,,,,,,,,
2022-12-29 16:00:00,2022-12-29 17:00:00,,,,,,,,,,,,,,,,
2022-12-29 17:00:00,2022-12-29 18:00:00,,,,,,,,,,,,,,,,
2022-12-29 18:00:00,2022-12-29 19:00:00,,,,,,,,,,,,,,,,
2022-12-29 19:00:00,2022-12-29 20:00:00,,,,,,,,,,,,,,,,
2022-12-29 20:00:00,2022-12-29 21:00:00,,,,,,,,,,,,,,,,
2022-12-29 21:00:00,2022-12-29 22:00:00,,,,,,,,,,,,,,,,
2022-12-29 22:00:00,2022-12-29 23:00:00,,,,,,,,,,,,,,,,
2022-12-29 23:00:00,2022-12-30 00:00:00,,,,,,,,,,,,,,,,
2022-12-30 00:00:00,2022-12-30 01:00:00,,,,,,,,,,,,,,,,
2022-12-30 01:00:00,2022-12-30 02:00:00,,,,,,,,,,,,,,,,
2022-12-30 02:00:00,2022-12-30 03:00:00,,,,,,,,,,,,,,,,
2022-12-30 03:00:00,2022-12-30 04:00:00,,,,,,,,,,,,,,,,
2022-12-30 04:00:00,2022-12-30 05:00:00,,,,,,,,,,,,,,,,
2022-12-30 05:00:00,2022-12-30 06:00:00,,,,,,,,,,,,,,,,
2022-12-30 06:00:00,2022-12-30 07:00:00,,,,,,,,,,,,,,,,
2022-12-30 07:00:00,2022-12-30 08:00:00,,,,,,,,,,,,,,,,
2022-12-30 08:00:00,2022-12-30 09:00:00,,,,,,,,,,,,,,,,
2022-12-30 09:00:00,2022-12-30 10:00:00,,,,,,,,,,,,,,,,
2022-12-30 10:00:00,2022-12-30 11:00:00,,,,,,,,,,,,,,,,
2022-12-30 11:00:00,2022-12-30 12:00:00,,,,,,,,,,,,,,,,
2022-12-30 12:00:00,2022-12-30 13:00:00,,,,,,,,,,,,,,,,
2022-12-30 13:00:00,2022-12-30 14:00:00,,,,,,,,,,,,,,,,
2022-12-30 14:00:00,2022-12-30 15:00:00,,,,,,,,,,,,,,,,
2022-12-30 15:00:00,2022-12-30 16:00:00,,,,,,,,,,,,,,,,
2022-12-30 16:00:00,2022-12-30 17:00:00,,,,,,,,,,,,,,,,
2022-12-30 17:00:00,2022-12-30 18:00:00,,,,,,,,,,,,,,,,
2022-12-30 18:00:00,2022-12-30 19:00:00,,,,,,,,,,,,,,,,
2022-12-30 19:00:00,2022-12-30 20:00:00,,,,,,,,,,,,,,,,
2022-12-30 20:00:00,2022-12-30 21:00:00,,,,,,,,,,,,,,,,
2022-12-30 21:00:00,2022-12-30 22:00:00,,,,,,,,,,,,,,,,
2022-12-30 22:00:00,2022-12-30 23:00:00,,,,,,,,,,,,,,,,
2022-12-30 23:00:00,2022-12-31 00:00:00,,,,,,,,,,,,,,,,
2022-12-31 00:00:00,2022-12-31 01:00:00,,,,,,,,,,,,,,,,
2022-12-31 01:00:00,2022-12-31 02:00:00,,,,,,,,,,,,,,,,
2022-12-31 02:00:00,2022-12-31 03:00:00,,,,,,,,,,,,,,,,
2022-12-31 03:00:00,2022-12-31 04:00:00,,,,,,,,,,,,,,,,
2022-12-31 04:00:00,2022-12-31 05:00:00,,,,,,,,,,,,,,,,
2022-12-31 05:00:00,2022-12-31 06:00:00,,,,,,,,,,,,,,,,
2022-12-31 06:00:00,2022-12-31 07:00:00,,,,,,,,,,,,,,,,
2022-12-31 07:00:00,2022-12-31 08:00:00,,,,,,,,,,,,,,,,
2022-12-31 08:00:00,2022-12-31 09:00:00,,,,,,,,,,,,,,,,
2022-12-31 09:00:00,2022-12-31 10:00:00,,,,,,,,,,,,,,,,
2022-12-31 10:00:00,2022-12-31 11:00:00,,,,,,,,,,,,,,,,
2022-12-31 11:00:00,2022-12-31 12:00:00,,,,,,,,,,,,,,,,
2022-12-31 12:00:00,2022-12-31 13:00:00,,,,,,,,,,,,,,,,
2022-12-31 13:00:00,2022-12-31 14:00:00,,,,,,,,,,,,,,,,
2022-12-31 14:00:00,2022-12-31 15:00:00,,,,,,,,,,,,,,,,
2022-12-31 15:00:00,2022-12-31 16:00:00,,,,,,,,,,,,,,,,
2022-12-31 16:00:00,2022-12-31 17:00:00,,,,,,,,,,,,,,,,
2022-12-31 17:00:00,2022-12-31 18:00:00,,,,,,,,,,,,,,,,
2022-12-31 18:00:00,2022-12-31 19:00:00,,,,,,,,,,,,,,,,
2022-12-31 19:00:00,2022-12-31 20:00:00,,,,,,,,,,,,,,,,
2022-12-31 20:00:00,2022-12-31 21:00:00,,,,,,,,,,,,,,,,
2022-12-31 21:00:00,2022-12-31 22:00:00,,,,,,,,,,,,,,,,
2022-12-31 22:00:00,2022-12-31 23:00:00,,,,,,,,,,,,,,,,
2022-12-31 23:00:00,2023-01-01 00:00:00,,,,,,,,,,,,,,,,
2023-01-01 00:00:00,2023-01-01 01:00:00,,,,,,,,,,,,,,,,
2023-01-01 01:00:00,2023-01-01 02:00:00,,,,,,,,,,,,,,,,
2023-01-01 02:00:00,2023-01-01 03:00:00,,,,,,,,,,,,,,,,
2023-01-01 03:00:00,2023-01-01 04:00:00,,,,,,,,,,,,,,,,
2023-01-01 04:00:00,2023-01-01 05:00:00,,,,,,,,,,,,,,,,
2023-01-01 05:00:00,2023-01-01 06:00:00,,,,,,,,,,,,,,,,
2023-01-01 06:00:00,2023-01-01 07:00:00,,,,,,,,,,,,,,,,
2023-01-01 07:00:00,2023-01-01 08:00:00,,,,,,,,,,,,,,,,
2023-01-01 08:00:00,2023-01-01 09:00:00,,,,,,,,,,,,,,,,
2023-01-01 09:00:00,2023-01-01 10:00:00,,,,,,,,,,,,,,,,
2023-01-01 10:00:00,2023-01-01 11:00:00,,,,,,,,,,,,,,,,
2023-01-01 11:00:00,2023-01-01 12:00:00,,,,,,,,,,,,,,,,
2023-01-01 12:00:00,2023-01-01 13:00:00,,,,,,,,,,,,,,,,
2023-01-01 13:00:00,2023-01-01 14:00:00,,,,,,,,,,,,,,,,
2023-01-01 14:00:00,2023-01-01 15:00:00,,,,,,,,,,,,,,,,
2023-01-01 15:00:00,2023-01-01 16:00:00,,,,,,,,,,,,,,,,
2023-01-01 16:00:00,2023-01-01 17:00:00,,,,,,,,,,,,,,,,
2023-01-01 17:00:00,2023-01-01 18:00:00,,,,,,,,,,,,,,,,
2023-01-01 18:00:00,2023-01-01 19:00:00,,,,,,,,,,,,,,,,
2023-01-01 19:00:00,2023-01-01 20:00:00,,,,,,,,,,,,,,,,
2023-01-01 20:00:00,2023-01-01 21:00:00,,,,,,,,,,,,,,,,
2023-01-01 21:00:00,2023-01-01 22:00:00,,,,,,,,,,,,,,,,
2023-01-01 22:00:00,2023-01-01 23:00:00,,,,,,,,,,,,,,,,
2023-01-01 23:00:00,2023-01-02 00:00:00,,,,,,,,,,,,,,,,
2023-01-02 00:00:00,2023-01-02 01:00:00,,,,,,,,,,,,,,,,
2023-01-02 01:00:00,2023-01-02 02:00:00,,,,,,,,,,,,,,,,
2023-01-02 02:00:00,2023-01-02 03:00:00,,,,,,,,,,,,,,,,
2023-01-02 03:00:00,2023-01-02 04:00:00,,,,,,,,,,,,,,,,
2023-01-02 04:00:00,2023-01-02 05:00:00,,,,,,,,,,,,,,,,
2023-01-02 05:00:00,2023-01-02 06:00:00,,,,,,,,,,,,,,,,
2023-01-02 06:00:00,2023-01-02 07:00:00,,,,,,,,,,,,,,,,
2023-01-02 07:00:00,2023-01-02 08:00:00,,,,,,,,,,,,,,,,
2023-01-02 08:00:00,2023-01-02 09:00:00,,,,,,,,,,,,,,,,
2023-01-02 09:00:00,2023-01-02 10:00:00,,,,,,,,,,,,,,,,
2023-01-02 10:00:00,2023-01-02 11:00:00,,,,,,,,,,,,,,,,
2023-01-02 11:00:00,2023-01-02 12:00:00,,,,,,,,,,,,,,,,
2023-01-02 12:00:00,2023-01-02 13:00:00,,,,,,,,,,,,,,,,
2023-01-02 13:00:00,2023-01-02 14:00:00,,,,,,,,,,,,,,,,
2023-01-02 14:00:00,2023-01-02 15:00:00,,,,,,,,,,,,,,,,
2023-01-02 15:00:00,2023-01-02 16:00:00,,,,,,,,,,,,,,,,
2023-01-02 16:00:00,2023-01-02 17:00:00,,,,,,,,,,,,,,,,
2023-01-02 17:00:00,2023-01-02 18:00:00,,,,,,,,,,,,,,,,
2023-01-02 18:00:00,2023-01-02 19:00:00,,,,,,,,,,,,,,,,
2023-01-02 19:00:00,2023-01-02 20:00:00,,,,,,,,,,,,,,,,
2023-01-02 20:00:00,2023-01-02 21:00:00,,,,,,,,,,,,,,,,
2023-01-02 21:00:00,2023-01-02 22:00:00,,,,,,,,,,,,,,,,
2023-01-02 22:00:00,2023-01-02 23:00:00,,,,,,,,,,,,,,,,
2023-01-02 23:00:00,2023-01-03 00:00:00,,,,,,,,,,,,,,,,
2023-01-03 00:00:00,2023-01-03 01:00:00,,,,,,,,,,,,,,,,
2023-01-03 01:00:00,2023-01-03 02:00:00,,,,,,,,,,,,,,,,
2023-01-03 02:00:00,2023-01-03 03:00:00,,,,,,,,,,,,,,,,
2023-01-03 03:00:00,2023-01-03 04:00:00,,,,,,,,,,,,,,,,
2023-01-03 04:00:00,2023-01-03 05:00:00,,,,,,,,,,,,,,,,
2023-01-03 05:00:00,2023-01-03 06:00:00,,,,,,,,,,,,,,,,
2023-01-03 06:00:00,2023-01-03 07:00:00,,,,,,,,,,,,,,,,
2023-01-03 07:00:00,2023-01-03 08:00:00,,,,,,,,,,,,,,,,
2023-01-03 08:00:00,2023-01-03 09:00:00,,,,,,,,,,,,,,,,
2023-01-03 09:00:00,2023-01-03 10:00:00,,,,,,,,,,,,,,,,
2023-01-03 10:00:00,2023-01-03 11:00:00,,,,,,,,,,,,,,,,
2023-01-03 11:00:00,2023-01-03 12:00:00,,,,,,,,,,,,,,,,
2023-01-03 12:00:00,2023-01-03 13:00:00,,,,,,,,,,,,,,,,
2023-01-03 13:00:00,2023-01-03 14:00:00,,,,,,,,,,,,,,,,
2023-01-03 14:00:00,2023-01-03 15:00:00,,,,,,,,,,,,,,,,
2023-01-03 15:00:00,2023-01-03 16:00:00,,,,,,,,,,,,,,,,
2023-01-03 16:00:00,2023-01-03 17:00:00,79.73,117.95,1.44,24.31,15.0,11.71,11.61,0.84,94.08,1.91,65.59,0.83,156.61,59.37,0.0,26.73
2023-01-03 17:00:00,2023-01-03 18:00:00,84.51,147.27,1.52,34.63,20.45,12.81,6.52,0.94,56.78,2.33,78.68,0.86,298.29,27.75,0.0,23.91
2023-01-03 18:00:00,2023-01-03 19:00:00,88.69,177.46,1.83,35.41,21.09,13.71,6.1,1.17,33.71,4.28,87.33,0.64,251.28,24.65,0.0,22.04
2023-01-03 19:00:00,2023-01-03 20:00:00,90.99,192.79,1.77,30.09,18.27,12.52,5.88,1.2,29.07,4.4,91.17,1.05,306.76,24.52,0.0,21.14
2023-01-03 20:00:00,2023-01-03 21:00:00,95.14,173.81,1.69,31.77,19.09,13.43,4.81,1.47,17.09,4.92,92.97,0.91,250.68,24.55,0.0,20.49
2023-01-03 21:00:00,2023-01-03 22:00:00,101.06,171.37,1.65,27.68,16.92,12.35,5.56,1.37,24.67,4.92,93.7,0.75,191.1,24.5,0.0,20.16
2023-01-03 22:00:00,2023-01-03 23:00:00,101.7,159.46,1.66,22.51,14.22,10.79,5.83,1.22,29.1,3.96,92.99,1.09,184.2,24.6,0.0,20.03
2023-01-03 23:00:00,2023-01-04 00:00:00,99.1,150.76,1.8,23.11,14.65,10.86,5.85,1.14,28.5,3.46,91.28,1.08,277.46,24.35,0.0,19.59
2023-01-04 00:00:00,2023-01-04 01:00:00,93.64,141.02,1.39,17.75,11.52,9.11,6.43,1.02,30.82,2.94,90.87,0.8,176.41,24.57,0.0,19.28
2023-01-04 01:00:00,2023-01-04 02:00:00,82.63,120.56,1.41,16.35,10.82,8.76,6.49,0.96,29.41,2.99,93.01,0.99,317.49,24.5,0.0,18.71
2023-01-04 02:00:00,2023-01-04 03:00:00,65.88,118.01,3.26,20.1,14.2,10.66,6.69,1.0,18.96,2.94,93.53,0.81,113.7,24.62,0.0,18.02
2023-01-04 03:00:00,2023-01-04 04:00:00,40.1,115.07,1.57,18.53,12.08,9.46,6.92,0.96,15.81,3.02,95.47,0.89,81.4,24.5,0.0,17.42
2023-01-04 04:00:00,2023-01-04 05:00:00,26.9,104.41,1.61,15.92,10.74,8.84,5.76,0.95,15.13,2.83,95.89,0.89,48.35,24.62,0.0,16.9
2023-01-04 05:00:00,2023-01-04 06:00:00,17.45,96.09,1.76,16.07,10.94,8.65,6.62,0.95,10.77,2.74,96.25,0.93,211.96,24.32,0.0,16.36
2023-01-04 06:00:00,2023-01-04 07:00:00,16.53,97.64,4.5,20.95,15.6,11.16,6.98,1.04,14.86,3.07,96.57,0.81,333.58,28.55,0.0,17.33
2023-01-04 07:00:00,2023-01-04 08:00:00,18.53,98.29,10.4,23.85,21.59,15.42,7.77,1.35,16.11,3.68,94.89,1.56,351.13,62.03,0.0,18.15
2023-01-04 08:00:00,2023-01-04 09:00:00,18.79,111.5,7.28,23.15,18.91,14.3,7.06,1.43,24.98,3.21,87.63,1.56,176.25,119.03,0.0,19.43
2023-01-04 09:00:00,2023-01-04 10:00:00,19.76,124.21,6.42,24.92,19.16,13.99,6.73,1.15,29.95,3.03,78.81,1.39,265.66,193.88,0.0,21.21
2023-01-04 10:00:00,2023-01-04 11:00:00,18.59,149.32,4.11,24.27,17.04,12.12,6.36,0.94,40.37,2.7,74.33,1.76,351.71,192.05,0.0,21.8
2023-01-04 11:00:00,2023-01-04 12:00:00,27.0,135.17,3.79,24.34,16.83,12.01,6.83,1.15,40.61,2.47,70.78,1.54,347.18,219.8,0.0,22.37
2023-01-04 12:00:00,2023-01-04 13:00:00,33.52,131.08,3.48,24.39,16.61,11.86,7.65,1.06,47.28,2.59,66.81,1.38,177.64,179.53,0.0,23.91
2023-01-04 13:00:00,2023-01-04 14:00:00,28.72,133.51,10.29,23.56,20.93,14.62,7.07,0.93,52.1,2.73,71.81,1.76,353.86,86.6,0.0,22.39
2023-01-04 14:00:00,2023-01-04 15:00:00,21.05,129.82,7.22,25.13,20.14,14.26,7.78,1.11,50.72,2.72,71.41,1.57,353.4,117.0,0.0,22.49
2023-01-04 15:00:00,2023-01-04 16:00:00,38.19,129.05,3.46,23.79,16.29,12.5,7.26,1.05,50.2,2.89,73.86,1.5,351.56,52.12,0.0,21.98
2023-01-04 16:00:00,2023-01-04 17:00:00,48.69,121.78,2.19,22.4,14.58,11.12,8.58,1.05,46.98,2.81,74.27,1.37,348.95,59.92,0.0,22.08
2023-01-04 17:00:00,2023-01-04 18:00:00,,,2.28,22.72,14.81,11.18,9.01,0.98,45.45,3.03,76.6,1.36,346.21,26.98,0.0,21.59
2023-01-04 18:00:00,2023-01-04 19:00:00,,105.45,1.39,19.94,12.68,10.22,9.4,0.97,48.77,3.06,78.46,1.52,347.25,24.6,0.0,21.07
2023-01-04 19:00:00,2023-01-04 20:00:00,,91.17,1.55,20.62,13.16,10.25,9.74,1.03,44.71,2.74,80.42,1.41,336.7,24.77,0.0,20.71
2023-01-04 20:00:00,2023-01-04 21:00:00,,87.15,1.32,19.95,12.63,10.11,7.78,1.02,44.94,2.83,80.78,1.41,258.44,24.6,0.0,20.64
2023-01-04 21:00:00,2023-01-04 22:00:00,,85.42,1.24,17.29,11.18,9.34,8.78,0.94,45.35,2.64,79.95,1.46,344.51,25.0,0.0,20.68
2023-01-04 22:00:00,2023-01-04 23:00:00,,84.79,1.22,15.09,10.01,8.67,8.47,0.85,52.5,2.35,79.69,1.48,347.99,24.95,0.0,20.75
2023-01-04 23:00:00,2023-01-05 00:00:00,,74.22,1.18,15.37,10.13,8.6,9.02,0.94,55.55,2.23,80.19,1.38,343.76,25.0,0.0,20.62
2023-01-05 00:00:00,2023-01-05 01:00:00,,73.97,1.15,14.07,9.42,8.1,6.11,0.78,58.95,2.21,81.57,1.3,346.84,25.02,0.0,20.43
2023-01-05 01:00:00,2023-01-05 02:00:00,,,1.15,14.13,9.45,8.1,7.04,0.76,60.7,2.08,83.0,1.03,344.71,25.08,0.0,20.21
2023-01-05 02:00:00,2023-01-05 03:00:00,,64.8,1.17,15.41,10.13,8.43,6.64,0.79,47.66,2.02,85.91,0.85,218.73,24.85,0.0,19.79
2023-01-05 03:00:00,2023-01-05 04:00:00,,62.86,1.24,14.23,9.57,8.06,6.38,0.76,36.2,2.21,86.78,0.83,279.62,24.85,0.0,19.84
2023-01-05 04:00:00,2023-01-05 05:00:00,,56.48,1.19,14.54,9.7,8.0,7.5,0.69,56.68,1.97,82.94,0.83,339.62,25.0,0.0,20.0
2023-01-05 05:00:00,2023-01-05 06:00:00,,53.8,1.18,14.91,9.88,8.06,8.14,0.7,47.82,1.9,85.44,1.14,339.79,24.9,0.0,19.41
2023-01-05 06:00:00,2023-01-05 07:00:00,,47.57,1.22,15.6,10.28,8.33,8.02,0.75,51.46,2.03,84.71,1.36,345.86,28.35,0.0,19.37
2023-01-05 07:00:00,2023-01-05 08:00:00,,36.54,1.26,14.69,9.84,8.06,8.08,0.79,56.09,2.02,81.19,1.4,351.65,69.3,0.0,19.87
2023-01-05 08:00:00,2023-01-05 09:00:00,,42.89,2.48,17.0,11.98,9.13,9.07,0.88,50.98,2.17,75.24,1.3,179.56,150.4,0.0,21.19
2023-01-05 09:00:00,2023-01-05 10:00:00,,49.12,1.67,14.99,10.3,8.27,8.69,0.82,53.59,2.17,69.67,1.41,178.1,250.88,0.0,22.72
2023-01-05 10:00:00,2023-01-05 11:00:00,,69.42,2.18,17.36,11.93,8.82,9.29,1.04,52.79,2.33,62.31,1.3,176.16,358.08,0.0,24.63
2023-01-05 11:00:00,2023-01-05 12:00:00,,69.54,2.3,18.59,12.68,9.1,8.32,0.89,57.08,2.23,59.44,1.55,179.53,399.1,0.0,25.43
2023-01-05 12:00:00,2023-01-05 13:00:00,,77.66,1.97,17.38,11.79,9.23,6.12,0.87,62.27,2.11,59.02,1.64,350.62,334.8,0.0,25.42
2023-01-05 13:00:00,2023-01-05 14:00:00,,78.52,1.81,16.35,11.12,8.5,6.83,0.89,65.26,2.19,58.47,1.63,177.06,307.8,0.0,25.79
2023-01-05 14:00:00,2023-01-05 15:00:00,,78.27,2.53,17.35,12.21,9.55,6.55,0.84,66.95,2.23,57.83,1.46,352.12,281.23,0.0,26.08
2023-01-05 15:00:00,2023-01-05 16:00:00,,80.05,1.34,16.08,10.62,8.55,6.64,0.84,71.38,2.16,58.99,1.49,263.43,157.15,0.0,25.77
2023-01-05 16:00:00,2023-01-05 17:00:00,,77.84,1.28,16.7,10.9,8.68,5.94,0.82,69.89,2.14,63.47,1.35,177.94,69.42,0.0,24.62
2023-01-05 17:00:00,2023-01-05 18:00:00,,78.51,1.89,22.15,14.21,10.33,6.51,0.93,49.26,2.38,71.31,1.25,338.77,27.67,0.0,22.9
2023-01-05 18:00:00,2023-01-05 19:00:00,,93.11,1.66,26.42,16.27,11.98,6.97,1.05,45.13,3.04,77.08,0.69,277.58,24.73,0.0,21.74
2023-01-05 19:00:00,2023-01-05 20:00:00,,101.39,2.9,29.39,18.77,13.34,6.92,1.01,34.67,3.87,84.16,0.88,267.92,24.62,0.0,20.33
2023-01-05 20:00:00,2023-01-05 21:00:00,,115.72,1.85,26.16,16.28,12.28,6.38,1.02,39.62,4.63,82.37,0.84,303.84,24.45,0.0,19.96
2023-01-05 21:00:00,2023-01-05 22:00:00,,103.07,2.17,23.94,15.37,12.03,6.54,0.85,40.62,3.91,76.25,1.05,324.8,24.6,0.0,19.65
2023-01-05 22:00:00,2023-01-05 23:00:00,,98.36,1.28,20.88,13.07,9.94,6.63,0.78,43.83,2.57,71.91,1.11,333.24,24.6,0.0,19.05
2023-01-05 23:00:00,2023-01-06 00:00:00,,94.62,1.21,18.68,11.88,9.15,6.54,0.66,44.14,1.83,75.0,0.85,271.72,24.62,0.0,18.34
2023-01-06 00:00:00,2023-01-06 01:00:00,,78.08,1.28,17.22,11.17,8.39,6.0,0.58,55.77,1.55,73.48,1.31,331.51,24.3,0.0,17.92
2023-01-06 01:00:00,2023-01-06 02:00:00,,78.28,1.23,16.68,10.85,8.27,6.55,0.56,58.12,1.2,75.62,1.23,332.41,24.62,0.0,17.21
2023-01-06 02:00:00,2023-01-06 03:00:00,,74.7,1.21,15.31,10.12,7.92,6.27,0.56,62.86,1.16,75.56,1.08,178.33,24.23,0.0,16.97
2023-01-06 03:00:00,2023-01-06 04:00:00,,70.07,1.18,14.77,9.81,7.74,6.08,0.52,66.94,1.06,74.45,1.38,331.28,24.3,0.0,16.81
2023-01-06 04:00:00,2023-01-06 05:00:00,,66.59,1.19,15.4,10.15,7.76,5.83,0.51,61.49,1.02,78.31,1.49,343.14,24.3,0.0,15.83
2023-01-06 05:00:00,2023-01-06 06:00:00,,65.33,1.19,16.07,10.5,8.01,6.21,0.53,59.41,1.02,79.76,1.46,341.49,24.15,0.0,15.29
2023-01-06 06:00:00,2023-01-06 07:00:00,,67.14,1.24,17.5,11.29,8.58,6.29,0.57,49.3,1.19,83.69,1.3,334.97,30.02,0.0,14.58
2023-01-06 07:00:00,2023-01-06 08:00:00,,69.25,1.63,19.32,12.54,9.34,5.71,0.61,48.42,1.49,78.0,1.49,344.41,112.82,0.0,16.0
2023-01-06 08:00:00,2023-01-06 09:00:00,,65.72,2.45,21.23,14.17,9.91,6.21,0.71,52.81,1.38,64.79,1.46,90.12,287.9,0.0,19.2
2023-01-06 09:00:00,2023-01-06 10:00:00,,57.86,3.83,27.17,18.34,11.84,8.65,0.89,42.87,1.27,49.77,1.19,266.61,482.93,0.0,22.62
2023-01-06 10:00:00,2023-01-06 11:00:00,,53.96,5.0,33.72,22.66,13.16,63.28,1.0,56.3,1.01,34.34,1.07,267.96,630.25,0.0,25.67
2023-01-06 11:00:00,2023-01-06 12:00:00,,61.22,18.78,54.84,44.73,20.73,64.87,0.74,40.21,0.7,24.89,0.82,179.48,693.4,0.0,27.77
2023-01-06 12:00:00,2023-01-06 13:00:00,38.04,49.4,12.21,51.55,38.27,22.59,48.2,0.56,59.18,0.52,21.98,1.44,264.04,716.6,0.0,28.64
2023-01-06 13:00:00,2023-01-06 14:00:00,,,5.05,43.41,27.77,16.03,60.68,0.48,69.98,0.55,21.11,1.29,350.83,666.17,0.0,29.72
2023-01-06 14:00:00,2023-01-06 15:00:00,,,1.5,17.71,11.59,7.63,32.23,0.29,86.47,0.41,20.09,1.39,348.22,562.4,0.0,29.41
2023-01-06 15:00:00,2023-01-06 16:00:00,,,2.1,17.39,12.39,6.53,25.0,0.41,97.43,0.29,17.24,1.58,178.81,161.78,0.0,28.2
2023-01-06 16:00:00,2023-01-06 17:00:00,,,1.39,14.76,9.96,4.85,23.43,0.43,90.7,0.31,17.69,1.35,266.02,61.67,0.0,26.37
2023-01-06 17:00:00,2023-01-06 18:00:00,,,1.41,18.05,11.7,5.48,22.44,0.4,83.55,0.38,25.63,0.65,226.21,29.0,0.0,23.66
2023-01-06 18:00:00,2023-01-06 19:00:00,26.57,37.34,1.27,18.01,11.57,5.69,19.58,0.55,77.69,1.12,30.74,0.61,230.87,24.0,0.0,21.69
2023-01-06 19:00:00,2023-01-06 20:00:00,30.79,37.2,1.25,18.4,11.76,5.75,17.8,0.49,66.41,1.22,38.4,0.78,144.55,24.4,0.0,20.02
2023-01-06 20:00:00,2023-01-06 21:00:00,35.66,50.18,1.25,17.34,11.21,5.26,14.22,0.39,63.74,0.79,42.41,0.95,264.93,24.22,0.0,18.7
2023-01-06 21:00:00,2023-01-06 22:00:00,36.3,48.13,1.85,23.29,14.78,7.08,13.65,0.51,47.97,0.78,52.15,0.85,300.36,24.4,0.0,17.36
2023-01-06 22:00:00,2023-01-06 23:00:00,39.39,60.06,1.41,26.36,16.05,8.47,12.94,0.64,35.05,1.0,63.76,0.95,265.35,24.32,0.0,15.8
2023-01-06 23:00:00,2023-01-07 00:00:00,44.75,65.38,1.5,26.79,16.34,8.69,12.15,0.58,30.35,1.69,68.5,0.8,280.46,24.2,0.0,14.68
2023-01-07 00:00:00,2023-01-07 01:00:00,43.36,60.66,1.39,22.59,14.06,7.26,11.04,0.44,34.2,0.84,68.55,1.05,317.91,24.05,0.0,14.23
2023-01-07 01:00:00,2023-01-07 02:00:00,42.64,70.27,1.94,24.91,15.7,7.88,10.63,0.49,21.53,1.25,77.88,0.38,245.89,24.25,0.0,12.88
2023-01-07 02:00:00,2023-01-07 03:00:00,43.62,70.32,1.83,23.62,14.94,7.74,9.84,0.51,18.07,2.79,83.04,0.65,200.52,23.88,0.0,11.81
2023-01-07 03:00:00,2023-01-07 04:00:00,44.92,68.56,1.41,19.4,12.41,6.47,11.03,0.42,46.67,1.71,66.88,1.08,332.55,23.0,0.0,14.1
2023-01-07 04:00:00,2023-01-07 05:00:00,35.17,49.33,1.28,17.63,11.38,5.91,11.62,0.46,45.1,0.85,69.61,0.87,273.78,24.4,0.0,12.8
2023-01-07 05:00:00,2023-01-07 06:00:00,36.64,43.03,1.31,18.61,11.92,6.07,12.22,0.44,33.37,1.65,82.3,0.87,332.01,24.08,0.0,11.42
2023-01-07 06:00:00,2023-01-07 07:00:00,38.62,47.5,1.6,21.26,13.52,6.86,11.52,0.45,22.44,1.02,85.42,0.75,271.44,30.35,0.0,10.91
2023-01-07 07:00:00,2023-01-07 08:00:00,40.05,46.38,4.67,27.86,19.34,10.27,11.7,0.59,19.51,1.77,71.52,1.02,136.89,121.52,0.0,14.08
2023-01-07 08:00:00,2023-01-07 09:00:00,,,5.86,27.18,19.99,11.11,12.14,0.57,43.24,1.41,53.11,1.18,88.73,305.48,0.0,19.29
2023-01-07 09:00:00,2023-01-07 10:00:00,,,4.06,26.14,18.17,9.65,21.96,1.22,59.86,1.16,34.33,0.82,254.39,486.88,0.0,23.92
2023-01-07 10:00:00,2023-01-07 11:00:00,,2.55,2.79,26.04,16.94,8.38,,1.33,72.72,0.66,24.5,0.94,12.41,626.2,0.0,26.51
2023-01-07 11:00:00,2023-01-07 12:00:00,,,11.09,48.0,34.83,14.76,,0.79,52.97,0.47,19.52,0.67,258.24,689.55,0.0,28.1
2023-01-07 12:00:00,2023-01-07 13:00:00,,,39.3,76.88,76.68,36.55,7.21,0.71,30.37,0.38,13.93,0.9,280.34,711.12,0.0,29.09
2023-01-07 13:00:00,2023-01-07 14:00:00,,,43.65,75.47,80.52,42.53,,0.73,28.28,0.26,9.3,0.98,337.17,654.4,0.0,30.2
2023-01-07 14:00:00,2023-01-07 15:00:00,37.8,45.27,8.53,39.68,28.51,19.57,72.62,0.32,71.59,0.21,12.86,1.31,343.92,572.5,0.0,30.17
2023-01-07 15:00:00,2023-01-07 16:00:00,31.45,43.71,3.54,21.2,14.99,9.83,48.03,0.23,91.59,0.21,16.28,1.48,346.26,165.95,0.0,28.42
2023-01-07 16:00:00,2023-01-07 17:00:00,22.77,44.15,2.1,21.52,14.05,7.86,37.72,0.28,83.09,0.25,20.95,1.34,346.57,57.52,0.0,26.54
2023-01-07 17:00:00,2023-01-07 18:00:00,24.97,39.94,1.69,25.13,15.62,8.0,33.07,0.31,71.24,0.43,25.56,0.78,330.43,28.9,0.0,23.62
2023-01-07 18:00:00,2023-01-07 19:00:00,28.5,39.6,1.59,29.43,17.79,7.85,30.21,0.42,59.93,0.73,30.09,0.89,292.53,24.52,0.0,21.87
2023-01-07 19:00:00,2023-01-07 20:00:00,32.91,49.56,1.54,42.23,24.44,11.68,31.19,0.67,33.99,1.61,44.27,0.75,149.62,24.58,0.0,18.85
2023-01-07 20:00:00,2023-01-07 21:00:00,45.36,66.92,3.77,45.07,27.64,15.1,25.38,1.02,22.3,7.07,51.51,0.89,212.16,24.2,0.0,17.52
2023-01-07 21:00:00,2023-01-07 22:00:00,53.58,75.46,3.48,38.02,23.75,13.45,23.69,0.71,26.82,2.59,54.99,0.73,284.14,24.17,0.0,16.57
2023-01-07 22:00:00,2023-01-07 23:00:00,57.37,88.02,1.79,34.83,20.76,10.69,24.35,0.53,25.46,1.33,54.8,1.1,318.86,24.05,0.0,16.43
2023-01-07 23:00:00,2023-01-08 00:00:00,46.42,67.41,1.91,37.19,22.09,10.66,34.55,0.73,29.41,0.68,45.22,1.13,228.01,23.73,0.0,16.93
2023-01-08 00:00:00,2023-01-08 01:00:00,47.78,57.79,1.92,42.36,24.8,11.84,39.32,0.69,16.02,1.21,56.63,0.61,239.62,24.48,0.0,14.57
2023-01-08 01:00:00,2023-01-08 02:00:00,53.72,65.39,1.81,34.28,20.49,9.91,36.2,0.52,25.09,3.11,54.95,1.06,315.89,23.9,0.0,14.17
2023-01-08 02:00:00,2023-01-08 03:00:00,51.02,58.06,1.52,28.96,17.49,8.12,29.23,0.32,36.93,0.74,48.56,1.33,329.08,23.7,0.0,15.23
2023-01-08 03:00:00,2023-01-08 04:00:00,45.31,53.18,1.35,25.69,15.64,6.91,26.0,0.28,41.38,0.51,46.34,1.43,336.62,23.65,0.0,15.3
2023-01-08 04:00:00,2023-01-08 05:00:00,37.43,63.65,1.44,26.54,16.16,7.03,26.03,0.41,24.95,0.57,60.41,0.54,153.45,24.73,0.0,12.72
2023-01-08 05:00:00,2023-01-08 06:00:00,36.98,71.74,1.55,25.44,15.67,6.7,24.87,0.3,26.75,0.66,59.62,1.05,291.77,24.05,0.0,12.0
2023-01-08 06:00:00,2023-01-08 07:00:00,32.68,63.25,1.87,28.55,17.54,7.54,22.62,0.34,19.28,0.68,64.9,0.62,264.57,30.22,0.0,11.66
2023-01-08 07:00:00,2023-01-08 08:00:00,34.79,57.84,6.96,32.14,23.36,10.91,20.32,0.6,12.92,2.99,61.17,0.89,61.0,123.27,0.0,14.31
2023-01-08 08:00:00,2023-01-08 09:00:00,50.49,84.31,5.18,28.05,19.84,9.63,19.0,0.51,31.52,4.11,43.86,1.0,46.15,306.62,0.0,18.91
2023-01-08 09:00:00,2023-01-08 10:00:00,59.35,100.16,5.87,30.53,21.67,10.05,23.75,0.48,40.97,1.47,29.73,0.75,86.46,495.95,0.0,23.44
2023-01-08 10:00:00,2023-01-08 11:00:00,55.77,98.93,3.95,25.03,17.31,7.08,19.96,0.21,55.28,0.71,11.35,0.54,61.49,651.9,0.0,27.58
2023-01-08 11:00:00,2023-01-08 12:00:00,39.87,76.76,2.87,19.76,13.72,4.44,15.03,0.15,64.64,0.29,5.61,0.68,105.18,738.0,0.0,29.37
2023-01-08 12:00:00,2023-01-08 13:00:00,28.73,61.19,3.83,24.64,17.02,5.04,14.96,0.19,59.85,0.24,6.39,0.96,154.92,748.68,0.0,30.35
2023-01-08 13:00:00,2023-01-08 14:00:00,21.09,48.41,7.38,40.29,27.93,10.08,28.1,0.47,47.61,0.27,6.4,0.91,182.21,690.92,0.0,31.57
2023-01-08 14:00:00,2023-01-08 15:00:00,21.72,47.17,11.98,56.69,40.06,15.37,40.78,0.51,39.02,0.25,7.5,1.11,351.55,575.83,0.0,31.75
2023-01-08 15:00:00,2023-01-08 16:00:00,20.82,48.57,9.98,53.14,36.66,14.64,40.41,0.36,40.99,0.22,9.85,0.56,270.89,164.97,0.0,30.34
2023-01-08 16:00:00,2023-01-08 17:00:00,18.55,47.71,3.41,36.76,23.03,10.53,31.39,0.21,45.56,0.19,16.77,0.82,247.85,53.55,0.0,27.61
2023-01-08 17:00:00,2023-01-08 18:00:00,18.77,38.02,1.78,30.96,18.73,7.95,24.89,0.24,42.75,0.31,22.14,1.0,287.42,28.82,0.0,24.25
2023-01-08 18:00:00,2023-01-08 19:00:00,16.99,51.57,1.96,33.34,20.12,8.57,23.97,0.4,34.52,0.72,31.32,0.88,237.13,24.75,0.0,21.47
2023-01-08 19:00:00,2023-01-08 20:00:00,17.43,69.85,2.65,39.63,23.93,10.72,24.07,0.66,18.96,1.3,46.39,0.45,308.56,24.62,0.0,19.01
2023-01-08 20:00:00,2023-01-08 21:00:00,33.1,84.77,2.72,37.67,22.96,12.4,19.39,0.71,16.82,3.1,50.48,0.47,209.76,24.05,0.0,17.83
2023-01-08 21:00:00,2023-01-08 22:00:00,38.51,89.64,4.89,37.7,24.66,11.89,18.18,0.74,20.25,1.62,63.34,0.69,264.08,24.45,0.0,16.07
2023-01-08 22:00:00,2023-01-08 23:00:00,44.33,88.24,4.96,36.96,24.32,12.22,16.5,0.74,,1.63,67.68,0.71,239.51,24.12,0.0,15.07
2023-01-08 23:00:00,2023-01-09 00:00:00,44.42,82.85,6.82,37.39,25.98,13.06,15.46,0.8,,1.97,72.36,0.76,209.91,24.2,0.0,14.23
2023-01-09 00:00:00,2023-01-09 01:00:00,42.3,82.93,3.84,31.06,20.38,10.39,14.54,0.63,,1.75,76.01,0.61,196.54,24.08,0.0,13.29
2023-01-09 01:00:00,2023-01-09 02:00:00,37.86,77.59,3.18,27.43,17.97,8.85,14.73,0.47,,1.18,77.22,0.46,185.15,24.05,0.0,12.53
2023-01-09 02:00:00,2023-01-09 03:00:00,33.2,64.97,2.88,25.59,16.77,7.96,14.54,0.44,,0.91,80.71,0.75,225.74,24.2,0.0,11.71
2023-01-09 03:00:00,2023-01-09 04:00:00,26.53,50.23,2.29,23.76,15.37,7.09,14.28,0.39,,0.69,79.55,0.79,202.47,24.02,0.0,11.49
2023-01-09 04:00:00,2023-01-09 05:00:00,26.23,45.69,2.49,23.51,15.38,6.94,10.79,0.39,,0.72,82.89,0.85,59.26,24.18,0.0,10.96
2023-01-09 05:00:00,2023-01-09 06:00:00,21.17,40.57,3.69,20.29,14.63,6.41,10.32,0.39,,0.72,87.01,0.88,49.65,24.2,0.0,9.92
2023-01-09 06:00:00,2023-01-09 07:00:00,24.24,36.42,5.5,19.14,15.44,6.62,9.74,0.34,2.44,0.73,85.71,0.9,106.95,29.6,0.0,9.78
2023-01-09 07:00:00,2023-01-09 08:00:00,24.92,40.88,21.53,31.78,34.86,17.95,10.87,0.55,8.26,0.99,65.41,0.98,112.56,119.38,0.0,15.11
2023-01-09 08:00:00,2023-01-09 09:00:00,47.57,184.62,22.91,36.94,38.11,18.77,14.24,0.69,18.11,2.27,50.41,0.91,32.42,295.62,0.0,20.26
2023-01-09 09:00:00,2023-01-09 10:00:00,59.79,263.21,8.06,29.34,22.74,11.97,21.5,0.72,35.57,1.15,33.64,0.68,177.03,481.52,0.0,25.25
2023-01-09 10:00:00,2023-01-09 11:00:00,59.4,190.06,7.98,31.1,23.77,11.55,21.27,0.74,47.05,0.67,24.8,1.02,109.83,600.9,0.0,28.27
2023-01-09 11:00:00,2023-01-09 12:00:00,65.76,301.54,45.0,70.49,73.71,33.34,46.66,1.36,26.7,0.74,20.13,0.72,115.66,650.62,0.0,30.11
2023-01-09 12:00:00,2023-01-09 13:00:00,74.57,319.12,67.88,78.58,97.35,46.74,73.43,0.59,18.07,0.55,14.87,0.69,148.26,664.12,0.0,31.82
2023-01-09 13:00:00,2023-01-09 14:00:00,73.02,264.95,54.56,70.95,86.82,41.7,76.99,0.83,22.69,0.53,10.64,1.13,179.84,633.7,0.0,32.95
2023-01-09 14:00:00,2023-01-09 15:00:00,61.04,164.81,31.94,70.94,67.19,34.17,61.91,0.61,28.92,0.31,6.42,1.13,264.81,551.95,0.0,33.48
2023-01-09 15:00:00,2023-01-09 16:00:00,51.68,158.22,8.8,38.56,28.14,17.8,42.57,0.29,61.12,0.39,8.78,1.06,253.97,179.8,0.0,32.11
2023-01-09 16:00:00,2023-01-09 17:00:00,38.63,102.8,4.02,30.24,20.09,10.88,25.44,0.27,74.32,0.35,17.78,1.06,335.3,56.18,0.0,29.68
2023-01-09 17:00:00,2023-01-09 18:00:00,36.48,104.25,4.59,51.84,31.82,16.05,22.24,0.35,36.57,0.67,24.87,1.12,253.29,29.57,0.0,25.33
2023-01-09 18:00:00,2023-01-09 19:00:00,38.63,107.59,3.78,44.46,28.07,15.88,20.08,0.75,27.08,1.42,29.77,0.7,203.31,24.67,0.0,23.1
2023-01-09 19:00:00,2023-01-09 20:00:00,36.81,88.34,2.21,29.56,18.33,10.35,18.75,0.57,44.3,1.51,43.33,0.62,222.7,24.78,0.0,21.02
2023-01-09 20:00:00,2023-01-09 21:00:00,45.54,102.07,5.65,44.51,28.8,14.85,17.95,1.17,16.28,2.5,61.6,1.07,202.37,24.62,0.0,18.62
2023-01-09 21:00:00,2023-01-09 22:00:00,56.05,121.73,4.12,34.86,22.58,12.87,17.95,0.83,21.73,3.21,65.41,0.88,245.51,23.93,0.0,17.81
2023-01-09 22:00:00,2023-01-09 23:00:00,56.46,99.75,3.36,31.23,20.09,10.17,17.14,0.69,18.4,1.43,71.11,1.1,157.41,24.57,0.0,16.73
2023-01-09 23:00:00,2023-01-10 00:00:00,49.91,78.93,2.15,31.75,19.44,10.13,15.29,0.72,14.38,1.81,76.42,0.57,151.35,24.12,0.0,15.58
2023-01-10 00:00:00,2023-01-10 01:00:00,48.68,59.44,1.9,25.27,15.86,8.16,11.85,0.58,17.31,1.39,80.36,0.66,254.6,24.25,0.0,14.66
2023-01-10 01:00:00,2023-01-10 02:00:00,47.23,67.94,2.33,26.99,17.08,8.56,12.14,0.62,8.62,1.72,84.97,0.61,123.34,24.17,0.0,13.8
2023-01-10 02:00:00,2023-01-10 03:00:00,44.05,63.01,2.09,23.29,14.97,7.39,12.41,0.5,16.57,1.2,85.4,0.82,197.22,24.2,0.0,13.3
2023-01-10 03:00:00,2023-01-10 04:00:00,33.84,43.43,1.96,21.21,13.78,6.6,11.98,0.44,12.46,0.9,86.87,0.27,194.95,24.0,0.0,12.84
2023-01-10 04:00:00,2023-01-10 05:00:00,29.87,38.01,1.92,21.67,13.98,6.61,9.53,0.41,12.32,0.74,86.59,0.73,115.27,24.13,0.0,12.72
2023-01-10 05:00:00,2023-01-10 06:00:00,29.62,38.09,1.88,22.46,14.37,6.78,9.73,0.4,12.04,0.76,87.59,0.67,190.92,24.2,0.0,12.43
2023-01-10 06:00:00,2023-01-10 07:00:00,,,,,,,,,,,,,,,,
2023-01-10 07:00:00,2023-01-10 08:00:00,,,,,,,,,,,,,,,,
2023-01-10 08:00:00,2023-01-10 09:00:00,,,,,,,,,,,,,,,,
2023-01-10 09:00:00,2023-01-10 10:00:00,49.84,137.46,5.91,29.26,21.04,12.15,23.07,1.17,46.3,0.9,33.4,0.69,226.8,496.7,0.0,27.01
2023-01-10 10:00:00,2023-01-10 11:00:00,59.23,170.2,4.05,32.19,21.13,10.69,35.84,1.6,58.89,0.88,27.6,1.02,94.76,594.78,0.0,29.22
2023-01-10 11:00:00,2023-01-10 12:00:00,60.07,208.69,3.88,31.34,20.56,10.05,31.33,0.57,58.91,1.27,20.17,0.69,163.44,676.55,0.0,31.22
2023-01-10 12:00:00,2023-01-10 13:00:00,54.62,160.0,1.8,19.82,12.93,5.71,19.08,0.3,80.83,0.47,14.46,1.12,257.79,705.3,0.0,32.92
2023-01-10 13:00:00,2023-01-10 14:00:00,47.15,115.38,3.7,19.01,14.46,6.05,16.31,0.29,85.72,0.44,11.89,1.43,266.17,675.75,0.0,33.19
2023-01-10 14:00:00,2023-01-10 15:00:00,41.1,79.33,4.23,19.34,14.99,5.55,14.67,0.25,85.73,0.3,8.56,1.57,350.79,617.05,0.0,33.34
2023-01-10 15:00:00,2023-01-10 16:00:00,33.83,67.16,1.79,15.53,10.69,3.58,12.79,0.2,80.41,0.28,6.57,1.49,346.12,199.65,0.0,32.16
2023-01-10 16:00:00,2023-01-10 17:00:00,24.75,62.74,1.77,18.41,12.17,3.19,9.77,0.24,72.39,0.29,8.07,1.33,340.78,57.67,0.0,29.91
2023-01-10 17:00:00,2023-01-10 18:00:00,24.34,60.6,2.22,39.72,23.65,9.69,10.79,0.44,39.64,0.64,20.7,0.87,270.08,30.1,0.0,25.88
2023-01-10 18:00:00,2023-01-10 19:00:00,32.49,106.39,2.73,39.33,23.84,10.98,13.04,0.53,35.96,1.32,32.76,0.44,300.88,24.85,0.0,23.08
2023-01-10 19:00:00,2023-01-10 20:00:00,31.82,120.07,2.57,48.19,28.69,14.33,12.19,0.98,26.04,1.86,47.02,0.53,236.93,24.58,0.0,20.86
2023-01-10 20:00:00,2023-01-10 21:00:00,56.32,136.9,2.81,45.07,26.9,16.79,12.95,1.06,20.11,3.43,57.89,0.64,244.31,24.48,0.0,18.8
2023-01-10 21:00:00,2023-01-10 22:00:00,66.26,121.06,1.89,31.59,19.15,10.78,11.08,0.97,15.64,2.71,67.58,0.44,222.65,24.38,0.0,17.71
2023-01-10 22:00:00,2023-01-10 23:00:00,65.3,105.23,1.67,25.06,15.56,8.37,10.08,0.68,25.42,2.02,63.55,0.58,199.53,24.07,0.0,17.5
2023-01-10 23:00:00,2023-01-11 00:00:00,57.49,73.09,1.5,21.83,13.75,7.02,9.91,0.52,34.01,1.25,61.55,0.92,282.43,24.3,0.0,17.29
2023-01-11 00:00:00,2023-01-11 01:00:00,48.78,62.29,1.48,19.57,12.56,6.45,10.43,0.53,27.68,0.9,69.25,0.77,190.23,24.35,0.0,16.24
2023-01-11 01:00:00,2023-01-11 02:00:00,51.2,74.28,2.07,32.34,19.68,10.67,11.15,1.08,9.46,21.78,75.41,0.51,138.76,24.32,0.0,15.18
2023-01-11 02:00:00,2023-01-11 03:00:00,88.71,249.8,2.4,33.8,20.69,11.7,11.66,1.03,8.76,43.18,77.96,0.78,188.74,24.27,0.0,14.51
2023-01-11 03:00:00,2023-01-11 04:00:00,98.17,200.86,3.02,28.9,18.62,10.12,10.03,0.66,4.89,22.67,83.0,0.39,190.31,24.18,0.0,13.56
2023-01-11 04:00:00,2023-01-11 05:00:00,90.77,124.28,2.42,24.21,15.7,8.72,8.05,0.58,11.95,9.62,84.73,0.43,253.36,24.18,0.0,13.41
2023-01-11 05:00:00,2023-01-11 06:00:00,,,2.85,23.33,15.58,8.36,7.81,0.55,7.64,6.57,86.88,0.77,185.1,24.2,0.0,12.79
2023-01-11 06:00:00,2023-01-11 07:00:00,53.32,58.62,9.12,24.71,21.13,10.46,8.04,0.56,8.04,4.5,89.29,0.6,274.87,29.75,0.0,12.44
2023-01-11 07:00:00,2023-01-11 08:00:00,49.41,95.04,46.14,34.19,55.05,28.45,7.89,0.77,6.0,4.42,78.0,0.91,92.07,116.7,0.0,14.98
2023-01-11 08:00:00,2023-01-11 09:00:00,61.58,205.59,15.69,37.55,32.92,20.88,12.63,1.11,28.81,3.11,55.04,0.78,108.76,285.3,0.0,21.52
2023-01-11 09:00:00,2023-01-11 10:00:00,66.39,240.52,4.93,27.94,19.59,13.56,31.61,0.95,49.7,1.76,45.45,0.92,177.79,452.45,0.0,25.5
2023-01-11 10:00:00,2023-01-11 11:00:00,46.14,119.69,2.23,24.3,15.6,16.52,42.85,0.85,63.89,1.14,30.88,0.72,261.2,596.65,0.0,29.32
2023-01-11 11:00:00,2023-01-11 12:00:00,51.83,162.47,14.48,60.62,44.07,22.95,71.99,1.08,75.09,0.95,23.97,1.05,125.28,640.3,0.0,30.67
2023-01-11 12:00:00,2023-01-11 13:00:00,61.02,253.78,21.43,73.61,57.78,30.7,53.9,0.92,75.56,0.65,18.42,0.78,207.74,650.5,0.0,32.31
2023-01-11 13:00:00,2023-01-11 14:00:00,60.16,193.48,21.19,65.95,55.86,37.07,37.59,0.48,60.07,0.61,12.96,0.82,343.59,619.8,0.0,33.83
2023-01-11 14:00:00,2023-01-11 15:00:00,41.13,167.32,3.87,37.01,24.89,,32.25,0.29,80.31,0.4,12.2,1.19,182.0,527.33,0.0,33.28
2023-01-11 15:00:00,2023-01-11 16:00:00,35.29,84.68,1.85,30.71,18.66,,62.8,0.44,86.72,0.72,16.06,1.25,180.17,186.55,0.0,31.79
2023-01-11 16:00:00,2023-01-11 17:00:00,34.34,64.8,1.26,25.58,15.52,19.39,59.08,0.39,77.15,0.7,23.59,0.44,102.22,61.0,0.0,29.45
2023-01-11 17:00:00,2023-01-11 18:00:00,28.65,64.69,1.22,22.19,13.72,8.72,28.96,0.33,67.18,0.71,33.44,0.79,279.27,30.12,0.0,25.52
2023-01-11 18:00:00,2023-01-11 19:00:00,21.84,73.33,1.66,41.87,24.34,12.92,23.05,0.7,39.8,1.03,45.29,0.68,150.51,24.52,0.0,22.62
2023-01-11 19:00:00,2023-01-11 20:00:00,29.02,102.06,1.63,45.6,26.27,15.74,20.34,0.98,25.68,3.66,57.94,0.71,228.17,24.52,0.0,20.52
2023-01-11 20:00:00,2023-01-11 21:00:00,37.4,114.26,1.76,39.52,23.18,14.57,14.8,0.97,27.43,3.35,62.51,0.96,267.75,24.32,0.0,19.3
2023-01-11 21:00:00,2023-01-11 22:00:00,44.54,115.01,2.11,38.83,23.1,14.61,13.81,1.12,,3.34,75.3,0.73,128.55,24.35,0.0,17.66
2023-01-11 22:00:00,2023-01-11 23:00:00,49.13,84.38,1.74,27.79,17.05,11.15,13.12,0.71,,2.18,78.63,0.77,152.46,23.95,0.0,17.1
2023-01-11 23:00:00,2023-01-12 00:00:00,38.98,48.65,1.6,22.6,14.23,9.25,12.34,0.52,,1.26,75.98,0.77,173.38,24.3,0.0,16.73
2023-01-12 00:00:00,2023-01-12 01:00:00,37.29,46.17,1.77,23.26,14.7,8.89,10.48,0.51,,0.93,84.94,0.69,127.37,24.4,0.0,15.26
2023-01-12 01:00:00,2023-01-12 02:00:00,32.34,37.63,2.58,20.3,13.78,8.35,10.33,0.52,8.79,1.11,87.31,1.11,169.11,24.12,0.0,14.46
2023-01-12 02:00:00,2023-01-12 03:00:00,27.07,38.23,1.84,15.8,10.86,6.87,10.45,0.4,22.79,0.76,84.66,0.87,241.19,24.02,0.0,14.71
2023-01-12 03:00:00,2023-01-12 04:00:00,19.64,28.8,2.06,16.41,11.35,6.93,9.72,0.44,15.65,0.65,87.8,0.99,176.97,24.4,0.0,13.84
2023-01-12 04:00:00,2023-01-12 05:00:00,18.91,25.68,1.94,16.99,11.56,7.1,9.5,0.48,12.99,1.02,89.79,0.82,267.54,24.17,0.0,13.69
2023-01-12 05:00:00,2023-01-12 06:00:00,19.27,28.56,1.93,16.06,11.06,6.68,10.61,0.4,11.97,0.76,90.77,1.02,121.08,24.08,0.0,13.52
2023-01-12 06:00:00,2023-01-12 07:00:00,18.26,29.64,2.31,18.02,12.39,7.22,10.64,0.42,13.85,0.65,91.47,1.02,296.38,29.6,0.0,13.38
2023-01-12 07:00:00,2023-01-12 08:00:00,19.64,31.49,10.75,24.13,22.1,12.11,10.24,0.6,6.01,1.44,80.12,0.93,68.87,105.7,0.0,15.84
2023-01-12 08:00:00,2023-01-12 09:00:00,23.8,64.84,7.31,23.75,19.24,11.3,9.17,0.46,24.23,1.81,63.4,0.9,88.97,267.95,0.0,20.5
2023-01-12 09:00:00,2023-01-12 10:00:00,28.66,96.09,5.27,26.24,18.97,12.39,10.85,0.5,47.81,0.92,40.05,0.63,131.11,416.1,0.0,26.71
2023-01-12 10:00:00,2023-01-12 11:00:00,31.63,113.53,2.28,23.76,15.36,9.73,14.66,0.42,65.56,2.77,30.49,0.59,148.0,550.5,0.0,30.05
2023-01-12 11:00:00,2023-01-12 12:00:00,33.02,92.84,3.42,39.2,24.31,14.76,40.68,0.45,70.83,1.03,25.78,0.53,276.76,608.52,0.0,31.54
2023-01-12 12:00:00,2023-01-12 13:00:00,36.72,96.7,2.09,31.29,19.14,12.39,48.4,0.41,99.22,0.83,22.78,1.06,92.93,607.12,0.0,32.56
2023-01-12 13:00:00,2023-01-12 14:00:00,36.8,96.54,5.75,35.7,25.53,16.22,50.27,0.48,100.33,1.11,20.32,0.56,308.45,532.3,0.0,33.98
2023-01-12 14:00:00,2023-01-12 15:00:00,39.3,122.89,3.33,44.8,28.52,16.01,38.84,0.41,94.83,0.92,20.88,1.06,342.76,421.33,0.0,33.65
2023-01-12 15:00:00,2023-01-12 16:00:00,38.83,116.32,1.55,28.95,17.51,11.0,33.63,0.32,97.77,0.67,21.95,0.43,292.22,181.92,0.0,32.59
2023-01-12 16:00:00,2023-01-12 17:00:00,37.34,97.44,1.53,28.82,17.59,10.45,19.74,0.38,85.5,0.67,27.32,0.45,270.0,64.42,0.0,30.18
2023-01-12 17:00:00,2023-01-12 18:00:00,38.31,98.61,1.58,34.49,20.76,13.32,15.55,0.81,73.6,1.32,40.2,1.18,250.18,30.07,0.0,26.33
2023-01-12 18:00:00,2023-01-12 19:00:00,48.17,115.13,1.7,39.46,23.11,15.13,12.96,0.89,48.26,4.11,54.15,0.6,163.07,24.73,0.0,23.55
2023-01-12 19:00:00,2023-01-12 20:00:00,56.7,129.78,1.45,36.63,21.44,13.51,12.7,0.78,46.35,2.79,59.51,0.83,134.08,24.45,0.0,22.84
2023-01-12 20:00:00,2023-01-12 21:00:00,54.62,125.61,1.64,47.22,27.12,16.31,14.74,1.06,30.6,2.89,66.73,0.89,114.46,24.45,0.0,21.34
2023-01-12 21:00:00,2023-01-12 22:00:00,55.48,131.7,1.62,36.38,21.44,13.31,14.05,0.77,33.5,2.4,71.64,0.97,108.47,24.4,0.0,20.29
2023-01-12 22:00:00,2023-01-12 23:00:00,51.54,120.69,1.6,31.77,19.02,11.87,13.65,0.74,28.72,1.49,76.93,0.96,142.58,24.53,0.0,19.21
2023-01-12 23:00:00,2023-01-13 00:00:00,46.14,106.63,1.87,27.65,17.07,10.88,12.45,0.88,14.98,1.82,84.0,0.75,236.63,24.45,0.0,17.89
2023-01-13 00:00:00,2023-01-13 01:00:00,46.1,88.27,1.65,21.64,13.77,8.7,10.36,0.63,23.69,1.57,84.57,0.45,249.06,24.1,0.0,17.63
2023-01-13 01:00:00,2023-01-13 02:00:00,41.74,74.65,1.88,22.0,14.13,8.56,10.81,0.6,20.58,1.16,86.53,0.66,164.75,24.3,0.0,17.33
2023-01-13 02:00:00,2023-01-13 03:00:00,39.49,68.67,1.92,21.19,13.73,8.34,10.66,0.58,17.29,1.08,88.88,0.77,82.1,24.27,0.0,16.7
2023-01-13 03:00:00,2023-01-13 04:00:00,35.08,56.12,1.95,19.87,13.07,7.91,10.25,0.59,12.85,1.12,89.32,0.74,101.68,24.2,0.0,16.16
2023-01-13 04:00:00,2023-01-13 05:00:00,37.5,58.47,1.83,17.85,11.92,7.22,8.62,0.56,14.77,1.01,90.59,1.03,184.72,24.42,0.0,15.63
2023-01-13 05:00:00,2023-01-13 06:00:00,34.47,55.42,2.05,16.84,11.57,6.96,9.38,0.6,11.42,1.11,91.85,0.7,242.45,24.2,0.0,15.04
2023-01-13 06:00:00,2023-01-13 07:00:00,29.12,52.65,6.12,23.11,17.98,9.82,9.29,0.6,9.01,1.21,91.02,0.83,246.63,29.1,0.0,15.23
2023-01-13 07:00:00,2023-01-13 08:00:00,31.68,60.62,19.96,37.74,36.33,20.41,9.42,0.8,10.44,1.3,82.18,0.7,198.66,96.95,0.0,17.9
2023-01-13 08:00:00,2023-01-13 09:00:00,39.42,111.46,15.91,31.09,29.88,18.24,8.66,0.77,29.95,3.55,65.41,0.73,119.55,242.9,0.0,22.34
2023-01-13 09:00:00,2023-01-13 10:00:00,48.52,207.41,4.32,27.81,19.05,12.72,11.66,0.65,61.67,2.04,47.25,0.76,148.78,386.15,0.0,26.99
2023-01-13 10:00:00,2023-01-13 11:00:00,52.38,100.91,2.46,19.95,13.6,8.66,14.83,0.55,81.31,3.32,38.38,0.85,136.44,517.45,0.0,29.59
2023-01-13 11:00:00,2023-01-13 12:00:00,,,3.42,23.06,16.39,10.52,30.68,0.66,94.82,1.76,32.35,0.76,128.08,681.83,0.05,31.53
2023-01-13 12:00:00,2023-01-13 13:00:00,51.61,102.74,1.49,22.28,13.97,8.11,12.19,0.47,101.72,0.99,27.63,0.36,100.55,703.08,0.0,33.37
2023-01-13 13:00:00,2023-01-13 14:00:00,53.55,108.77,2.32,24.27,15.92,9.24,7.15,0.56,114.24,0.9,25.75,0.65,268.93,591.15,0.0,34.26
2023-01-13 14:00:00,2023-01-13 15:00:00,53.43,108.23,1.28,18.63,11.91,7.17,11.05,0.45,112.39,0.87,24.16,0.45,257.68,477.92,0.0,34.68
2023-01-13 15:00:00,2023-01-13 16:00:00,48.32,93.26,1.28,17.01,11.05,6.03,13.11,0.43,108.0,0.6,25.99,0.28,267.19,215.55,0.0,33.47
2023-01-13 16:00:00,2023-01-13 17:00:00,45.76,90.33,1.11,19.48,12.21,6.82,6.58,0.45,103.19,0.65,31.62,0.46,127.04,79.1,0.0,31.15
2023-01-13 17:00:00,2023-01-13 18:00:00,43.79,85.53,1.13,24.46,14.84,8.46,7.18,0.56,88.88,0.78,42.56,1.16,252.54,31.5,0.0,27.35
2023-01-13 18:00:00,2023-01-13 19:00:00,46.43,86.86,1.5,45.37,26.05,14.12,7.22,1.07,48.87,3.03,53.67,0.99,181.39,25.08,0.0,24.75
2023-01-13 19:00:00,2023-01-13 20:00:00,54.99,106.67,1.59,39.1,23.01,14.36,6.24,1.02,44.12,5.85,65.58,1.09,117.34,24.5,0.0,23.37
2023-01-13 20:00:00,2023-01-13 21:00:00,64.29,120.09,1.32,30.27,18.02,11.36,8.3,0.92,52.99,3.39,70.81,0.8,159.34,24.6,0.0,22.43
2023-01-13 21:00:00,2023-01-13 22:00:00,64.41,106.57,1.29,26.39,15.96,9.81,9.29,0.74,58.5,1.96,70.12,0.46,190.79,24.7,0.0,21.95
2023-01-13 22:00:00,2023-01-13 23:00:00,62.73,97.65,1.65,33.11,19.75,11.29,8.76,0.8,33.23,1.72,76.66,0.91,79.56,24.75,0.0,20.82
2023-01-13 23:00:00,2023-01-14 00:00:00,60.96,92.66,1.4,26.62,16.18,9.64,9.22,0.65,37.95,1.77,78.98,0.85,286.95,24.7,0.0,20.18
2023-01-14 00:00:00,2023-01-14 01:00:00,53.86,82.43,1.5,24.43,15.1,9.43,8.39,0.71,24.99,1.55,84.47,0.65,168.68,24.7,0.0,19.33
2023-01-14 01:00:00,2023-01-14 02:00:00,51.23,73.43,1.49,18.42,11.96,7.79,8.86,0.63,20.83,1.24,88.1,0.86,166.45,24.48,0.0,18.67
2023-01-14 02:00:00,2023-01-14 03:00:00,51.0,65.82,1.58,19.01,12.33,7.78,9.14,0.57,21.32,1.12,88.25,0.8,217.75,24.4,0.0,18.53
2023-01-14 03:00:00,2023-01-14 04:00:00,46.1,62.68,1.64,18.55,12.13,7.69,8.72,0.55,20.92,1.12,90.51,0.34,265.76,24.5,0.0,18.3
2023-01-14 04:00:00,2023-01-14 05:00:00,40.37,60.23,1.71,18.87,12.36,7.77,8.52,0.57,15.77,1.31,91.13,0.31,180.94,24.4,0.0,18.05
2023-01-14 05:00:00,2023-01-14 06:00:00,36.06,58.8,1.82,18.41,12.21,7.59,9.3,0.55,17.72,1.36,90.8,0.54,193.44,24.3,0.0,17.8
2023-01-14 06:00:00,2023-01-14 07:00:00,41.59,62.59,3.24,30.13,19.43,12.29,9.34,1.3,10.22,12.87,90.64,0.69,217.23,29.48,0.0,17.85
2023-01-14 07:00:00,2023-01-14 08:00:00,111.02,132.29,8.81,35.19,26.38,16.76,9.28,1.56,9.94,40.98,84.96,0.74,147.89,93.95,0.0,19.32
2023-01-14 08:00:00,2023-01-14 09:00:00,155.6,178.78,6.57,26.32,20.01,12.58,6.31,0.8,16.86,17.5,71.81,1.02,81.09,242.68,0.0,22.74
2023-01-14 09:00:00,2023-01-14 10:00:00,79.84,117.06,4.05,24.26,16.99,10.97,8.26,0.83,36.84,3.05,56.91,0.78,35.11,406.85,0.0,26.97
2023-01-14 10:00:00,2023-01-14 11:00:00,61.3,113.28,2.41,25.33,16.27,10.55,37.22,1.7,63.95,1.54,44.24,0.41,201.03,535.55,0.0,30.33
2023-01-14 11:00:00,2023-01-14 12:00:00,52.62,93.4,3.79,38.26,24.1,14.79,52.9,1.06,63.36,0.91,38.76,0.93,91.81,604.5,0.0,32.27
2023-01-14 12:00:00,2023-01-14 13:00:00,42.86,85.95,3.41,35.9,22.72,14.72,40.38,0.35,72.84,0.53,34.96,1.08,347.51,665.62,0.0,33.17
2023-01-14 13:00:00,2023-01-14 14:00:00,29.42,72.21,1.82,24.51,15.39,10.63,10.73,0.33,85.64,0.46,33.04,1.01,261.06,503.15,0.0,33.8
2023-01-14 14:00:00,2023-01-14 15:00:00,35.12,66.52,1.39,19.61,12.5,8.01,7.3,0.32,89.05,0.53,30.09,0.84,320.83,351.28,0.0,33.3
2023-01-14 15:00:00,2023-01-14 16:00:00,37.91,73.3,1.2,13.72,9.28,6.27,6.51,0.27,88.99,0.36,28.33,0.62,313.91,240.55,0.0,33.27
2023-01-14 16:00:00,2023-01-14 17:00:00,29.73,71.58,1.21,14.77,9.84,6.63,4.54,0.34,77.92,0.4,37.73,0.66,39.3,95.1,0.0,31.44
2023-01-14 17:00:00,2023-01-14 18:00:00,25.36,60.48,7.26,31.87,23.97,13.91,4.88,0.41,52.12,0.48,48.69,0.85,320.97,34.0,0.0,28.47
2023-01-14 18:00:00,2023-01-14 19:00:00,42.87,90.24,1.54,32.51,19.36,12.84,5.79,0.73,41.42,1.37,60.08,0.41,175.97,24.93,0.0,25.7
2023-01-14 19:00:00,2023-01-14 20:00:00,48.96,96.73,1.54,27.6,16.8,11.05,6.09,0.68,44.15,4.11,65.66,0.73,273.97,24.85,0.0,24.61
2023-01-14 20:00:00,2023-01-14 21:00:00,51.04,92.49,1.79,40.12,23.52,15.01,4.89,1.31,23.82,8.7,68.17,0.74,295.24,24.75,0.0,24.48
2023-01-14 21:00:00,2023-01-14 22:00:00,,,,,,,,,,,,,,,,
2023-01-14 22:00:00,2023-01-14 23:00:00,70.73,107.72,1.85,27.41,16.94,11.66,5.57,0.77,20.96,2.38,80.84,0.47,314.09,24.9,0.0,22.32
2023-01-14 23:00:00,2023-01-15 00:00:00,52.19,80.83,1.8,25.05,15.66,10.48,5.94,0.66,26.3,1.7,81.97,0.75,285.26,24.73,0.0,21.38
2023-01-15 00:00:00,2023-01-15 01:00:00,44.74,73.64,1.71,22.45,14.23,9.47,7.82,0.56,23.73,1.16,83.26,0.48,243.2,24.55,0.0,20.73
2023-01-15 01:00:00,2023-01-15 02:00:00,40.03,62.81,1.68,18.53,12.16,8.13,7.83,0.47,25.34,1.02,86.75,0.57,146.93,24.42,0.0,19.91
2023-01-15 02:00:00,2023-01-15 03:00:00,30.97,42.82,1.65,17.19,11.44,7.46,8.21,0.34,31.46,0.69,84.05,1.08,309.48,24.42,0.0,19.84
2023-01-15 03:00:00,2023-01-15 04:00:00,27.58,37.98,1.46,14.2,9.74,6.41,8.63,0.32,42.79,0.45,77.28,1.47,336.0,23.82,0.0,20.75
2023-01-15 04:00:00,2023-01-15 05:00:00,21.98,38.89,1.35,14.32,9.7,6.27,7.74,0.35,43.79,0.4,76.7,1.45,338.36,24.33,0.0,20.69
2023-01-15 05:00:00,2023-01-15 06:00:00,18.82,33.07,1.35,13.21,9.13,5.86,8.79,0.33,41.06,0.46,80.92,1.0,331.0,24.45,0.0,19.57
2023-01-15 06:00:00,2023-01-15 07:00:00,18.6,33.86,1.3,13.6,9.29,6.01,8.64,0.4,43.76,0.56,80.8,1.25,341.08,30.27,0.0,19.37
2023-01-15 07:00:00,2023-01-15 08:00:00,24.34,41.69,1.64,15.99,10.8,6.69,9.29,0.41,40.23,0.75,77.65,1.43,348.97,104.85,0.0,20.34
2023-01-15 08:00:00,2023-01-15 09:00:00,34.4,46.62,3.35,18.49,13.63,9.41,8.59,0.61,44.05,1.02,66.56,1.33,346.48,285.88,0.0,23.21
2023-01-15 09:00:00,2023-01-15 10:00:00,38.35,53.66,3.82,17.75,13.41,8.45,8.2,0.61,51.78,0.85,55.5,1.32,264.4,472.3,0.0,26.04
2023-01-15 10:00:00,2023-01-15 11:00:00,36.55,57.99,1.48,14.85,10.09,6.4,6.89,0.45,62.61,0.66,45.93,1.21,177.62,614.18,0.0,28.61
2023-01-15 11:00:00,2023-01-15 12:00:00,32.63,58.09,1.31,14.04,9.53,5.99,6.53,0.42,77.03,0.61,39.53,1.51,263.38,729.55,0.0,29.92
2023-01-15 12:00:00,2023-01-15 13:00:00,31.66,60.51,10.16,31.28,25.64,13.01,7.36,0.44,61.71,0.52,37.26,1.48,349.48,736.67,0.0,30.64
2023-01-15 13:00:00,2023-01-15 14:00:00,30.48,64.06,10.2,49.66,35.01,19.22,11.05,0.47,51.69,0.48,35.01,1.5,90.67,678.62,0.0,31.41
2023-01-15 14:00:00,2023-01-15 15:00:00,37.02,70.15,3.57,35.16,22.31,13.38,9.55,0.47,66.6,0.46,35.6,1.64,354.91,528.03,0.0,30.95
2023-01-15 15:00:00,2023-01-15 16:00:00,35.91,69.74,3.08,37.06,22.92,13.53,10.0,0.61,65.39,0.52,36.67,1.14,98.97,235.22,0.0,30.24
2023-01-15 16:00:00,2023-01-15 17:00:00,31.21,64.07,1.41,21.02,13.25,8.96,9.71,0.68,74.66,0.54,39.69,1.29,356.15,81.6,0.0,28.63
2023-01-15 17:00:00,2023-01-15 18:00:00,28.74,59.14,1.26,19.37,12.28,8.01,9.37,0.54,57.18,0.67,49.26,0.58,222.34,31.88,0.0,26.07
2023-01-15 18:00:00,2023-01-15 19:00:00,31.68,64.98,1.36,20.87,13.14,8.44,9.51,0.57,49.09,0.99,59.38,0.8,180.0,24.73,0.0,23.94
2023-01-15 19:00:00,2023-01-15 20:00:00,36.22,72.47,1.38,20.01,12.71,8.29,10.21,0.57,47.85,1.83,64.89,0.81,264.04,24.62,0.0,22.52
2023-01-15 20:00:00,2023-01-15 21:00:00,36.36,68.22,1.39,21.45,13.46,8.37,8.85,0.59,52.52,1.16,60.96,1.12,318.07,24.15,0.0,22.38
2023-01-15 21:00:00,2023-01-15 22:00:00,34.38,62.08,1.19,17.05,11.01,6.96,10.34,0.5,68.5,0.76,53.61,1.45,341.52,24.27,0.0,22.72
2023-01-15 22:00:00,2023-01-15 23:00:00,32.6,57.22,1.18,15.84,10.37,6.46,10.09,0.47,62.05,0.71,57.33,0.95,321.93,24.97,0.0,21.29
2023-01-15 23:00:00,2023-01-16 00:00:00,31.23,54.02,1.51,18.19,11.85,7.39,10.6,0.53,46.31,0.75,69.39,0.84,247.09,24.8,0.0,19.18
2023-01-16 00:00:00,2023-01-16 01:00:00,31.78,51.06,1.25,14.41,9.68,6.22,10.53,0.45,51.03,0.86,68.81,1.31,330.7,24.1,0.0,19.21
2023-01-16 01:00:00,2023-01-16 02:00:00,29.31,54.27,1.2,14.17,9.52,6.08,11.31,0.45,,0.84,67.09,1.31,343.36,24.2,0.0,19.11
2023-01-16 02:00:00,2023-01-16 03:00:00,29.0,69.83,1.22,14.85,9.88,6.21,11.52,0.45,,0.78,73.33,0.89,305.25,24.8,0.0,17.83
2023-01-16 03:00:00,2023-01-16 04:00:00,30.55,78.7,1.23,14.6,9.76,6.09,11.62,0.45,,0.81,73.85,1.39,338.48,23.92,0.0,17.32
2023-01-16 04:00:00,2023-01-16 05:00:00,29.13,73.41,1.22,14.79,9.85,6.07,12.12,0.5,,0.8,70.34,1.29,332.13,24.27,0.0,17.39
2023-01-16 05:00:00,2023-01-16 06:00:00,31.87,76.55,1.29,18.27,11.72,7.03,13.52,0.53,,0.93,76.0,0.78,276.02,24.67,0.0,16.18
2023-01-16 06:00:00,2023-01-16 07:00:00,33.89,71.8,1.33,17.27,11.23,6.86,12.51,0.51,,0.98,78.8,0.77,273.04,30.15,0.0,15.85
2023-01-16 07:00:00,2023-01-16 08:00:00,33.78,69.73,9.33,28.7,23.39,13.71,12.42,0.61,,1.96,71.67,1.09,333.4,103.15,0.0,17.53
2023-01-16 08:00:00,2023-01-16 09:00:00,41.82,163.44,8.99,27.91,22.72,14.6,13.72,0.75,,1.72,55.91,0.98,15.7,292.87,0.0,21.78
2023-01-16 09:00:00,2023-01-16 10:00:00,48.4,186.52,4.13,23.9,16.86,11.3,12.32,0.67,,1.31,46.97,0.54,171.88,448.85,0.0,24.58
2023-01-16 10:00:00,2023-01-16 11:00:00,50.18,118.0,8.34,24.28,17.9,11.6,11.94,0.8,63.24,1.12,40.03,0.88,66.88,589.75,0.0,27.19
2023-01-16 11:00:00,2023-01-16 12:00:00,51.78,130.23,4.91,27.2,19.74,11.72,11.91,0.75,62.85,1.05,34.88,0.67,19.74,651.77,0.0,29.31
2023-01-16 12:00:00,2023-01-16 13:00:00,53.73,117.95,29.79,43.19,55.59,27.91,17.22,0.52,47.57,0.73,30.08,1.14,346.95,669.58,0.0,30.7
2023-01-16 13:00:00,2023-01-16 14:00:00,52.52,106.87,43.83,61.59,81.83,43.73,33.03,0.62,33.31,0.68,28.73,0.74,27.91,576.05,0.0,31.51
2023-01-16 14:00:00,2023-01-16 15:00:00,51.2,139.57,5.76,47.85,30.64,19.43,19.39,0.46,67.03,0.62,30.51,0.87,12.24,431.2,0.0,31.22
2023-01-16 15:00:00,2023-01-16 16:00:00,44.72,104.39,2.91,44.35,26.6,16.57,17.87,0.48,67.1,0.69,33.68,1.18,124.06,217.9,0.0,30.36
2023-01-16 16:00:00,2023-01-16 17:00:00,45.45,82.93,2.99,43.69,27.01,16.57,15.86,0.5,60.13,0.74,40.4,0.95,235.1,84.45,0.0,28.69
2023-01-16 17:00:00,2023-01-16 18:00:00,44.26,100.17,2.85,34.05,22.01,14.69,15.11,0.58,44.12,1.03,54.02,0.68,250.56,27.63,0.0,25.48
2023-01-16 18:00:00,2023-01-16 19:00:00,44.86,124.34,1.77,35.8,21.25,13.26,14.06,0.68,41.74,1.42,59.77,0.8,302.3,24.88,0.0,23.75
2023-01-16 19:00:00,2023-01-16 20:00:00,47.71,128.27,2.77,52.08,30.54,17.85,13.96,1.02,19.61,2.58,69.96,0.66,159.79,24.75,0.0,22.43
2023-01-16 20:00:00,2023-01-16 21:00:00,51.96,126.41,2.29,36.89,22.23,14.55,11.67,0.8,18.45,3.93,80.37,0.76,188.83,24.6,0.0,21.44
2023-01-16 21:00:00,2023-01-16 22:00:00,51.3,100.24,2.47,28.21,17.83,11.12,12.64,0.71,21.89,1.37,82.19,0.65,243.69,24.58,0.0,20.68
2023-01-16 22:00:00,2023-01-16 23:00:00,46.09,73.91,2.12,34.25,20.72,12.56,11.96,0.82,17.5,1.98,83.0,0.56,161.1,24.52,0.0,20.11
2023-01-16 23:00:00,2023-01-17 00:00:00,45.42,69.25,1.71,22.96,14.5,9.46,12.63,0.6,28.5,1.44,83.49,0.66,255.45,24.42,0.0,19.77
2023-01-17 00:00:00,2023-01-17 01:00:00,43.53,54.16,1.56,17.88,11.73,7.46,10.68,0.49,34.4,0.93,81.94,0.93,235.56,24.58,0.0,19.27
2023-01-17 01:00:00,2023-01-17 02:00:00,38.93,45.72,1.52,20.21,12.91,7.84,11.57,0.54,26.91,0.99,82.94,0.74,134.88,24.55,0.0,18.71
2023-01-17 02:00:00,2023-01-17 03:00:00,37.48,48.54,1.61,22.15,13.99,8.3,12.07,0.56,17.7,1.12,87.0,0.53,234.48,24.62,0.0,17.84
2023-01-17 03:00:00,2023-01-17 04:00:00,38.01,54.7,1.62,24.04,14.99,8.77,12.71,0.51,23.4,1.09,81.1,0.99,322.8,24.42,0.0,18.01
2023-01-17 04:00:00,2023-01-17 05:00:00,35.73,56.56,1.68,29.6,17.95,10.27,14.11,0.49,17.48,0.99,80.18,1.08,326.54,24.45,0.0,17.81
2023-01-17 05:00:00,2023-01-17 06:00:00,36.75,66.11,1.7,29.81,18.07,10.58,16.1,0.53,17.54,1.14,78.33,1.0,186.93,24.5,0.0,17.88
2023-01-17 06:00:00,2023-01-17 07:00:00,44.46,78.8,3.37,30.71,19.83,11.47,15.56,0.59,9.5,1.29,82.81,0.77,222.65,28.88,0.0,17.14
2023-01-17 07:00:00,2023-01-17 08:00:00,47.67,87.39,6.47,33.75,23.82,13.77,16.66,0.74,14.02,1.82,76.18,1.17,116.43,84.38,0.0,18.27
2023-01-17 08:00:00,2023-01-17 09:00:00,51.33,99.38,8.52,33.55,25.29,14.61,14.21,0.71,21.33,2.08,65.62,1.12,189.21,175.4,0.0,20.58
2023-01-17 09:00:00,2023-01-17 10:00:00,52.9,106.21,6.24,33.05,23.27,14.73,46.51,0.84,31.37,1.47,53.39,0.87,20.92,356.15,0.0,24.06
2023-01-17 10:00:00,2023-01-17 11:00:00,55.62,112.18,3.29,28.84,18.79,12.45,44.87,0.78,47.67,1.21,45.25,0.7,58.63,504.5,0.0,27.03
2023-01-17 11:00:00,2023-01-17 12:00:00,56.57,111.57,1.92,23.3,14.84,9.22,26.99,0.64,65.5,0.96,41.28,0.46,132.62,575.42,0.0,29.19
2023-01-17 12:00:00,2023-01-17 13:00:00,56.77,108.17,2.49,34.06,20.91,11.88,16.74,0.92,64.8,1.24,39.8,0.83,261.93,321.68,0.0,29.86
2023-01-17 13:00:00,2023-01-17 14:00:00,57.05,119.08,18.18,69.37,54.19,27.77,40.45,0.86,40.62,1.13,38.82,0.97,181.02,490.45,0.0,30.56
2023-01-17 14:00:00,2023-01-17 15:00:00,60.03,133.44,5.04,57.05,35.08,22.75,64.53,0.59,60.26,0.8,35.89,1.16,262.88,429.77,0.0,31.27
2023-01-17 15:00:00,2023-01-17 16:00:00,59.06,127.69,2.86,52.24,30.69,18.89,69.05,0.55,63.92,0.81,37.41,1.27,268.13,217.6,0.0,30.45
2023-01-17 16:00:00,2023-01-17 17:00:00,52.59,114.26,1.52,40.39,23.45,15.08,47.87,0.55,63.7,0.83,43.24,0.76,257.46,88.67,0.0,29.08
2023-01-17 17:00:00,2023-01-17 18:00:00,48.05,102.97,1.31,33.41,19.65,12.83,31.68,0.66,58.38,1.06,52.91,1.07,332.79,31.25,0.0,26.51
2023-01-17 18:00:00,2023-01-17 19:00:00,51.03,102.42,1.51,32.33,19.24,12.21,25.79,0.68,56.1,1.27,57.48,0.91,312.65,25.02,0.0,24.73
2023-01-17 19:00:00,2023-01-17 20:00:00,54.06,100.52,1.4,28.9,17.36,11.39,22.46,0.7,48.73,1.34,63.94,0.73,210.31,24.88,0.0,23.59
2023-01-17 20:00:00,2023-01-17 21:00:00,53.89,92.11,1.46,32.71,19.41,12.3,18.17,0.88,36.61,1.76,71.3,0.69,206.07,24.8,0.0,22.23
2023-01-17 21:00:00,2023-01-17 22:00:00,52.53,89.19,1.48,29.86,17.92,11.44,18.75,0.78,41.94,2.0,72.0,1.0,255.08,24.58,0.0,21.78
2023-01-17 22:00:00,2023-01-17 23:00:00,50.91,86.85,1.56,21.83,13.79,9.54,17.77,0.55,53.65,1.16,68.95,1.32,330.61,24.45,0.0,22.08
2023-01-17 23:00:00,2023-01-18 00:00:00,48.79,80.06,1.31,18.02,11.61,7.67,18.2,0.52,53.01,0.86,68.13,1.32,335.12,24.55,0.0,21.69
2023-01-18 00:00:00,2023-01-18 01:00:00,47.19,70.39,1.2,17.98,11.5,7.14,18.47,0.5,49.47,0.88,68.45,0.97,152.06,24.9,0.0,21.11
2023-01-18 01:00:00,2023-01-18 02:00:00,44.37,69.04,1.2,18.7,11.88,7.36,18.46,0.49,42.08,0.89,74.4,0.93,300.41,24.83,0.0,19.75
2023-01-18 02:00:00,2023-01-18 03:00:00,44.19,70.74,1.17,20.59,12.84,7.77,18.16,0.47,45.51,0.85,68.75,1.32,334.33,24.38,0.0,19.82
2023-01-18 03:00:00,2023-01-18 04:00:00,44.59,72.09,1.17,22.68,13.94,8.36,19.6,0.47,,0.8,70.11,1.29,333.51,24.57,0.0,19.54
2023-01-18 04:00:00,2023-01-18 05:00:00,44.13,73.12,1.23,26.02,15.73,9.3,18.53,0.49,,0.81,72.23,0.74,246.13,24.8,0.0,19.02
2023-01-18 05:00:00,2023-01-18 06:00:00,,,,,,,,,,,,,,,,
2023-01-18 06:00:00,2023-01-18 07:00:00,,,,,,,,,,,,,,,,
2023-01-18 07:00:00,2023-01-18 08:00:00,,,,,,,,,,,,,,,,
2023-01-18 08:00:00,2023-01-18 09:00:00,,,,,,,,,,,,,,,,
2023-01-18 09:00:00,2023-01-18 10:00:00,,,,,,,,,,,,,,,,
2023-01-18 10:00:00,2023-01-18 11:00:00,,,,,,,,,,,,,,,,
2023-01-18 11:00:00,2023-01-18 12:00:00,,,,,,,,,,,,,,,,
2023-01-18 12:00:00,2023-01-18 13:00:00,,,,,,,,,,,,,,,,
2023-01-18 13:00:00,2023-01-18 14:00:00,,,,,,,,,,,,,,,,
2023-01-18 14:00:00,2023-01-18 15:00:00,,,,,,,,,,,,,,,,
2023-01-18 15:00:00,2023-01-18 16:00:00,,,,,,,,,,,,,,,,
2023-01-18 16:00:00,2023-01-18 17:00:00,,,,,,,,,,,,,,,,
2023-01-18 17:00:00,2023-01-18 18:00:00,,,,,,,,,,,,,,,,
2023-01-18 18:00:00,2023-01-18 19:00:00,,,,,,,,,,,,,,,,
2023-01-18 19:00:00,2023-01-18 20:00:00,,,,,,,,,,,,,,,,
2023-01-18 20:00:00,2023-01-18 21:00:00,,,,,,,,,,,,,,,,
2023-01-18 21:00:00,2023-01-18 22:00:00,,,,,,,,,,,,,,,,
2023-01-18 22:00:00,2023-01-18 23:00:00,,,,,,,,,,,,,,,,
2023-01-18 23:00:00,2023-01-19 00:00:00,,,,,,,,,,,,,,,,
2023-01-19 00:00:00,2023-01-19 01:00:00,,,,,,,,,,,,,,,,
2023-01-19 01:00:00,2023-01-19 02:00:00,,,,,,,,,,,,,,,,
2023-01-19 02:00:00,2023-01-19 03:00:00,,,,,,,,,,,,,,,,
2023-01-19 03:00:00,2023-01-19 04:00:00,,,,,,,,,,,,,,,,
2023-01-19 04:00:00,2023-01-19 05:00:00,,,,,,,,,,,,,,,,
2023-01-19 05:00:00,2023-01-19 06:00:00,,,,,,,,,,,,,,,,
2023-01-19 06:00:00,2023-01-19 07:00:00,,,,,,,,,,,,,,,,
2023-01-19 07:00:00,2023-01-19 08:00:00,,,,,,,,,,,,,,,,
2023-01-19 08:00:00,2023-01-19 09:00:00,,,,,,,,,,,,,,,,
2023-01-19 09:00:00,2023-01-19 10:00:00,,,,,,,,,,,,,,,,
2023-01-19 10:00:00,2023-01-19 11:00:00,,,,,,,,,,,,,,,,
2023-01-19 11:00:00,2023-01-19 12:00:00,,,,,,,,,,,,,,,,
2023-01-19 12:00:00,2023-01-19 13:00:00,,,,,,,,,,,,,,,,
2023-01-19 13:00:00,2023-01-19 14:00:00,,,,,,,,,,,,,,,,
2023-01-19 14:00:00,2023-01-19 15:00:00,,,,,,,,,,,,,,,,
2023-01-19 15:00:00,2023-01-19 16:00:00,,,,,,,,,,,,,,,,
2023-01-19 16:00:00,2023-01-19 17:00:00,,,,,,,,,,,,,,,,
2023-01-19 17:00:00,2023-01-19 18:00:00,,,,,,,,,,,,,,,,
2023-01-19 18:00:00,2023-01-19 19:00:00,,,,,,,,,,,,,,,,
2023-01-19 19:00:00,2023-01-19 20:00:00,,,,,,,,,,,,,,,,
2023-01-19 20:00:00,2023-01-19 21:00:00,,,,,,,,,,,,,,,,
2023-01-19 21:00:00,2023-01-19 22:00:00,,,,,,,,,,,,,,,,
2023-01-19 22:00:00,2023-01-19 23:00:00,,,,,,,,,,,,,,,,
2023-01-19 23:00:00,2023-01-20 00:00:00,,,,,,,,,,,,,,,,
2023-01-20 00:00:00,2023-01-20 01:00:00,,,,,,,,,,,,,,,,
2023-01-20 01:00:00,2023-01-20 02:00:00,,,,,,,,,,,,,,,,
2023-01-20 02:00:00,2023-01-20 03:00:00,,,,,,,,,,,,,,,,
2023-01-20 03:00:00,2023-01-20 04:00:00,,,,,,,,,,,,,,,,
2023-01-20 04:00:00,2023-01-20 05:00:00,,,,,,,,,,,,,,,,
2023-01-20 05:00:00,2023-01-20 06:00:00,,,,,,,,,,,,,,,,
2023-01-20 06:00:00,2023-01-20 07:00:00,,,,,,,,,,,,,,,,
2023-01-20 07:00:00,2023-01-20 08:00:00,,,,,,,,,,,,,,,,
2023-01-20 08:00:00,2023-01-20 09:00:00,,,,,,,,,,,,,,,,
2023-01-20 09:00:00,2023-01-20 10:00:00,,,,,,,,,,,,,,,,
2023-01-20 10:00:00,2023-01-20 11:00:00,,,,,,,,,,,,,,,,
2023-01-20 11:00:00,2023-01-20 12:00:00,,,,,,,,,,,,,,,,
2023-01-20 12:00:00,2023-01-20 13:00:00,,,,,,,,,,,,,,,,
2023-01-20 13:00:00,2023-01-20 14:00:00,,,,,,,,,,,,,,,,
2023-01-20 14:00:00,2023-01-20 15:00:00,66.15,105.17,1.64,19.51,12.65,9.45,9.56,0.62,77.0,0.99,39.13,0.09,63.33,475.8,0.0,33.76
2023-01-20 15:00:00,2023-01-20 16:00:00,,,,,,,,,,,,,,,,
2023-01-20 16:00:00,2023-01-20 17:00:00,,,,,,,,,,,,,,,,
2023-01-20 17:00:00,2023-01-20 18:00:00,,,,,,,,,,,,,,,,
2023-01-20 18:00:00,2023-01-20 19:00:00,,,,,,,,,,,,,,,,
2023-01-20 19:00:00,2023-01-20 20:00:00,,,,,,,,,,,,,,,,
2023-01-20 20:00:00,2023-01-20 21:00:00,,,,,,,,,,,,,,,,
2023-01-20 21:00:00,2023-01-20 22:00:00,,,,,,,,,,,,,,,,
2023-01-20 22:00:00,2023-01-20 23:00:00,,,,,,,,,,,,,,,,
2023-01-20 23:00:00,2023-01-21 00:00:00,,,,,,,,,,,,,,,,
2023-01-21 00:00:00,2023-01-21 01:00:00,,,,,,,,,,,,,,,,
2023-01-21 01:00:00,2023-01-21 02:00:00,,,,,,,,,,,,,,,,
2023-01-21 02:00:00,2023-01-21 03:00:00,,,,,,,,,,,,,,,,
2023-01-21 03:00:00,2023-01-21 04:00:00,,,,,,,,,,,,,,,,
2023-01-21 04:00:00,2023-01-21 05:00:00,,,,,,,,,,,,,,,,
2023-01-21 05:00:00,2023-01-21 06:00:00,,,,,,,,,,,,,,,,
2023-01-21 06:00:00,2023-01-21 07:00:00,,,,,,,,,,,,,,,,
2023-01-21 07:00:00,2023-01-21 08:00:00,,,,,,,,,,,,,,,,
2023-01-21 08:00:00,2023-01-21 09:00:00,,,,,,,,,,,,,,,,
2023-01-21 09:00:00,2023-01-21 10:00:00,,,,,,,,,,,,,,,,
2023-01-21 10:00:00,2023-01-21 11:00:00,,,,,,,,,,,,,,,,
2023-01-21 11:00:00,2023-01-21 12:00:00,,,,,,,,,,,,,,,,
2023-01-21 12:00:00,2023-01-21 13:00:00,,,,,,,,,,,,,,,,
2023-01-21 13:00:00,2023-01-21 14:00:00,,,,,,,,,,,,,,,,
2023-01-21 14:00:00,2023-01-21 15:00:00,,,,,,,,,,,,,,,,
2023-01-21 15:00:00,2023-01-21 16:00:00,,,,,,,,,,,,,,,,
2023-01-21 16:00:00,2023-01-21 17:00:00,,,,,,,,,,,,,,,,
2023-01-21 17:00:00,2023-01-21 18:00:00,,,,,,,,,,,,,,,,
2023-01-21 18:00:00,2023-01-21 19:00:00,,,,,,,,,,,,,,,,
2023-01-21 19:00:00,2023-01-21 20:00:00,,,,,,,,,,,,,,,,
2023-01-21 20:00:00,2023-01-21 21:00:00,,,,,,,,,,,,,,,,
2023-01-21 21:00:00,2023-01-21 22:00:00,,,,,,,,,,,,,,,,
2023-01-21 22:00:00,2023-01-21 23:00:00,,,,,,,,,,,,,,,,
2023-01-21 23:00:00,2023-01-22 00:00:00,,,,,,,,,,,,,,,,
2023-01-22 00:00:00,2023-01-22 01:00:00,,,,,,,,,,,,,,,,
2023-01-22 01:00:00,2023-01-22 02:00:00,,,,,,,,,,,,,,,,
2023-01-22 02:00:00,2023-01-22 03:00:00,,,,,,,,,,,,,,,,
2023-01-22 03:00:00,2023-01-22 04:00:00,,,,,,,,,,,,,,,,
2023-01-22 04:00:00,2023-01-22 05:00:00,,,,,,,,,,,,,,,,
2023-01-22 05:00:00,2023-01-22 06:00:00,,,,,,,,,,,,,,,,
2023-01-22 06:00:00,2023-01-22 07:00:00,,,,,,,,,,,,,,,,
2023-01-22 07:00:00,2023-01-22 08:00:00,,,,,,,,,,,,,,,,
2023-01-22 08:00:00,2023-01-22 09:00:00,,,,,,,,,,,,,,,,
2023-01-22 09:00:00,2023-01-22 10:00:00,,,,,,,,,,,,,,,,
2023-01-22 10:00:00,2023-01-22 11:00:00,,,,,,,,,,,,,,,,
2023-01-22 11:00:00,2023-01-22 12:00:00,,,,,,,,,,,,,,,,
2023-01-22 12:00:00,2023-01-22 13:00:00,,,,,,,,,,,,,,,,
2023-01-22 13:00:00,2023-01-22 14:00:00,,,,,,,,,,,,,,,,
2023-01-22 14:00:00,2023-01-22 15:00:00,,,,,,,,,,,,,,,,
2023-01-22 15:00:00,2023-01-22 16:00:00,,,,,,,,,,,,,,,,
2023-01-22 16:00:00,2023-01-22 17:00:00,,,,,,,,,,,,,,,,
2023-01-22 17:00:00,2023-01-22 18:00:00,,,,,,,,,,,,,,,,
2023-01-22 18:00:00,2023-01-22 19:00:00,,,,,,,,,,,,,,,,
2023-01-22 19:00:00,2023-01-22 20:00:00,,,,,,,,,,,,,,,,
2023-01-22 20:00:00,2023-01-22 21:00:00,,,,,,,,,,,,,,,,
2023-01-22 21:00:00,2023-01-22 22:00:00,,,,,,,,,,,,,,,,
2023-01-22 22:00:00,2023-01-22 23:00:00,,,,,,,,,,,,,,,,
2023-01-22 23:00:00,2023-01-23 00:00:00,,,,,,,,,,,,,,,,
2023-01-23 00:00:00,2023-01-23 01:00:00,,,,,,,,,,,,,,,,
2023-01-23 01:00:00,2023-01-23 02:00:00,,,,,,,,,,,,,,,,
2023-01-23 02:00:00,2023-01-23 03:00:00,,,,,,,,,,,,,,,,
2023-01-23 03:00:00,2023-01-23 04:00:00,,,,,,,,,,,,,,,,
2023-01-23 04:00:00,2023-01-23 05:00:00,,,,,,,,,,,,,,,,
2023-01-23 05:00:00,2023-01-23 06:00:00,,,,,,,,,,,,,,,,
2023-01-23 06:00:00,2023-01-23 07:00:00,,,,,,,,,,,,,,,,
2023-01-23 07:00:00,2023-01-23 08:00:00,,,,,,,,,,,,,,,,
2023-01-23 08:00:00,2023-01-23 09:00:00,,,,,,,,,,,,,,,,
2023-01-23 09:00:00,2023-01-23 10:00:00,,,,,,,,,,,,,,,,
2023-01-23 10:00:00,2023-01-23 11:00:00,,,,,,,,,,,,,,,,
2023-01-23 11:00:00,2023-01-23 12:00:00,,,,,,,,,,,,,,,,
2023-01-23 12:00:00,2023-01-23 13:00:00,,,,,,,,,,,,,,,,
2023-01-23 13:00:00,2023-01-23 14:00:00,,,,,,,,,,,,,,,,
2023-01-23 14:00:00,2023-01-23 15:00:00,,,,,,,,,,,,,,,,
2023-01-23 15:00:00,2023-01-23 16:00:00,,,,,,,,,,,,,,,,
2023-01-23 16:00:00,2023-01-23 17:00:00,,,,,,,,,,,,,,,,
2023-01-23 17:00:00,2023-01-23 18:00:00,,,,,,,,,,,,,,,,
2023-01-23 18:00:00,2023-01-23 19:00:00,,,,,,,,,,,,,,,,
2023-01-23 19:00:00,2023-01-23 20:00:00,,,,,,,,,,,,,,,,
2023-01-23 20:00:00,2023-01-23 21:00:00,,,,,,,,,,,,,,,,
2023-01-23 21:00:00,2023-01-23 22:00:00,,,,,,,,,,,,,,,,
2023-01-23 22:00:00,2023-01-23 23:00:00,,,,,,,,,,,,,,,,
2023-01-23 23:00:00,2023-01-24 00:00:00,,,,,,,,,,,,,,,,
2023-01-24 00:00:00,2023-01-24 01:00:00,,,,,,,,,,,,,,,,
2023-01-24 01:00:00,2023-01-24 02:00:00,,,,,,,,,,,,,,,,
2023-01-24 02:00:00,2023-01-24 03:00:00,,,,,,,,,,,,,,,,
2023-01-24 03:00:00,2023-01-24 04:00:00,,,,,,,,,,,,,,,,
2023-01-24 04:00:00,2023-01-24 05:00:00,,,,,,,,,,,,,,,,
2023-01-24 05:00:00,2023-01-24 06:00:00,,,,,,,,,,,,,,,,
2023-01-24 06:00:00,2023-01-24 07:00:00,,,,,,,,,,,,,,,,
2023-01-24 07:00:00,2023-01-24 08:00:00,,,,,,,,,,,,,,,,
2023-01-24 08:00:00,2023-01-24 09:00:00,,,,,,,,,,,,,,,,
2023-01-24 09:00:00,2023-01-24 10:00:00,,,,,,,,,,,,,,,,
2023-01-24 10:00:00,2023-01-24 11:00:00,63.97,122.12,1.83,19.93,13.02,8.64,13.34,0.45,57.48,1.46,28.88,1.45,162.69,629.2,0.0,31.8
2023-01-24 11:00:00,2023-01-24 12:00:00,,,,,,,,,,,,,,,,
2023-01-24 12:00:00,2023-01-24 13:00:00,,,,,,,,,,,,,,,,
2023-01-24 13:00:00,2023-01-24 14:00:00,,,,,,,,,,,,,,,,
2023-01-24 14:00:00,2023-01-24 15:00:00,,,,,,,,,,,,,,,,
2023-01-24 15:00:00,2023-01-24 16:00:00,,,,,,,,,,,,,,,,
2023-01-24 16:00:00,2023-01-24 17:00:00,,,,,,,,,,,,,,,,
2023-01-24 17:00:00,2023-01-24 18:00:00,,,,,,,,,,,,,,,,
2023-01-24 18:00:00,2023-01-24 19:00:00,,,,,,,,,,,,,,,,
2023-01-24 19:00:00,2023-01-24 20:00:00,,,,,,,,,,,,,,,,
2023-01-24 20:00:00,2023-01-24 21:00:00,,,,,,,,,,,,,,,,
2023-01-24 21:00:00,2023-01-24 22:00:00,,,,,,,,,,,,,,,,
2023-01-24 22:00:00,2023-01-24 23:00:00,,,,,,,,,,,,,,,,
2023-01-24 23:00:00,2023-01-25 00:00:00,,,,,,,,,,,,,,,,
2023-01-25 00:00:00,2023-01-25 01:00:00,,,,,,,,,,,,,,,,
2023-01-25 01:00:00,2023-01-25 02:00:00,,,,,,,,,,,,,,,,
2023-01-25 02:00:00,2023-01-25 03:00:00,,,,,,,,,,,,,,,,
2023-01-25 03:00:00,2023-01-25 04:00:00,,,,,,,,,,,,,,,,
2023-01-25 04:00:00,2023-01-25 05:00:00,,,,,,,,,,,,,,,,
2023-01-25 05:00:00,2023-01-25 06:00:00,,,,,,,,,,,,,,,,
2023-01-25 06:00:00,2023-01-25 07:00:00,,,,,,,,,,,,,,,,
2023-01-25 07:00:00,2023-01-25 08:00:00,,,,,,,,,,,,,,,,
2023-01-25 08:00:00,2023-01-25 09:00:00,,,,,,,,,,,,,,,,
2023-01-25 09:00:00,2023-01-25 10:00:00,,,,,,,,,,,,,,,,
2023-01-25 10:00:00,2023-01-25 11:00:00,,,,,,,,,,,,,,,,
2023-01-25 11:00:00,2023-01-25 12:00:00,,,,,,,,,,,,,,,,
2023-01-25 12:00:00,2023-01-25 13:00:00,,,,,,,,,,,,,,,,
2023-01-25 13:00:00,2023-01-25 14:00:00,,,,,,,,,,,,,,,,
2023-01-25 14:00:00,2023-01-25 15:00:00,,,,,,,,,,,,,,,,
2023-01-25 15:00:00,2023-01-25 16:00:00,33.06,50.06,1.16,12.86,8.8,5.26,4.92,0.39,71.61,0.46,22.54,0.86,157.58,262.15,0.0,35.95
2023-01-25 16:00:00,2023-01-25 17:00:00,32.64,49.27,1.15,16.29,10.58,6.81,4.77,0.44,61.59,0.5,28.98,0.73,200.72,80.82,0.0,33.89
2023-01-25 17:00:00,2023-01-25 18:00:00,32.39,63.41,1.83,24.29,15.29,8.84,4.96,0.47,48.98,0.7,38.52,0.72,165.02,32.38,0.0,30.86
2023-01-25 18:00:00,2023-01-25 19:00:00,33.11,73.25,1.34,27.58,16.63,9.75,5.69,0.57,41.53,0.99,48.52,0.65,170.25,25.15,0.0,28.43
2023-01-25 19:00:00,2023-01-25 20:00:00,37.75,99.78,1.69,41.09,23.95,14.82,5.67,0.85,26.87,2.34,56.68,0.63,159.81,24.65,0.0,26.68
2023-01-25 20:00:00,2023-01-25 21:00:00,46.79,124.08,1.43,28.76,17.31,11.26,6.1,0.69,27.43,2.01,64.48,0.96,110.25,24.8,0.0,25.36
2023-01-25 21:00:00,2023-01-25 22:00:00,47.66,110.56,1.48,21.45,13.54,9.03,6.47,0.64,24.68,1.21,73.61,1.06,247.74,24.68,0.0,23.85
2023-01-25 22:00:00,2023-01-25 23:00:00,40.83,71.42,1.48,18.41,11.95,8.05,6.69,0.59,27.69,1.15,73.76,0.68,192.09,24.47,0.0,23.31
2023-01-25 23:00:00,2023-01-26 00:00:00,35.39,59.25,2.36,24.61,15.86,9.82,6.64,0.61,15.89,1.03,78.59,0.95,119.82,24.55,0.0,22.6
2023-01-26 00:00:00,2023-01-26 01:00:00,36.55,67.07,1.62,20.65,13.22,8.77,5.81,0.51,23.16,0.89,77.57,0.94,84.76,24.45,0.0,22.23
2023-01-26 01:00:00,2023-01-26 02:00:00,36.27,65.55,1.61,15.43,10.5,7.11,6.48,0.48,19.09,0.74,81.78,0.94,224.22,24.62,0.0,21.36
2023-01-26 02:00:00,2023-01-26 03:00:00,34.44,47.4,1.68,16.17,10.93,7.3,6.52,0.49,16.56,0.72,84.27,0.61,225.54,24.5,0.0,20.78
2023-01-26 03:00:00,2023-01-26 04:00:00,31.2,38.14,1.79,19.56,12.79,8.34,6.68,0.47,14.69,0.76,87.81,0.66,254.49,24.4,0.0,20.48
2023-01-26 04:00:00,2023-01-26 05:00:00,29.65,36.98,1.74,19.52,12.73,8.64,6.16,0.53,13.89,0.89,88.72,0.88,162.49,24.38,0.0,20.34
2023-01-26 05:00:00,2023-01-26 06:00:00,32.31,42.82,2.57,22.32,14.84,9.71,6.63,0.67,10.14,2.36,89.87,0.65,247.99,24.37,0.0,19.91
2023-01-26 06:00:00,2023-01-26 07:00:00,32.64,61.76,27.36,28.56,37.25,20.93,6.77,0.83,4.01,7.87,90.37,0.98,87.72,30.32,0.0,19.22
2023-01-26 07:00:00,2023-01-26 08:00:00,37.11,100.32,22.99,23.82,31.39,19.07,6.66,0.61,8.78,5.05,79.74,1.08,89.25,110.62,0.0,21.32
2023-01-26 08:00:00,2023-01-26 09:00:00,40.85,124.12,9.5,25.81,22.01,15.03,6.93,0.7,21.26,1.27,59.78,0.87,58.3,280.5,0.0,26.86
2023-01-26 09:00:00,2023-01-26 10:00:00,45.88,121.13,5.75,23.64,17.98,13.19,7.12,0.72,39.68,1.34,44.49,0.9,77.77,470.98,0.0,31.1
2023-01-26 10:00:00,2023-01-26 11:00:00,50.12,118.71,6.31,25.8,19.64,13.67,5.62,0.54,49.34,1.2,30.88,0.95,91.67,615.95,0.0,34.23
2023-01-26 11:00:00,2023-01-26 12:00:00,50.78,108.09,2.81,29.39,18.71,11.96,7.87,1.09,57.2,0.67,30.37,0.97,104.17,647.15,0.0,35.48
2023-01-26 12:00:00,2023-01-26 13:00:00,51.28,105.12,58.95,57.74,87.76,45.2,16.32,1.07,26.13,0.54,23.54,0.9,190.72,673.23,0.0,36.43
2023-01-26 13:00:00,2023-01-26 14:00:00,51.42,108.65,107.43,,131.35,68.23,27.77,0.88,18.35,0.38,23.01,0.94,119.54,612.3,0.0,36.69
2023-01-26 14:00:00,2023-01-26 15:00:00,56.15,126.22,45.22,76.06,81.21,46.42,18.88,0.62,20.11,0.31,22.3,0.75,96.43,518.5,0.0,37.17
2023-01-26 15:00:00,2023-01-26 16:00:00,55.89,111.33,23.96,79.3,61.4,38.67,16.8,0.48,21.25,0.26,21.97,1.0,6.9,336.5,0.0,36.82
2023-01-26 16:00:00,2023-01-26 17:00:00,,,,,,,,,,,,,,,,
2023-01-26 17:00:00,2023-01-26 18:00:00,47.38,84.93,5.4,29.29,20.66,14.95,7.71,0.35,43.2,0.47,38.52,0.56,168.1,34.62,0.0,31.34
2023-01-26 18:00:00,2023-01-26 19:00:00,42.52,69.84,3.83,27.67,18.6,12.82,7.82,0.42,36.04,0.58,48.07,0.71,168.64,25.03,0.0,28.75
2023-01-26 19:00:00,2023-01-26 20:00:00,40.04,65.49,3.16,34.03,21.41,13.51,7.36,0.61,22.54,1.25,60.98,0.8,173.12,24.93,0.0,26.66
2023-01-26 20:00:00,2023-01-26 21:00:00,40.97,75.18,3.28,34.79,21.89,13.41,7.63,0.65,20.7,1.36,68.82,0.72,203.35,24.77,0.0,25.02
2023-01-26 21:00:00,2023-01-26 22:00:00,41.88,74.94,2.83,34.05,21.16,13.18,8.53,0.7,15.51,1.36,73.36,0.88,259.08,24.68,0.0,24.16
2023-01-26 22:00:00,2023-01-26 23:00:00,39.85,71.81,2.68,26.33,17.01,10.88,8.57,0.59,13.83,1.33,82.63,0.79,260.21,24.5,0.0,22.76
2023-01-26 23:00:00,2023-01-27 00:00:00,37.42,62.31,2.56,21.98,14.65,9.31,8.87,0.51,15.01,1.27,81.81,0.67,213.44,24.3,0.0,22.48
2023-01-27 00:00:00,2023-01-27 01:00:00,36.55,55.91,2.51,22.44,14.85,8.62,7.0,0.44,15.58,2.56,82.91,0.64,226.16,24.6,0.0,21.8
2023-01-27 01:00:00,2023-01-27 02:00:00,34.52,55.34,3.05,22.6,15.35,8.73,7.8,0.47,8.74,1.38,85.99,0.66,56.87,24.55,0.0,21.17
2023-01-27 02:00:00,2023-01-27 03:00:00,33.56,54.9,2.9,19.55,13.65,7.72,7.45,0.44,8.58,0.98,89.15,0.74,179.44,24.35,0.0,20.54
2023-01-27 03:00:00,2023-01-27 04:00:00,31.7,51.58,2.57,18.68,12.93,7.41,7.43,0.41,15.3,0.67,87.68,1.1,199.97,24.3,0.0,20.79
2023-01-27 04:00:00,2023-01-27 05:00:00,29.6,47.65,2.45,18.21,12.58,7.22,7.51,0.42,17.46,0.66,88.41,0.96,40.88,24.3,0.0,20.52
2023-01-27 05:00:00,2023-01-27 06:00:00,31.46,47.01,2.29,18.1,12.41,7.23,8.58,0.47,17.62,0.63,89.28,0.92,34.83,24.18,0.0,20.4
2023-01-27 06:00:00,2023-01-27 07:00:00,33.51,50.03,2.92,18.29,13.0,8.12,8.49,0.51,23.75,0.94,87.78,1.36,258.88,29.35,0.0,21.51
2023-01-27 07:00:00,2023-01-27 08:00:00,35.84,52.36,5.1,21.69,16.46,11.4,7.82,0.64,22.26,1.04,83.13,1.53,196.37,98.7,0.0,23.15
2023-01-27 08:00:00,2023-01-27 09:00:00,39.95,67.05,7.78,24.12,19.8,12.9,7.68,0.66,19.05,1.29,72.34,0.96,70.99,243.15,0.0,25.88
2023-01-27 09:00:00,2023-01-27 10:00:00,46.24,87.92,3.75,20.68,14.89,10.27,7.42,0.7,33.83,1.09,59.37,1.1,269.53,408.45,0.0,28.96
2023-01-27 10:00:00,2023-01-27 11:00:00,50.2,88.69,2.66,20.41,13.9,9.2,6.08,0.47,39.4,0.78,51.5,1.33,263.67,543.73,0.0,30.81
2023-01-27 11:00:00,2023-01-27 12:00:00,48.69,83.51,2.77,23.67,15.69,10.42,5.31,0.43,43.63,0.68,48.37,1.68,350.62,631.38,0.0,31.94
2023-01-27 12:00:00,2023-01-27 13:00:00,48.62,81.31,2.28,21.75,14.31,9.73,6.59,0.39,47.77,0.64,45.23,1.58,348.54,659.75,0.0,32.87
2023-01-27 13:00:00,2023-01-27 14:00:00,48.55,83.79,4.33,32.23,21.36,14.3,7.39,0.42,48.84,0.58,40.52,1.46,348.31,594.6,0.0,33.82
2023-01-27 14:00:00,2023-01-27 15:00:00,47.67,87.71,6.54,22.81,19.42,12.51,6.54,0.42,61.11,0.47,38.29,1.52,350.93,494.68,0.0,34.23
2023-01-27 15:00:00,2023-01-27 16:00:00,47.2,86.9,1.77,18.26,12.09,8.26,6.39,0.38,68.7,0.52,35.88,1.33,348.35,263.43,0.0,34.07
2023-01-27 16:00:00,2023-01-27 17:00:00,49.18,91.41,1.21,17.89,11.46,7.83,5.41,0.4,61.45,0.54,41.25,1.01,261.5,89.38,0.0,32.52
2023-01-27 17:00:00,2023-01-27 18:00:00,50.5,86.37,1.25,21.3,13.28,8.84,6.53,0.41,53.29,0.58,50.13,0.86,102.53,35.42,0.0,30.08
2023-01-27 18:00:00,2023-01-27 19:00:00,52.3,85.6,1.42,25.53,15.62,10.4,6.42,0.54,40.43,0.98,62.58,0.7,208.06,24.88,0.0,27.78
2023-01-27 19:00:00,2023-01-27 20:00:00,56.53,90.96,2.47,29.29,18.4,13.18,6.97,0.71,30.07,1.51,73.06,0.69,322.5,24.9,0.0,25.89
2023-01-27 20:00:00,2023-01-27 21:00:00,60.24,94.73,1.64,29.41,17.82,13.03,5.11,0.88,27.67,2.36,76.16,1.0,312.09,24.48,0.0,25.0
2023-01-27 21:00:00,2023-01-27 22:00:00,64.17,94.37,1.49,21.98,13.81,10.22,5.15,0.53,41.76,1.49,70.0,1.22,332.43,24.02,0.0,25.86
2023-01-27 22:00:00,2023-01-27 23:00:00,56.47,86.24,1.38,18.03,11.67,8.58,5.93,0.7,41.64,0.69,70.34,1.62,347.5,24.18,0.0,26.11
2023-01-27 23:00:00,2023-01-28 00:00:00,51.0,78.34,1.47,22.33,13.98,9.69,6.87,0.7,35.43,0.62,72.64,1.78,350.77,24.4,0.0,25.57
2023-01-28 00:00:00,2023-01-28 01:00:00,51.18,77.05,1.38,19.49,12.43,9.05,6.12,0.7,33.42,0.59,76.44,1.7,351.9,24.45,0.0,24.84
2023-01-28 01:00:00,2023-01-28 02:00:00,49.35,70.92,1.42,17.86,11.61,8.66,6.05,0.59,32.53,0.6,79.81,1.75,351.66,24.48,0.0,24.08
2023-01-28 02:00:00,2023-01-28 03:00:00,44.84,60.83,1.46,17.94,11.68,8.88,5.53,0.46,30.84,0.62,82.69,1.58,347.24,24.4,0.0,23.41
2023-01-28 03:00:00,2023-01-28 04:00:00,41.11,55.33,1.47,16.26,10.81,8.44,5.15,0.43,29.34,0.64,83.78,1.58,349.05,24.3,0.0,22.95
2023-01-28 04:00:00,2023-01-28 05:00:00,41.38,53.22,1.53,17.09,11.3,8.72,5.44,0.43,26.29,0.63,84.98,1.32,349.45,24.35,0.0,22.58
2023-01-28 05:00:00,2023-01-28 06:00:00,39.11,51.99,1.57,15.08,10.28,8.24,6.15,0.42,27.18,0.68,86.81,1.34,342.95,24.3,0.0,22.18
2023-01-28 06:00:00,2023-01-28 07:00:00,36.02,45.18,2.29,17.09,11.88,9.43,6.14,0.42,21.43,0.74,88.56,1.03,315.32,30.15,0.0,21.7
2023-01-28 07:00:00,2023-01-28 08:00:00,34.8,44.73,4.7,22.07,16.34,12.05,6.17,0.49,16.72,1.04,84.93,0.72,72.65,99.42,0.0,22.75
2023-01-28 08:00:00,2023-01-28 09:00:00,39.6,62.67,6.53,22.22,17.84,13.56,4.88,0.63,28.58,1.25,72.33,1.13,177.92,255.52,0.0,25.9
2023-01-28 09:00:00,2023-01-28 10:00:00,,,2.55,17.67,12.39,,13.0,0.81,33.73,0.9,61.28,1.22,180.33,435.07,0.0,28.91
2023-01-28 10:00:00,2023-01-28 11:00:00,28.79,66.66,2.71,20.93,14.21,20.76,16.22,0.69,40.14,0.82,52.48,1.4,350.45,588.92,0.0,31.07
2023-01-28 11:00:00,2023-01-28 12:00:00,31.47,67.94,8.07,22.38,19.32,16.29,,0.51,39.73,0.72,47.41,1.51,350.5,697.18,0.0,32.39
2023-01-28 12:00:00,2023-01-28 13:00:00,37.34,80.61,3.48,24.97,16.92,14.9,21.49,0.43,43.33,0.78,43.9,1.46,340.76,752.67,0.0,33.31
2023-01-28 13:00:00,2023-01-28 14:00:00,40.38,103.53,2.71,17.54,12.43,11.31,0.05,0.36,45.86,0.64,35.58,1.45,349.23,721.62,0.0,34.96
2023-01-28 14:00:00,2023-01-28 15:00:00,38.26,90.99,1.25,11.93,8.38,6.3,2.97,0.21,50.64,0.32,25.75,1.5,345.42,538.05,0.0,35.48
2023-01-28 15:00:00,2023-01-28 16:00:00,22.9,51.94,1.11,10.37,7.46,7.42,41.54,0.4,53.28,0.2,27.16,1.58,269.23,302.08,0.0,34.4
2023-01-28 16:00:00,2023-01-28 17:00:00,23.92,70.75,2.45,12.17,9.44,7.11,27.98,0.81,,0.23,32.24,1.73,349.34,82.9,0.0,32.37
2023-01-28 17:00:00,2023-01-28 18:00:00,27.95,58.33,1.22,14.52,9.71,7.86,10.75,0.38,41.9,0.35,45.91,0.99,342.28,35.48,0.0,29.9
2023-01-28 18:00:00,2023-01-28 19:00:00,29.15,47.52,1.26,20.66,12.95,9.51,3.72,0.45,29.76,0.58,55.84,0.67,248.16,24.8,0.0,27.22
2023-01-28 19:00:00,2023-01-28 20:00:00,32.12,68.63,1.49,27.63,16.77,12.1,3.71,0.58,24.32,2.08,66.0,0.64,236.11,24.65,0.0,25.2
2023-01-28 20:00:00,2023-01-28 21:00:00,35.83,79.14,1.95,22.83,14.62,10.94,3.74,0.58,19.59,1.57,72.14,0.8,130.26,24.4,0.0,24.29
2023-01-28 21:00:00,2023-01-28 22:00:00,37.64,72.65,2.43,21.13,14.1,10.12,4.24,0.51,17.82,1.37,78.6,0.88,197.6,24.4,0.0,23.18
2023-01-28 22:00:00,2023-01-28 23:00:00,37.71,66.55,2.14,20.01,13.29,9.67,4.56,0.5,14.09,1.0,81.31,0.93,276.02,24.5,0.0,22.18
2023-01-28 23:00:00,2023-01-29 00:00:00,33.77,47.66,1.99,16.61,11.4,8.48,4.53,0.44,14.86,0.88,83.47,0.64,131.33,24.25,0.0,21.53
2023-01-29 00:00:00,2023-01-29 01:00:00,30.56,45.59,1.91,15.35,10.68,7.66,3.22,0.38,14.9,0.7,85.99,0.73,200.11,24.47,0.0,20.92
2023-01-29 01:00:00,2023-01-29 02:00:00,31.2,45.32,1.97,15.35,10.72,7.47,3.78,0.36,14.9,0.57,87.58,0.77,207.4,24.43,0.0,20.61
2023-01-29 02:00:00,2023-01-29 03:00:00,28.57,38.76,2.01,17.62,11.94,8.18,3.92,0.4,,0.61,89.95,0.62,237.28,24.35,0.0,20.49
2023-01-29 03:00:00,2023-01-29 04:00:00,26.55,41.16,2.16,18.01,12.26,8.3,3.68,0.38,,0.72,90.64,0.57,70.31,24.45,0.0,20.19
2023-01-29 04:00:00,2023-01-29 05:00:00,27.69,38.69,2.29,15.77,11.19,7.42,3.82,0.35,,0.71,92.6,0.94,285.54,24.4,0.0,19.39
2023-01-29 05:00:00,2023-01-29 06:00:00,24.69,30.13,2.71,15.63,11.44,7.56,4.08,0.5,,0.81,93.24,0.68,203.89,24.58,0.0,18.54
2023-01-29 06:00:00,2023-01-29 07:00:00,24.62,30.93,6.31,21.75,17.42,10.21,4.49,0.59,,1.13,94.28,0.86,190.45,30.55,0.0,18.63
2023-01-29 07:00:00,2023-01-29 08:00:00,50.38,149.52,17.63,28.65,29.78,20.27,6.15,0.83,,10.66,86.18,0.99,64.62,107.8,0.0,20.77
2023-01-29 08:00:00,2023-01-29 09:00:00,50.48,123.05,6.71,19.22,16.41,11.55,4.04,0.47,,3.84,71.06,0.91,68.87,279.0,0.0,24.64
2023-01-29 09:00:00,2023-01-29 10:00:00,42.18,70.5,4.41,16.71,13.31,9.55,3.28,0.36,31.34,0.93,49.74,0.77,49.2,473.88,0.0,29.89
2023-01-29 10:00:00,2023-01-29 11:00:00,39.68,79.07,2.37,12.77,9.68,6.68,1.71,0.24,42.24,0.54,33.86,1.12,154.57,632.45,0.0,32.74
2023-01-29 11:00:00,2023-01-29 12:00:00,30.13,33.38,2.04,17.16,11.72,7.6,1.93,0.26,47.32,0.38,31.29,1.21,151.12,716.33,0.0,33.86
2023-01-29 12:00:00,2023-01-29 13:00:00,29.05,35.53,1.81,16.89,11.4,6.95,4.09,0.25,48.84,0.42,27.53,0.89,142.3,740.3,0.0,34.96
2023-01-29 13:00:00,2023-01-29 14:00:00,26.57,34.62,1.55,16.91,11.21,6.72,4.85,0.26,53.12,0.45,24.74,1.1,164.61,680.6,0.0,35.91
2023-01-29 14:00:00,2023-01-29 15:00:00,24.42,35.07,3.43,39.34,24.39,12.89,7.56,0.34,46.6,0.35,22.66,0.34,130.9,516.48,0.0,36.19
2023-01-29 15:00:00,2023-01-29 16:00:00,25.98,48.45,3.13,42.43,25.77,14.68,7.74,0.33,45.13,0.36,24.02,0.9,130.4,275.25,0.0,35.38
2023-01-29 16:00:00,2023-01-29 17:00:00,29.27,51.97,1.31,21.88,13.63,8.37,6.09,0.26,45.7,0.33,29.16,0.82,137.47,81.85,0.0,33.24
2023-01-29 17:00:00,2023-01-29 18:00:00,28.97,47.81,1.22,20.93,13.06,7.83,5.69,0.3,38.67,0.3,40.05,0.9,128.56,34.8,0.0,30.25
2023-01-29 18:00:00,2023-01-29 19:00:00,29.48,51.0,1.31,20.86,13.09,7.83,5.69,0.35,34.07,0.47,52.26,0.9,132.68,24.8,0.0,27.56
2023-01-29 19:00:00,2023-01-29 20:00:00,28.62,49.67,1.43,22.38,13.98,8.61,5.96,0.44,31.8,0.81,58.05,0.95,128.89,24.35,0.0,26.22
2023-01-29 20:00:00,2023-01-29 21:00:00,28.0,47.23,1.5,21.34,13.49,8.27,4.41,0.43,33.21,0.91,59.68,1.16,123.62,24.2,0.0,25.64
2023-01-29 21:00:00,2023-01-29 22:00:00,29.1,50.11,1.52,19.18,12.38,7.36,5.38,0.39,31.13,0.63,62.76,0.89,226.77,24.58,0.0,24.57
2023-01-29 22:00:00,2023-01-29 23:00:00,28.5,44.66,1.62,19.75,12.75,7.67,5.71,0.55,20.91,1.03,73.45,0.65,203.63,24.62,0.0,22.72
2023-01-29 23:00:00,2023-01-30 00:00:00,25.93,34.86,1.65,16.16,10.9,6.34,5.75,0.4,22.62,0.89,76.06,0.95,269.67,24.4,0.0,22.09
2023-01-30 00:00:00,2023-01-30 01:00:00,24.03,33.63,1.92,19.98,13.11,7.84,5.91,0.47,14.43,0.76,79.93,0.74,120.94,24.58,0.0,21.11
2023-01-30 01:00:00,2023-01-30 02:00:00,27.21,45.36,2.09,19.74,13.12,7.67,6.65,0.39,14.65,0.82,81.38,0.85,97.87,24.35,0.0,20.35
2023-01-30 02:00:00,2023-01-30 03:00:00,27.7,42.01,2.08,16.27,11.29,6.48,6.45,0.33,15.95,0.51,84.12,0.58,209.84,24.4,0.0,19.82
2023-01-30 03:00:00,2023-01-30 04:00:00,25.1,30.21,2.21,18.44,12.53,7.13,6.36,0.33,11.21,0.53,87.21,0.97,202.17,24.3,0.0,19.38
2023-01-30 04:00:00,2023-01-30 05:00:00,23.43,27.17,2.27,17.53,12.1,6.79,5.14,0.32,10.61,0.49,89.97,0.69,246.36,24.42,0.0,18.88
2023-01-30 05:00:00,2023-01-30 06:00:00,21.69,27.98,2.99,16.81,12.27,6.64,5.48,0.34,5.29,0.5,90.89,0.58,121.73,24.35,0.0,18.18
2023-01-30 06:00:00,2023-01-30 07:00:00,21.93,24.95,8.89,20.59,18.81,9.73,5.37,0.38,6.29,0.58,91.31,0.61,222.2,29.97,0.0,18.27
2023-01-30 07:00:00,2023-01-30 08:00:00,22.94,45.27,25.47,26.65,34.98,19.41,5.53,0.54,6.96,1.01,82.02,0.92,22.01,102.28,0.0,20.54
2023-01-30 08:00:00,2023-01-30 09:00:00,32.88,122.09,22.25,32.66,35.45,21.2,5.53,0.86,12.53,1.99,64.13,0.89,54.24,248.82,0.0,25.03
2023-01-30 09:00:00,2023-01-30 10:00:00,43.65,166.51,5.27,22.34,16.92,10.68,9.43,0.46,38.67,1.71,43.88,1.08,150.06,428.65,0.0,29.98
2023-01-30 10:00:00,2023-01-30 11:00:00,39.52,92.48,3.45,33.33,21.26,12.81,19.98,0.45,45.9,0.98,38.88,1.55,149.85,567.52,0.0,31.7
2023-01-30 11:00:00,2023-01-30 12:00:00,40.44,77.05,3.63,36.83,23.23,14.8,37.27,0.46,48.01,1.09,38.15,1.62,167.41,667.08,0.0,32.98
2023-01-30 12:00:00,2023-01-30 13:00:00,43.11,74.24,3.41,29.19,19.22,12.31,6.09,0.43,52.98,0.93,35.06,1.12,146.32,678.52,0.0,34.22
2023-01-30 13:00:00,2023-01-30 14:00:00,42.2,66.23,1.95,21.53,13.94,8.76,3.92,0.43,60.22,0.77,30.62,0.6,93.65,574.35,0.0,35.71
2023-01-30 14:00:00,2023-01-30 15:00:00,41.06,105.04,12.32,27.0,20.49,14.57,4.5,0.52,59.85,0.83,29.45,0.66,126.78,479.7,0.0,36.06
2023-01-30 15:00:00,2023-01-30 16:00:00,43.55,118.81,1.95,32.16,19.49,11.38,5.98,0.49,59.98,0.69,26.09,1.17,329.75,294.5,0.0,35.45
2023-01-30 16:00:00,2023-01-30 17:00:00,46.49,81.08,2.13,34.17,20.68,12.85,5.77,0.59,55.0,0.57,28.88,1.15,96.41,91.75,0.0,33.84
2023-01-30 17:00:00,2023-01-30 18:00:00,46.48,96.52,1.65,29.62,17.94,11.11,5.21,0.46,49.84,0.97,39.05,0.81,210.85,35.88,0.0,30.94
2023-01-30 18:00:00,2023-01-30 19:00:00,49.06,116.02,1.38,27.3,16.51,10.09,5.8,0.51,47.67,0.87,47.02,0.77,305.33,24.95,0.0,28.55
2023-01-30 19:00:00,2023-01-30 20:00:00,49.57,103.83,1.37,24.67,15.13,9.69,5.88,0.64,39.68,1.23,57.1,0.67,157.78,24.67,0.0,26.77
2023-01-30 20:00:00,2023-01-30 21:00:00,51.04,93.38,1.47,23.69,14.69,9.4,4.49,0.59,36.62,1.64,64.47,0.68,143.85,24.53,0.0,25.66
2023-01-30 21:00:00,2023-01-30 22:00:00,54.03,88.7,1.66,24.27,15.14,9.25,5.19,0.68,26.84,1.12,73.8,0.6,250.94,24.77,0.0,24.03
2023-01-30 22:00:00,2023-01-30 23:00:00,51.6,75.98,1.6,21.87,13.84,8.56,5.79,0.55,32.52,1.38,70.98,0.79,318.95,24.3,0.0,23.44
2023-01-30 23:00:00,2023-01-31 00:00:00,47.91,61.81,1.53,20.79,13.23,7.94,6.07,0.55,29.39,0.9,70.56,0.96,273.14,24.45,0.0,23.15
2023-01-31 00:00:00,2023-01-31 01:00:00,48.94,67.72,1.62,27.16,16.62,9.96,4.99,0.65,18.1,1.35,75.43,0.76,250.91,24.47,0.0,22.28
2023-01-31 01:00:00,2023-01-31 02:00:00,48.87,81.4,1.69,23.79,14.91,8.26,5.53,0.42,25.4,0.95,66.48,0.95,246.87,24.05,0.0,22.31
2023-01-31 02:00:00,2023-01-31 03:00:00,42.95,72.38,1.42,21.56,13.55,7.14,6.3,0.46,38.73,0.54,53.85,1.56,340.65,23.9,0.0,23.61
2023-01-31 03:00:00,2023-01-31 04:00:00,39.6,63.52,1.29,21.33,13.32,7.13,8.24,0.94,42.32,0.55,51.72,1.75,352.8,24.2,0.0,23.93
2023-01-31 04:00:00,2023-01-31 05:00:00,42.2,73.23,1.26,23.77,14.57,8.2,8.48,0.79,37.17,0.72,54.77,1.27,96.8,24.7,0.0,23.28
2023-01-31 05:00:00,2023-01-31 06:00:00,47.53,90.37,1.28,24.07,14.75,9.0,9.13,0.71,36.07,0.96,56.25,1.4,91.6,24.5,0.0,23.01
2023-01-31 06:00:00,2023-01-31 07:00:00,51.37,101.45,2.38,37.97,22.85,14.26,11.47,0.84,25.15,1.07,60.69,1.16,265.06,28.95,0.0,22.07
2023-01-31 07:00:00,2023-01-31 08:00:00,58.91,102.85,7.55,50.93,33.67,21.78,11.15,0.63,20.09,1.26,61.03,1.35,343.92,79.2,0.0,22.67
2023-01-31 08:00:00,2023-01-31 09:00:00,69.64,170.73,13.12,46.96,35.99,23.72,7.87,0.73,23.21,1.5,51.09,1.19,180.61,244.17,0.0,25.55
2023-01-31 09:00:00,2023-01-31 10:00:00,72.78,204.01,4.84,38.01,24.85,16.7,6.78,0.7,33.02,1.23,35.27,0.97,93.59,453.45,0.0,29.25
2023-01-31 10:00:00,2023-01-31 11:00:00,66.35,126.87,3.57,38.65,24.13,15.32,26.28,0.68,34.64,0.94,26.35,1.08,97.14,579.97,0.0,32.31
2023-01-31 11:00:00,2023-01-31 12:00:00,60.2,92.66,2.82,31.04,19.57,12.45,5.97,0.3,39.0,0.62,16.15,1.16,48.17,700.25,0.0,33.94
2023-01-31 12:00:00,2023-01-31 13:00:00,52.36,61.94,5.51,31.44,22.01,12.21,6.07,0.24,35.82,0.32,13.02,1.21,26.15,731.57,0.0,35.02
2023-01-31 13:00:00,2023-01-31 14:00:00,44.92,67.52,8.37,32.63,24.88,14.63,7.27,0.41,36.3,0.45,13.77,1.02,87.49,675.08,0.0,36.27
2023-01-31 14:00:00,2023-01-31 15:00:00,39.18,75.98,10.82,37.75,30.37,17.46,8.35,0.4,33.96,0.38,14.42,1.0,179.78,557.27,0.0,36.85
2023-01-31 15:00:00,2023-01-31 16:00:00,35.52,84.86,2.94,29.88,19.07,12.5,8.99,0.28,35.8,0.38,16.67,1.06,270.45,308.48,0.0,35.67
2023-01-31 16:00:00,2023-01-31 17:00:00,31.4,76.0,1.19,17.62,11.3,7.26,14.57,0.29,42.72,0.51,23.92,1.38,351.23,89.55,0.0,33.36
2023-01-31 17:00:00,2023-01-31 18:00:00,30.35,57.18,1.31,23.52,14.48,9.51,22.59,0.4,40.58,0.61,30.76,1.38,348.52,36.27,0.0,31.17
2023-01-31 18:00:00,2023-01-31 19:00:00,32.94,67.22,1.4,33.2,19.61,12.13,19.93,0.37,29.95,0.82,38.36,0.97,258.13,24.83,0.0,28.74
2023-01-31 19:00:00,2023-01-31 20:00:00,33.02,75.65,1.6,30.72,18.47,11.94,16.93,0.55,27.32,1.1,45.76,0.61,206.02,24.23,0.0,27.02
2023-01-31 20:00:00,2023-01-31 21:00:00,37.31,75.79,1.62,34.43,20.43,12.42,15.56,0.7,25.89,0.81,47.13,1.23,337.19,23.85,0.0,27.07
2023-01-31 21:00:00,2023-01-31 22:00:00,39.23,87.14,1.42,35.05,20.59,12.59,13.65,0.61,24.87,0.7,47.88,0.79,88.96,24.3,0.0,26.92
2023-01-31 22:00:00,2023-01-31 23:00:00,41.48,97.22,1.44,29.68,17.8,11.05,14.56,0.74,28.91,0.68,51.69,1.23,11.5,24.27,0.0,25.98
2023-01-31 23:00:00,2023-02-01 00:00:00,41.58,106.53,1.4,26.3,16.01,9.88,12.21,0.48,27.0,0.72,56.14,0.97,259.93,24.5,0.0,24.95
2023-02-01 00:00:00,2023-02-01 01:00:00,38.68,93.92,1.45,22.25,13.93,7.83,13.09,0.42,28.55,0.45,58.45,1.2,328.21,24.4,0.0,24.17
2023-02-01 01:00:00,2023-02-01 02:00:00,36.55,62.18,1.42,18.64,12.02,6.46,13.13,0.28,28.7,0.35,60.48,1.18,252.75,24.35,0.0,23.77
2023-02-01 02:00:00,2023-02-01 03:00:00,32.36,38.18,1.41,19.48,12.46,6.5,13.1,0.4,28.32,0.32,61.85,1.31,340.7,24.18,0.0,23.27
2023-02-01 03:00:00,2023-02-01 04:00:00,28.16,30.64,1.4,17.39,11.35,5.8,12.45,0.23,28.37,0.31,66.28,1.1,332.54,24.6,0.0,22.37
2023-02-01 04:00:00,2023-02-01 05:00:00,24.14,25.84,1.76,18.04,11.97,5.82,12.06,0.23,25.68,0.3,70.12,1.43,337.38,23.97,0.0,21.62
2023-02-01 05:00:00,2023-02-01 06:00:00,23.1,29.33,1.98,18.06,12.15,6.16,12.8,0.33,24.93,0.34,73.06,1.6,343.79,24.07,0.0,21.32
2023-02-01 06:00:00,2023-02-01 07:00:00,20.07,34.5,4.55,21.6,15.99,8.88,13.01,0.42,24.52,0.42,74.27,1.54,342.9,30.42,0.0,20.83
2023-02-01 07:00:00,2023-02-01 08:00:00,22.29,80.01,13.8,30.19,27.68,14.77,13.39,0.59,19.57,0.66,67.03,1.38,256.28,114.1,0.0,22.05
2023-02-01 08:00:00,2023-02-01 09:00:00,28.94,120.02,4.8,25.04,17.98,10.45,9.03,0.64,24.19,0.6,51.06,1.05,265.54,284.45,0.0,25.72
2023-02-01 09:00:00,2023-02-01 10:00:00,29.28,71.65,2.85,20.7,14.2,6.86,7.89,0.45,29.01,0.41,39.31,1.17,265.78,470.85,0.0,28.32
2023-02-01 10:00:00,2023-02-01 11:00:00,28.55,37.27,2.58,21.46,14.39,6.83,6.29,0.47,30.7,0.38,32.63,1.37,269.2,612.27,0.0,30.29
2023-02-01 11:00:00,2023-02-01 12:00:00,26.42,44.16,1.99,18.28,12.27,5.84,4.15,0.29,32.3,0.35,32.14,1.77,350.09,714.52,0.0,31.12
2023-02-01 12:00:00,2023-02-01 13:00:00,27.62,69.62,3.19,18.54,13.33,5.82,5.47,0.34,35.28,0.37,23.63,2.0,352.84,783.08,0.0,32.46
2023-02-01 13:00:00,2023-02-01 14:00:00,28.89,76.14,3.69,17.24,13.15,5.18,5.88,0.3,35.5,0.26,19.53,2.07,350.56,793.85,0.0,33.28
2023-02-01 14:00:00,2023-02-01 15:00:00,26.6,79.25,2.41,15.29,11.03,3.9,6.79,0.25,36.85,0.29,16.55,2.01,354.51,664.02,0.0,33.2
2023-02-01 15:00:00,2023-02-01 16:00:00,,,,,,,,,,,,,,,,
2023-02-01 16:00:00,2023-02-01 17:00:00,21.88,76.33,1.47,15.0,10.15,2.55,14.85,0.52,35.33,0.19,13.37,1.42,236.52,66.93,0.0,30.88
2023-02-01 17:00:00,2023-02-01 18:00:00,20.43,71.72,1.82,17.84,11.91,4.07,15.87,0.52,30.59,0.24,14.84,1.2,318.15,34.77,0.0,28.92
2023-02-01 18:00:00,2023-02-01 19:00:00,17.89,41.46,1.56,20.57,13.14,4.59,12.6,0.34,22.84,0.57,23.09,0.67,252.88,24.68,0.0,25.01
2023-02-01 19:00:00,2023-02-01 20:00:00,17.58,54.58,2.79,29.66,18.83,7.71,11.85,0.58,15.06,1.02,32.39,0.6,275.07,24.63,0.0,22.56
2023-02-01 20:00:00,2023-02-01 21:00:00,21.46,95.31,1.99,28.21,17.46,8.04,12.02,0.57,19.79,1.78,44.71,0.64,198.06,24.07,0.0,20.35
2023-02-01 21:00:00,2023-02-01 22:00:00,26.27,79.1,1.87,25.79,16.1,7.2,12.63,0.54,16.84,1.54,46.79,0.66,256.06,24.12,0.0,19.28
2023-02-01 22:00:00,2023-02-01 23:00:00,25.91,57.84,1.85,22.8,14.52,6.12,12.04,0.52,14.2,1.2,51.71,0.65,184.84,24.17,0.0,17.88
2023-02-01 23:00:00,2023-02-02 00:00:00,22.41,48.67,2.89,27.53,17.79,8.37,11.59,0.68,6.86,2.73,63.16,0.76,211.76,24.05,0.0,16.41
2023-02-02 00:00:00,2023-02-02 01:00:00,25.61,51.54,2.55,24.47,15.94,7.32,10.54,0.46,12.12,6.74,59.12,0.87,247.16,23.75,0.0,16.68
2023-02-02 01:00:00,2023-02-02 02:00:00,23.91,50.77,2.0,17.24,11.73,4.59,11.25,0.28,23.47,1.08,50.94,1.12,327.52,23.4,0.0,17.57
2023-02-02 02:00:00,2023-02-02 03:00:00,18.8,33.52,1.7,16.79,11.27,4.06,11.08,0.28,20.98,0.52,54.65,1.02,320.4,24.12,0.0,16.38
2023-02-02 03:00:00,2023-02-02 04:00:00,16.13,22.52,1.4,13.52,9.33,2.87,10.18,0.23,24.29,0.41,48.44,1.34,334.03,23.38,0.0,17.53
2023-02-02 04:00:00,2023-02-02 05:00:00,15.27,32.7,1.32,13.82,9.42,2.79,10.24,0.24,21.71,0.38,51.83,1.39,328.47,24.1,0.0,16.83
2023-02-02 05:00:00,2023-02-02 06:00:00,11.1,37.96,3.8,17.25,13.13,4.92,10.52,0.27,20.38,0.38,57.35,1.17,318.94,24.32,0.0,15.54
2023-02-02 06:00:00,2023-02-02 07:00:00,9.88,38.46,19.28,31.31,32.51,15.9,9.7,0.35,16.07,0.59,65.53,1.12,313.84,32.7,0.0,14.35
2023-02-02 07:00:00,2023-02-02 08:00:00,17.17,71.87,13.59,28.01,26.32,13.12,9.31,0.42,16.67,0.95,53.29,1.45,340.0,142.62,0.0,18.09
2023-02-02 08:00:00,2023-02-02 09:00:00,26.12,99.05,5.51,22.82,17.36,8.54,9.48,0.53,21.86,0.64,40.89,1.3,265.93,354.1,0.0,22.52
2023-02-02 09:00:00,2023-02-02 10:00:00,26.56,87.52,3.67,25.13,17.14,7.22,40.17,0.77,24.56,0.47,28.98,0.8,26.68,554.73,0.0,26.12
2023-02-02 10:00:00,2023-02-02 11:00:00,22.82,69.88,2.23,21.37,14.07,5.49,29.19,0.4,27.05,0.33,19.9,0.71,325.53,700.02,0.0,28.77
2023-02-02 11:00:00,2023-02-02 12:00:00,21.21,59.99,3.74,26.99,18.18,7.43,22.85,0.32,25.91,0.35,16.71,1.08,336.6,806.23,0.0,30.2
2023-02-02 12:00:00,2023-02-02 13:00:00,25.68,56.06,5.08,34.03,22.89,11.36,15.38,0.3,26.94,0.38,15.64,1.33,348.57,835.8,0.0,31.25
2023-02-02 13:00:00,2023-02-02 14:00:00,26.21,60.36,4.92,24.91,18.08,8.89,11.67,0.31,31.37,0.39,12.99,1.57,345.37,818.67,0.0,32.56
2023-02-02 14:00:00,2023-02-02 15:00:00,25.27,61.38,2.02,18.89,12.61,4.97,10.49,0.22,32.95,0.42,11.45,1.79,347.52,707.0,0.0,32.74
2023-02-02 15:00:00,2023-02-02 16:00:00,22.53,59.58,1.32,12.97,8.98,2.39,8.0,0.18,34.54,0.3,10.67,1.78,345.36,373.53,0.0,32.41
2023-02-02 16:00:00,2023-02-02 17:00:00,18.67,49.09,1.56,11.99,8.65,1.65,16.74,0.36,32.36,0.28,15.0,1.68,351.56,65.58,0.0,30.73
2023-02-02 17:00:00,2023-02-02 18:00:00,16.92,43.63,14.1,32.55,30.99,12.96,25.37,0.52,22.24,0.41,24.35,1.15,327.05,36.05,0.0,27.94
2023-02-02 18:00:00,2023-02-02 19:00:00,19.38,52.1,2.37,38.82,23.36,11.66,16.85,0.47,17.69,1.31,34.6,0.72,180.17,24.65,0.0,24.39
2023-02-02 19:00:00,2023-02-02 20:00:00,24.34,71.36,5.25,44.99,28.75,14.5,13.62,0.8,11.68,1.54,46.33,1.14,81.1,24.52,0.0,22.5
2023-02-02 20:00:00,2023-02-02 21:00:00,29.36,88.22,2.65,34.8,21.41,11.98,10.21,0.76,14.72,2.76,58.87,0.65,277.6,24.38,0.0,20.03
2023-02-02 21:00:00,2023-02-02 22:00:00,32.39,88.73,2.57,29.38,18.51,9.51,9.84,0.61,12.98,2.27,64.87,0.81,176.79,24.23,0.0,18.86
2023-02-02 22:00:00,2023-02-02 23:00:00,29.9,69.6,2.21,26.5,16.73,8.6,9.32,0.61,14.23,1.91,67.62,0.76,192.6,24.1,0.0,18.0
2023-02-02 23:00:00,2023-02-03 00:00:00,26.94,62.36,1.89,23.25,14.79,7.36,8.99,0.54,13.29,1.35,71.46,0.53,141.69,24.3,0.0,17.14
2023-02-03 00:00:00,2023-02-03 01:00:00,25.23,51.99,1.97,23.9,15.19,7.57,8.37,0.44,16.68,1.14,69.45,1.14,330.17,23.73,0.0,17.37
2023-02-03 01:00:00,2023-02-03 02:00:00,22.49,44.64,1.79,24.68,15.46,7.65,10.9,0.38,20.34,0.72,59.57,1.31,321.91,23.9,0.0,18.69
2023-02-03 02:00:00,2023-02-03 03:00:00,22.36,40.52,1.83,24.46,15.38,7.59,9.8,0.36,14.12,0.58,70.12,0.75,111.33,24.48,0.0,16.5
2023-02-03 03:00:00,2023-02-03 04:00:00,20.51,36.43,1.82,22.96,14.58,7.14,9.86,0.33,16.47,0.54,63.84,1.3,327.74,23.77,0.0,16.8
2023-02-03 04:00:00,2023-02-03 05:00:00,19.42,37.82,1.64,19.45,12.61,5.89,8.65,0.31,18.8,0.5,61.39,1.29,321.07,24.08,0.0,16.8
2023-02-03 05:00:00,2023-02-03 06:00:00,21.04,35.29,2.13,19.47,13.0,5.79,8.9,0.34,17.5,0.48,63.65,1.14,315.88,24.02,0.0,16.43
2023-02-03 06:00:00,2023-02-03 07:00:00,21.0,41.63,22.73,34.75,36.69,19.12,9.51,0.48,8.84,0.61,74.23,0.81,109.82,33.45,0.0,14.8
2023-02-03 07:00:00,2023-02-03 08:00:00,31.11,139.96,21.2,33.49,36.07,19.76,13.8,0.98,15.81,1.14,60.49,1.41,268.9,139.18,0.0,19.0
2023-02-03 08:00:00,2023-02-03 09:00:00,44.1,203.65,7.64,25.54,20.43,11.03,13.55,0.82,19.59,0.73,47.83,1.55,264.91,343.75,0.0,22.73
2023-02-03 09:00:00,2023-02-03 10:00:00,39.18,86.55,3.22,22.16,15.25,7.59,32.95,1.16,27.92,0.51,32.63,0.95,350.26,542.3,0.0,27.21
2023-02-03 10:00:00,2023-02-03 11:00:00,29.56,44.42,3.39,24.69,16.7,7.51,50.44,0.61,27.7,0.36,18.82,1.36,267.73,693.42,0.0,29.86
2023-02-03 11:00:00,2023-02-03 12:00:00,26.91,51.58,1.6,15.59,10.56,4.15,28.68,0.27,28.56,0.26,14.28,1.41,265.37,800.58,0.0,31.77
2023-02-03 12:00:00,2023-02-03 13:00:00,27.84,55.87,4.84,18.47,14.93,6.11,14.68,0.29,28.48,0.34,10.62,1.45,351.08,837.45,0.0,32.95
2023-02-03 13:00:00,2023-02-03 14:00:00,23.39,56.13,7.55,17.37,16.3,6.18,10.52,0.24,27.29,0.26,7.1,1.74,349.09,819.43,0.0,34.08
2023-02-03 14:00:00,2023-02-03 15:00:00,20.1,60.09,2.48,14.55,10.7,4.67,7.47,0.2,29.05,0.26,7.1,1.7,343.42,712.05,0.0,34.49
2023-02-03 15:00:00,2023-02-03 16:00:00,21.02,44.05,1.32,9.96,7.41,1.48,7.21,0.2,29.77,0.22,8.38,1.58,345.75,381.0,0.0,33.97
2023-02-03 16:00:00,2023-02-03 17:00:00,17.69,39.58,6.67,31.26,23.36,9.84,44.56,0.34,24.36,0.2,7.04,1.42,104.22,64.1,0.0,32.08
2023-02-03 17:00:00,2023-02-03 18:00:00,12.38,47.68,1.48,20.64,13.11,4.62,26.48,0.36,24.62,0.35,15.19,0.8,177.81,35.52,0.0,29.52
2023-02-03 18:00:00,2023-02-03 19:00:00,10.33,45.69,1.4,23.77,14.68,5.72,15.3,0.46,21.05,0.84,22.9,0.75,197.03,24.8,0.0,25.88
2023-02-03 19:00:00,2023-02-03 20:00:00,12.36,48.9,1.44,25.67,15.71,7.07,11.67,0.58,17.04,1.19,35.13,0.61,116.77,24.65,0.0,23.41
2023-02-03 20:00:00,2023-02-03 21:00:00,19.27,67.77,2.17,27.96,17.47,8.91,11.99,0.75,12.28,1.84,51.81,0.94,251.61,24.53,0.0,20.71
2023-02-03 21:00:00,2023-02-03 22:00:00,26.69,69.67,2.74,27.38,17.6,8.64,12.57,0.73,10.79,1.79,60.42,1.06,212.17,24.22,0.0,19.43
2023-02-03 22:00:00,2023-02-03 23:00:00,26.93,53.88,2.46,24.49,15.88,7.67,11.79,0.5,12.88,1.26,59.65,0.74,208.5,24.1,0.0,18.53
2023-02-03 23:00:00,2023-02-04 00:00:00,25.51,50.52,2.4,23.33,15.22,6.98,11.15,0.47,12.29,1.0,62.11,0.61,159.28,24.13,0.0,18.06
2023-02-04 00:00:00,2023-02-04 01:00:00,23.26,46.7,1.78,21.77,13.93,6.5,9.72,0.42,12.49,0.86,61.52,0.58,302.32,24.2,0.0,17.88
2023-02-04 01:00:00,2023-02-04 02:00:00,22.68,44.0,1.84,22.63,14.43,6.76,10.23,0.38,12.31,1.55,61.58,0.76,275.66,24.07,0.0,17.14
2023-02-04 02:00:00,2023-02-04 03:00:00,21.68,43.44,2.68,26.18,16.93,8.62,9.75,0.36,11.17,1.17,63.15,0.83,286.1,24.05,0.0,16.76
2023-02-04 03:00:00,2023-02-04 04:00:00,18.09,45.12,2.02,22.3,14.4,6.6,9.02,0.34,9.79,1.58,69.72,0.58,115.2,24.2,0.0,15.69
2023-02-04 04:00:00,2023-02-04 05:00:00,18.66,49.68,2.17,25.04,15.94,7.39,6.94,0.35,8.68,1.75,73.74,0.65,104.9,24.05,0.0,14.73
2023-02-04 05:00:00,2023-02-04 06:00:00,18.66,51.75,4.67,25.28,18.0,8.02,7.76,0.35,7.9,1.5,79.57,0.64,120.84,24.25,0.0,13.59
2023-02-04 06:00:00,2023-02-04 07:00:00,20.0,59.72,42.64,35.64,52.91,27.79,7.25,0.51,,1.8,82.87,0.83,60.31,32.6,0.0,12.58
2023-02-04 07:00:00,2023-02-04 08:00:00,26.61,128.53,25.97,31.85,37.89,21.12,7.52,0.63,,2.07,63.74,0.97,88.45,145.88,0.0,17.56
2023-02-04 08:00:00,2023-02-04 09:00:00,34.18,152.84,9.07,23.64,20.54,10.81,7.33,0.44,,2.08,43.91,1.41,180.28,355.77,0.0,23.79
2023-02-04 09:00:00,2023-02-04 10:00:00,34.72,68.82,4.21,19.81,14.79,6.97,16.25,0.64,29.12,0.56,29.47,1.25,264.6,552.15,0.0,27.93
2023-02-04 10:00:00,2023-02-04 11:00:00,29.3,39.94,1.68,16.27,10.98,4.3,16.39,0.35,26.8,0.45,19.4,0.88,348.58,689.42,0.0,31.1
2023-02-04 11:00:00,2023-02-04 12:00:00,28.89,56.8,8.29,27.07,22.81,11.63,27.07,0.32,24.02,0.32,11.56,1.2,262.97,792.12,0.0,32.8
2023-02-04 12:00:00,2023-02-04 13:00:00,25.21,59.52,1.77,13.48,9.6,2.78,12.09,0.16,26.71,0.19,5.53,1.71,262.1,853.92,0.0,33.55
2023-02-04 13:00:00,2023-02-04 14:00:00,20.34,36.26,1.88,11.57,8.68,2.01,8.39,0.15,27.79,0.17,3.42,1.85,351.38,846.73,0.0,34.07
2023-02-04 14:00:00,2023-02-04 15:00:00,20.36,34.07,1.68,12.19,8.85,1.18,10.03,0.34,26.54,0.13,2.97,1.59,268.42,723.9,0.0,34.51
2023-02-04 15:00:00,2023-02-04 16:00:00,14.28,21.59,11.05,32.11,26.57,11.15,19.64,0.3,20.65,0.15,4.6,1.42,188.3,382.62,0.0,33.84
2023-02-04 16:00:00,2023-02-04 17:00:00,13.87,19.9,6.57,39.34,26.81,11.88,23.44,0.41,17.17,0.13,7.19,1.28,95.86,67.62,0.0,31.94
2023-02-04 17:00:00,2023-02-04 18:00:00,12.61,26.76,2.08,31.73,19.65,8.73,16.2,0.32,,0.28,14.88,0.56,269.62,35.93,0.0,28.99
2023-02-04 18:00:00,2023-02-04 19:00:00,12.34,60.24,2.38,35.52,21.58,9.87,9.6,0.69,,1.14,23.12,0.72,225.66,24.83,0.0,25.26
2023-02-04 19:00:00,2023-02-04 20:00:00,22.01,95.08,2.67,36.91,22.53,14.14,8.37,0.95,,13.85,36.7,0.39,122.39,24.45,0.0,22.47
2023-02-04 20:00:00,2023-02-04 21:00:00,36.9,104.91,2.15,33.64,20.42,11.49,10.59,0.77,,5.56,49.94,0.55,236.3,24.47,0.0,20.24
2023-02-04 21:00:00,2023-02-04 22:00:00,41.29,90.31,3.62,29.01,19.14,9.89,10.8,0.67,,2.86,60.28,1.01,211.61,24.25,0.0,18.65
2023-02-04 22:00:00,2023-02-04 23:00:00,32.77,73.49,2.72,25.05,16.38,8.56,10.43,0.6,,2.23,62.6,0.68,185.13,24.05,0.0,17.85
2023-02-04 23:00:00,2023-02-05 00:00:00,26.64,63.25,3.75,26.66,18.01,9.04,10.08,0.43,,1.44,57.77,0.97,284.91,24.35,0.0,17.48
2023-02-05 00:00:00,2023-02-05 01:00:00,25.29,47.17,2.65,24.02,15.78,7.68,9.87,0.46,,0.94,60.75,0.88,265.48,24.15,0.0,16.73
2023-02-05 01:00:00,2023-02-05 02:00:00,27.13,52.88,3.64,29.43,19.38,11.03,10.5,0.65,,9.37,69.57,0.61,149.1,24.2,0.0,15.68
2023-02-05 02:00:00,2023-02-05 03:00:00,30.78,80.63,4.11,28.3,19.15,10.1,9.24,0.43,,8.66,74.46,0.69,250.86,24.08,0.0,14.44
2023-02-05 03:00:00,2023-02-05 04:00:00,30.36,94.31,3.76,25.83,17.58,9.02,8.88,0.41,,2.78,76.4,0.77,228.85,24.18,0.0,14.07
2023-02-05 04:00:00,2023-02-05 05:00:00,29.44,89.83,3.54,22.73,15.79,8.34,6.65,0.38,,3.84,76.59,0.56,214.44,24.12,0.0,13.66
2023-02-05 05:00:00,2023-02-05 06:00:00,29.85,69.52,3.44,20.88,14.74,7.34,7.25,0.38,,2.4,77.22,0.77,123.17,24.1,0.0,13.62
2023-02-05 06:00:00,2023-02-05 07:00:00,30.0,69.45,5.15,21.7,16.5,8.59,6.96,0.44,,5.68,81.81,0.8,87.28,32.4,0.0,12.83
2023-02-05 07:00:00,2023-02-05 08:00:00,30.66,70.35,4.21,20.27,15.03,7.41,7.12,0.41,,2.98,61.97,1.01,44.0,139.83,0.0,17.84
2023-02-05 08:00:00,2023-02-05 09:00:00,31.12,54.16,3.56,21.09,14.96,7.94,7.7,0.51,,1.51,43.59,1.27,113.46,326.65,0.0,24.18
2023-02-05 09:00:00,2023-02-05 10:00:00,30.61,58.57,2.03,16.91,11.59,5.17,13.04,0.93,,0.85,27.15,1.31,96.33,528.88,0.0,28.98
2023-02-05 10:00:00,2023-02-05 11:00:00,26.16,48.31,3.27,25.77,17.17,7.65,20.8,0.86,,0.59,19.96,0.97,182.94,656.47,0.0,32.14
2023-02-05 11:00:00,2023-02-05 12:00:00,26.71,42.76,2.02,18.46,12.39,5.03,15.37,0.3,,0.33,12.93,1.68,90.57,760.38,0.0,33.68
2023-02-05 12:00:00,2023-02-05 13:00:00,24.25,37.91,1.43,15.55,10.41,3.34,8.77,0.21,,0.25,12.26,1.44,262.89,804.77,0.0,34.64
2023-02-05 13:00:00,2023-02-05 14:00:00,17.73,31.86,2.17,20.47,13.55,5.08,9.06,0.2,,0.22,10.98,1.44,341.19,778.38,0.0,35.44
2023-02-05 14:00:00,2023-02-05 15:00:00,14.84,27.84,1.23,12.54,8.68,2.58,8.1,0.19,,0.19,11.09,1.58,344.88,690.42,0.0,35.35
2023-02-05 15:00:00,2023-02-05 16:00:00,11.13,27.07,1.86,14.31,10.1,3.53,10.45,0.29,,0.17,11.58,1.44,176.19,369.42,0.0,34.49
2023-02-05 16:00:00,2023-02-05 17:00:00,10.26,25.43,1.29,13.19,9.07,2.46,10.46,0.38,,0.17,15.21,0.92,100.24,78.23,0.0,32.68
2023-02-05 17:00:00,2023-02-05 18:00:00,10.52,26.31,1.18,15.13,10.0,3.54,10.76,0.3,,0.28,25.19,0.87,239.53,38.88,0.0,29.22
2023-02-05 18:00:00,2023-02-05 19:00:00,11.9,39.02,1.4,29.57,17.71,8.4,10.3,0.76,,6.93,31.98,0.84,239.15,24.9,0.0,26.12
2023-02-05 19:00:00,2023-02-05 20:00:00,22.71,59.95,2.32,40.37,24.07,12.94,10.16,0.85,,9.75,44.2,0.8,164.9,24.45,0.0,23.88
2023-02-05 20:00:00,2023-02-05 21:00:00,33.08,82.73,1.76,29.16,17.78,9.52,8.83,0.59,,2.58,49.59,0.52,78.47,24.4,0.0,22.7
2023-02-05 21:00:00,2023-02-05 22:00:00,32.88,77.47,1.9,26.42,16.45,8.87,8.85,0.59,,1.57,61.98,0.7,167.36,24.3,0.0,21.05
2023-02-05 22:00:00,2023-02-05 23:00:00,29.89,69.11,1.93,20.56,13.41,6.89,8.05,0.45,,1.14,65.5,0.64,190.38,24.48,0.0,19.87
2023-02-05 23:00:00,2023-02-06 00:00:00,26.97,58.71,1.94,22.09,14.22,7.35,8.0,0.52,,1.01,68.59,0.47,232.35,24.25,0.0,19.16
2023-02-06 00:00:00,2023-02-06 01:00:00,26.8,50.84,1.97,21.5,13.94,7.18,4.55,0.47,,0.91,70.22,0.88,208.79,24.22,0.0,18.71
2023-02-06 01:00:00,2023-02-06 02:00:00,22.04,46.85,2.81,23.69,15.72,8.0,4.68,0.44,,0.87,74.37,0.97,110.46,24.25,0.0,17.67
2023-02-06 02:00:00,2023-02-06 03:00:00,19.59,42.05,2.52,22.39,14.83,7.43,5.15,0.38,,0.76,75.75,0.89,252.22,24.4,0.0,17.09
2023-02-06 03:00:00,2023-02-06 04:00:00,17.51,32.19,2.42,18.41,12.67,6.16,4.62,0.41,,0.64,79.81,0.96,88.7,24.23,0.0,16.58
2023-02-06 04:00:00,2023-02-06 05:00:00,14.73,32.4,2.39,18.63,12.76,6.32,6.83,0.42,,0.67,81.09,0.71,193.69,24.15,0.0,16.3
2023-02-06 05:00:00,2023-02-06 06:00:00,15.16,38.13,5.83,20.96,16.64,8.14,7.15,0.41,,1.15,84.51,0.8,57.3,24.35,0.0,15.36
2023-02-06 06:00:00,2023-02-06 07:00:00,14.34,40.19,25.46,25.32,34.09,18.24,7.04,0.43,,0.72,84.28,0.85,65.26,32.35,0.0,14.98
2023-02-06 07:00:00,2023-02-06 08:00:00,18.67,119.12,27.31,25.76,35.75,19.38,7.18,0.58,,0.95,68.21,0.99,49.74,132.9,0.0,18.39
2023-02-06 08:00:00,2023-02-06 09:00:00,34.56,226.71,20.27,34.18,34.7,19.88,11.25,1.12,,1.9,48.73,0.93,71.56,314.1,0.0,24.84
2023-02-06 09:00:00,2023-02-06 10:00:00,49.65,206.42,4.88,25.12,18.08,13.66,20.78,0.45,25.51,1.85,25.94,0.45,124.75,491.53,0.0,30.52
2023-02-06 10:00:00,2023-02-06 11:00:00,51.76,160.88,2.25,19.28,13.0,20.68,14.34,0.26,23.81,1.55,17.29,0.46,190.19,641.12,0.0,33.49
2023-02-06 11:00:00,2023-02-06 12:00:00,,,3.76,33.37,21.52,13.75,,0.54,24.12,0.53,14.14,0.85,142.9,823.08,0.0,34.85
2023-02-06 12:00:00,2023-02-06 13:00:00,25.1,42.67,7.69,39.59,27.98,15.4,,0.37,20.18,0.41,10.98,1.15,184.3,863.38,0.0,35.77
2023-02-06 13:00:00,2023-02-06 14:00:00,25.29,53.02,7.28,41.0,28.54,16.26,44.68,0.32,21.76,0.23,10.89,1.06,272.86,809.53,0.0,35.98
2023-02-06 14:00:00,2023-02-06 15:00:00,24.74,62.2,5.91,48.24,31.0,16.99,39.98,0.29,20.86,0.25,11.26,1.19,115.68,661.65,0.0,35.94
2023-02-06 15:00:00,2023-02-06 16:00:00,24.68,62.63,4.06,48.09,29.44,15.01,34.99,0.34,21.44,0.2,12.32,0.98,125.35,362.6,0.0,35.33
2023-02-06 16:00:00,2023-02-06 17:00:00,20.78,53.19,,,,11.43,55.32,0.32,20.59,0.21,16.3,0.49,189.28,93.22,0.0,33.32
2023-02-06 17:00:00,2023-02-06 18:00:00,20.4,53.52,3.67,28.02,18.69,9.34,37.16,0.8,18.48,0.59,25.86,0.8,252.65,40.77,0.0,30.0
2023-02-06 18:00:00,2023-02-06 19:00:00,21.98,55.99,2.21,47.1,27.5,14.52,25.62,0.75,12.62,1.9,34.14,0.89,201.12,25.1,0.0,26.8
2023-02-06 19:00:00,2023-02-06 20:00:00,27.19,76.26,1.71,32.7,19.59,11.64,19.54,0.57,12.51,2.89,49.44,0.74,231.11,24.87,0.0,24.43
2023-02-06 20:00:00,2023-02-06 21:00:00,26.6,76.58,1.86,33.36,20.04,11.61,12.55,0.79,10.22,1.58,55.04,0.48,82.93,24.48,0.0,23.35
2023-02-06 21:00:00,2023-02-06 22:00:00,28.16,77.82,2.4,31.21,19.34,11.41,11.72,0.62,8.86,1.95,65.41,0.94,168.2,24.62,0.0,21.65
2023-02-06 22:00:00,2023-02-06 23:00:00,30.39,68.84,2.29,22.4,14.65,8.07,10.4,0.48,10.7,0.91,69.08,0.9,167.2,24.55,0.0,20.75
2023-02-06 23:00:00,2023-02-07 00:00:00,25.96,55.8,2.44,23.73,15.46,8.29,10.19,0.5,8.85,0.91,72.67,0.75,140.61,24.23,0.0,19.54
2023-02-07 00:00:00,2023-02-07 01:00:00,19.31,43.16,2.46,21.23,14.17,7.36,11.41,0.38,9.68,0.74,72.62,0.77,267.19,24.73,0.0,18.6
2023-02-07 01:00:00,2023-02-07 02:00:00,15.88,38.14,3.38,20.85,14.68,7.24,12.3,0.36,8.43,0.56,76.89,0.75,189.75,24.48,0.0,17.68
2023-02-07 02:00:00,2023-02-07 03:00:00,16.71,35.31,4.62,24.22,17.4,8.98,11.94,0.41,5.17,0.7,80.38,1.03,267.58,24.38,0.0,17.13
2023-02-07 03:00:00,2023-02-07 04:00:00,15.96,35.73,4.12,22.15,15.94,8.19,12.03,0.39,4.63,0.66,83.75,0.82,194.2,24.38,0.0,16.38
2023-02-07 04:00:00,2023-02-07 05:00:00,14.71,32.04,4.38,19.56,14.78,7.39,9.31,0.35,5.73,0.6,81.36,0.88,112.49,24.15,0.0,16.21
2023-02-07 05:00:00,2023-02-07 06:00:00,13.27,31.0,4.67,17.55,13.96,7.26,10.12,0.32,7.39,0.49,80.54,0.77,41.4,24.48,0.0,16.09
2023-02-07 06:00:00,2023-02-07 07:00:00,11.86,26.54,15.79,21.79,24.77,12.97,9.74,0.33,5.29,0.51,82.06,0.85,81.03,32.83,0.0,15.55
2023-02-07 07:00:00,2023-02-07 08:00:00,14.59,27.37,8.32,20.44,18.29,9.67,10.1,0.41,6.98,0.68,69.13,1.06,117.57,126.8,0.0,18.68
2023-02-07 08:00:00,2023-02-07 09:00:00,17.13,40.59,9.46,25.47,21.8,12.47,11.06,0.69,12.09,1.09,52.57,0.9,98.57,330.1,0.0,24.4
2023-02-07 09:00:00,2023-02-07 10:00:00,32.42,125.49,6.3,27.21,20.27,12.02,11.63,0.65,18.75,1.27,33.6,1.06,38.64,543.45,0.0,29.76
2023-02-07 10:00:00,2023-02-07 11:00:00,48.65,129.27,3.44,19.52,14.04,7.49,10.57,0.27,24.45,1.6,18.97,1.29,151.51,744.17,0.0,33.05
2023-02-07 11:00:00,2023-02-07 12:00:00,40.85,62.35,2.18,17.35,11.93,5.3,10.17,0.2,26.19,0.28,13.55,0.99,158.33,841.05,0.0,34.75
2023-02-07 12:00:00,2023-02-07 13:00:00,29.48,36.81,4.45,24.38,17.73,8.74,10.01,0.25,24.47,0.34,11.71,0.51,215.35,838.9,0.0,35.96
2023-02-07 13:00:00,2023-02-07 14:00:00,24.45,54.84,9.92,30.93,27.11,14.43,12.91,0.33,24.92,0.43,10.81,0.55,261.8,756.65,0.0,37.15
2023-02-07 14:00:00,2023-02-07 15:00:00,28.19,90.95,2.05,27.1,16.93,8.38,13.15,0.29,,0.46,10.31,0.82,279.79,616.12,0.0,37.41
2023-02-07 15:00:00,2023-02-07 16:00:00,32.23,99.87,1.7,24.78,15.44,7.0,12.75,0.3,,0.41,10.99,0.57,288.82,351.57,0.0,36.41
2023-02-07 16:00:00,2023-02-07 17:00:00,27.18,59.12,1.34,20.2,12.77,5.69,14.09,0.28,,0.4,14.0,0.52,281.5,92.4,0.0,34.14
2023-02-07 17:00:00,2023-02-07 18:00:00,24.94,56.71,1.28,23.73,14.57,6.87,13.91,0.44,,0.53,21.66,0.96,264.35,40.25,0.0,30.89
2023-02-07 18:00:00,2023-02-07 19:00:00,26.58,78.8,2.19,39.29,23.4,12.67,13.48,0.79,,1.6,30.62,1.03,210.09,25.12,0.0,27.62
2023-02-07 19:00:00,2023-02-07 20:00:00,42.67,172.71,2.04,53.41,30.67,19.17,12.88,1.36,,5.85,41.21,1.17,108.44,24.55,0.0,25.54
2023-02-07 20:00:00,2023-02-07 21:00:00,59.88,175.63,1.96,37.1,22.08,13.77,9.93,0.88,,5.04,48.95,0.71,111.4,24.4,0.0,24.24
2023-02-07 21:00:00,2023-02-07 22:00:00,53.06,94.02,1.8,26.39,16.37,9.45,10.05,0.54,,1.5,52.3,0.71,73.56,24.57,0.0,23.31
2023-02-07 22:00:00,2023-02-07 23:00:00,42.47,66.22,2.28,27.31,17.21,9.4,8.97,0.54,,1.12,61.34,0.66,249.61,24.78,0.0,21.75
2023-02-07 23:00:00,2023-02-08 00:00:00,37.15,56.65,2.03,24.76,15.69,8.78,9.02,0.48,,1.05,58.47,0.55,270.88,24.48,0.0,21.97
2023-02-08 00:00:00,2023-02-08 01:00:00,33.44,44.49,1.86,26.26,16.34,9.08,7.56,0.51,,0.92,64.94,0.76,167.7,24.6,0.0,21.11
2023-02-08 01:00:00,2023-02-08 02:00:00,31.71,51.34,1.96,23.4,14.92,8.06,8.48,0.42,,1.06,65.13,0.81,267.62,24.6,0.0,20.32
2023-02-08 02:00:00,2023-02-08 03:00:00,29.48,39.68,2.12,26.19,16.5,8.8,8.65,0.44,,2.25,65.52,0.75,143.03,24.18,0.0,20.14
2023-02-08 03:00:00,2023-02-08 04:00:00,29.79,58.71,2.64,25.27,16.43,9.15,8.94,0.42,,4.84,61.5,1.1,322.04,24.45,0.0,20.46
2023-02-08 04:00:00,2023-02-08 05:00:00,29.03,48.37,2.25,21.51,14.16,7.47,6.79,0.28,,0.94,64.14,0.66,221.06,24.9,0.0,19.85
2023-02-08 05:00:00,2023-02-08 06:00:00,24.4,45.69,2.14,23.54,15.13,7.8,7.15,0.35,,0.72,71.45,0.68,208.56,24.55,0.0,18.69
2023-02-08 06:00:00,2023-02-08 07:00:00,30.78,74.52,16.32,39.1,34.22,21.36,7.27,0.97,,20.05,73.02,0.81,272.84,32.88,0.0,18.44
2023-02-08 07:00:00,2023-02-08 08:00:00,61.32,204.32,35.44,40.81,49.89,29.6,7.74,0.9,,15.61,61.72,0.79,312.79,123.85,0.0,21.64
2023-02-08 08:00:00,2023-02-08 09:00:00,71.06,236.89,10.17,32.91,26.32,16.58,6.81,0.53,,2.95,46.62,1.45,345.11,333.55,0.0,26.16
2023-02-08 09:00:00,2023-02-08 10:00:00,65.19,160.42,5.07,26.27,18.82,11.53,7.64,0.32,23.5,0.98,35.6,1.05,250.69,553.65,0.0,30.15
2023-02-08 10:00:00,2023-02-08 11:00:00,55.19,82.71,3.22,28.58,18.6,10.66,19.11,0.38,20.76,0.48,28.05,0.95,330.46,719.2,0.0,32.95
2023-02-08 11:00:00,2023-02-08 12:00:00,42.48,74.39,2.69,24.09,15.85,9.34,9.07,0.24,23.24,0.31,22.56,1.54,348.25,847.02,0.0,34.03
2023-02-08 12:00:00,2023-02-08 13:00:00,27.87,48.34,2.43,17.68,12.3,7.65,2.98,0.28,26.43,0.32,19.5,1.73,92.06,908.1,0.0,33.91
2023-02-08 13:00:00,2023-02-08 14:00:00,21.51,73.59,4.72,19.37,14.93,8.76,5.76,0.29,25.47,0.25,16.69,1.64,90.11,867.03,0.0,34.59
2023-02-08 14:00:00,2023-02-08 15:00:00,20.34,76.64,2.35,20.56,13.74,7.28,5.63,0.35,26.55,0.3,16.71,1.58,179.5,703.0,0.0,34.69
2023-02-08 15:00:00,2023-02-08 16:00:00,19.65,55.32,25.1,44.02,47.02,27.27,36.06,0.48,21.27,0.3,15.99,1.48,184.16,407.15,0.0,34.38
2023-02-08 16:00:00,2023-02-08 17:00:00,21.41,60.37,13.17,36.15,35.36,22.04,13.38,0.6,22.62,0.29,19.9,1.3,87.82,88.75,0.0,32.73
2023-02-08 17:00:00,2023-02-08 18:00:00,18.81,66.43,2.5,24.58,15.95,9.65,61.02,0.57,27.07,0.48,24.91,0.83,171.7,40.7,0.0,30.52
2023-02-08 18:00:00,2023-02-08 19:00:00,22.49,72.68,1.49,24.22,14.98,8.23,41.72,0.43,38.56,0.71,25.59,1.26,319.57,24.33,0.0,28.28
2023-02-08 19:00:00,2023-02-08 20:00:00,26.03,69.83,1.28,21.57,13.44,7.15,34.91,0.46,45.54,0.71,32.14,0.95,172.01,24.87,0.0,26.38
2023-02-08 20:00:00,2023-02-08 21:00:00,25.23,62.16,1.34,21.19,13.3,6.56,21.01,0.35,18.7,0.69,38.57,0.87,231.71,24.53,0.0,24.0
2023-02-08 21:00:00,2023-02-08 22:00:00,23.23,56.99,1.57,31.98,19.1,11.05,27.53,0.77,14.78,6.15,42.77,0.7,265.75,24.32,0.0,22.89
2023-02-08 22:00:00,2023-02-08 23:00:00,31.4,90.87,1.7,31.84,19.14,11.58,21.58,0.93,11.42,7.51,50.53,0.99,225.38,24.6,0.0,21.2
2023-02-08 23:00:00,2023-02-09 00:00:00,42.94,97.03,2.03,27.45,17.09,10.43,18.83,0.54,13.76,15.16,50.95,0.63,240.17,24.4,0.0,20.53
2023-02-09 00:00:00,2023-02-09 01:00:00,35.89,70.73,1.86,23.01,14.64,8.34,16.58,0.43,13.18,6.48,57.27,0.51,235.96,24.48,0.0,19.6
2023-02-09 01:00:00,2023-02-09 02:00:00,32.92,58.9,2.04,28.53,17.67,10.39,15.42,0.53,11.62,8.17,62.67,0.81,221.63,24.4,0.0,18.89
2023-02-09 02:00:00,2023-02-09 03:00:00,33.4,66.69,2.01,24.98,15.79,9.79,14.66,0.45,12.09,14.7,64.01,0.87,287.87,24.32,0.0,18.38
2023-02-09 03:00:00,2023-02-09 04:00:00,28.11,56.26,1.84,21.07,13.6,8.01,14.31,0.33,12.77,2.91,68.71,0.91,252.66,24.32,0.0,18.07
2023-02-09 04:00:00,2023-02-09 05:00:00,23.09,39.74,2.16,24.05,15.42,8.97,13.76,0.4,9.68,2.66,72.39,1.03,245.38,24.13,0.0,16.61
2023-02-09 05:00:00,2023-02-09 06:00:00,23.86,43.36,3.67,24.86,17.01,10.07,13.3,0.36,7.97,2.42,75.14,0.9,222.81,24.33,0.0,15.91
2023-02-09 06:00:00,2023-02-09 07:00:00,24.06,62.04,7.68,35.44,25.63,15.28,12.76,0.5,8.15,2.79,73.82,1.0,247.65,37.07,0.0,16.59
2023-02-09 07:00:00,2023-02-09 08:00:00,34.51,85.97,9.47,34.88,26.72,16.79,12.8,0.71,10.21,4.67,58.94,0.94,238.9,139.47,0.0,20.67
2023-02-09 08:00:00,2023-02-09 09:00:00,39.32,104.58,3.69,25.59,17.4,10.85,10.83,0.59,18.81,1.56,38.97,1.1,170.46,381.93,0.0,26.41
2023-02-09 09:00:00,2023-02-09 10:00:00,40.55,113.79,2.32,24.07,15.55,9.32,12.05,0.48,22.83,1.64,27.27,0.58,108.82,566.33,0.0,29.97
2023-02-09 10:00:00,2023-02-09 11:00:00,37.6,83.62,5.46,44.86,28.84,16.64,49.89,0.84,20.55,0.91,17.75,0.54,228.81,761.07,0.0,32.56
2023-02-09 11:00:00,2023-02-09 12:00:00,37.79,82.72,16.76,37.09,37.27,20.47,54.36,0.38,18.43,0.45,9.83,1.49,350.62,879.68,0.0,34.09
2023-02-09 12:00:00,2023-02-09 13:00:00,29.91,68.83,4.17,24.46,17.41,9.26,25.68,0.22,22.03,0.33,7.83,1.36,343.42,939.05,0.0,35.27
2023-02-09 13:00:00,2023-02-09 14:00:00,22.82,57.58,5.55,24.93,18.51,8.12,19.29,0.22,22.55,0.33,4.79,1.64,338.07,917.5,0.0,35.8
2023-02-09 14:00:00,2023-02-09 15:00:00,23.16,61.33,3.46,25.57,17.22,7.89,19.92,0.21,21.16,0.29,6.62,1.66,352.56,774.42,0.0,35.7
2023-02-09 15:00:00,2023-02-09 16:00:00,23.07,54.44,1.44,14.93,10.09,3.59,17.35,0.17,22.34,0.21,5.09,1.6,348.86,654.35,0.0,35.81
2023-02-09 16:00:00,2023-02-09 17:00:00,20.94,35.17,1.43,14.47,9.85,2.55,13.58,0.2,20.63,0.2,3.21,1.49,265.75,73.38,0.0,33.7
2023-02-09 17:00:00,2023-02-09 18:00:00,14.34,24.49,1.95,25.64,16.09,5.31,13.48,0.27,15.54,0.28,9.22,0.74,331.8,33.3,0.0,30.19
2023-02-09 18:00:00,2023-02-09 19:00:00,14.61,33.38,1.59,22.96,14.41,5.5,13.76,0.37,14.3,0.66,19.46,0.73,244.31,25.02,0.0,26.92
2023-02-09 19:00:00,2023-02-09 20:00:00,14.45,36.85,1.53,25.51,15.69,6.9,12.95,0.47,14.21,1.08,25.47,0.54,183.67,24.47,0.0,25.61
2023-02-09 20:00:00,2023-02-09 21:00:00,16.2,41.72,2.98,46.13,27.59,15.33,13.48,1.23,6.57,5.91,38.0,0.9,259.32,24.65,0.0,22.88
2023-02-09 21:00:00,2023-02-09 22:00:00,28.85,69.41,3.58,36.06,22.79,13.77,13.8,0.92,6.44,6.94,51.41,0.78,169.49,24.43,0.0,21.02
2023-02-09 22:00:00,2023-02-09 23:00:00,30.33,73.01,2.88,28.46,18.28,10.55,13.46,0.61,8.52,2.41,54.12,0.88,185.02,24.42,0.0,20.23
2023-02-09 23:00:00,2023-02-10 00:00:00,30.4,71.5,4.32,33.17,21.85,12.47,13.0,0.62,4.96,5.09,63.56,0.8,72.94,24.2,0.0,19.09
2023-02-10 00:00:00,2023-02-10 01:00:00,20.81,56.71,3.04,25.7,16.96,9.46,12.23,0.45,6.48,2.22,69.14,0.91,46.96,24.57,0.0,17.93
2023-02-10 01:00:00,2023-02-10 02:00:00,21.2,54.51,3.37,22.84,15.73,8.6,10.86,0.44,5.07,1.27,77.18,1.02,164.39,24.27,0.0,16.89
2023-02-10 02:00:00,2023-02-10 03:00:00,17.98,45.98,2.78,18.23,12.86,6.79,10.56,0.39,6.83,1.62,76.83,0.96,114.12,24.0,0.0,16.67
2023-02-10 03:00:00,2023-02-10 04:00:00,14.98,35.76,2.49,18.09,12.56,6.34,10.28,0.34,9.53,1.19,74.01,0.44,214.11,24.33,0.0,16.22
2023-02-10 04:00:00,2023-02-10 05:00:00,11.25,28.36,2.73,18.8,13.12,6.5,9.22,0.35,6.76,0.73,79.09,0.91,45.7,24.35,0.0,15.63
2023-02-10 05:00:00,2023-02-10 06:00:00,8.45,24.01,2.98,19.0,13.42,6.62,9.76,0.36,4.78,0.77,82.43,1.02,95.3,24.15,0.0,14.97
2023-02-10 06:00:00,2023-02-10 07:00:00,10.59,23.58,25.19,30.87,36.78,19.7,9.68,0.4,4.33,0.84,79.99,0.42,97.58,33.38,0.0,15.2
2023-02-10 07:00:00,2023-02-10 08:00:00,15.8,43.61,31.38,33.02,42.69,23.78,10.35,0.61,4.5,1.31,64.4,0.71,97.53,133.9,0.0,19.34
2023-02-10 08:00:00,2023-02-10 09:00:00,32.73,152.83,17.12,35.82,33.13,20.05,14.17,0.99,10.5,1.68,46.64,0.8,54.62,351.98,0.0,25.29
2023-02-10 09:00:00,2023-02-10 10:00:00,54.25,258.45,6.76,28.47,21.28,13.2,14.53,0.6,20.0,1.87,29.59,0.59,140.95,567.82,0.0,29.84
2023-02-10 10:00:00,2023-02-10 11:00:00,57.41,125.2,4.81,37.84,24.67,12.93,31.85,0.49,20.71,1.31,17.62,0.41,110.57,740.67,0.0,33.32
2023-02-10 11:00:00,2023-02-10 12:00:00,52.36,83.45,17.18,68.58,53.24,31.53,16.53,0.4,15.81,0.92,11.09,0.67,249.47,830.52,0.0,35.62
2023-02-10 12:00:00,2023-02-10 13:00:00,48.81,73.76,8.91,59.5,41.45,25.01,54.92,0.53,20.29,1.27,10.26,1.02,315.57,811.93,0.0,36.76
2023-02-10 13:00:00,2023-02-10 14:00:00,46.73,96.5,9.54,65.16,43.88,25.34,41.04,0.45,19.14,0.73,8.11,0.92,261.3,767.7,0.0,38.1
2023-02-10 14:00:00,2023-02-10 15:00:00,45.8,105.05,2.86,46.6,27.8,17.05,50.13,0.3,21.05,0.72,8.81,1.02,184.36,672.95,0.0,38.09
2023-02-10 15:00:00,2023-02-10 16:00:00,45.3,77.6,3.03,52.35,30.88,16.18,53.84,0.29,17.98,0.33,9.32,0.73,86.3,401.15,0.0,38.09
2023-02-10 16:00:00,2023-02-10 17:00:00,36.5,47.13,2.22,47.55,27.75,16.12,29.63,0.29,17.87,0.3,13.44,0.61,155.87,93.4,0.0,35.49
2023-02-10 17:00:00,2023-02-10 18:00:00,32.0,59.73,1.92,19.37,13.17,6.52,37.7,0.28,19.45,0.32,21.07,0.65,210.94,40.58,0.0,32.41
2023-02-10 18:00:00,2023-02-10 19:00:00,31.68,78.55,1.09,23.12,14.1,7.01,35.41,0.34,18.3,0.57,28.99,0.89,209.22,25.1,0.0,28.94
2023-02-10 19:00:00,2023-02-10 20:00:00,33.54,74.82,1.88,42.24,24.71,14.06,28.82,0.93,11.88,1.65,42.92,0.77,156.23,24.75,0.0,26.0
2023-02-10 20:00:00,2023-02-10 21:00:00,41.22,121.69,4.13,56.4,33.84,21.05,21.57,1.29,5.32,9.58,53.4,0.77,79.26,24.73,0.0,24.05
2023-02-10 21:00:00,2023-02-10 22:00:00,44.67,125.96,1.95,28.37,17.51,10.68,18.42,0.51,15.16,3.25,50.67,0.85,122.27,24.3,0.0,23.33
2023-02-10 22:00:00,2023-02-10 23:00:00,41.71,80.83,2.02,30.7,18.79,10.89,16.02,0.57,8.88,1.45,64.2,1.18,146.89,24.73,0.0,21.48
2023-02-10 23:00:00,2023-02-11 00:00:00,37.96,58.75,2.03,23.86,15.22,8.71,14.86,0.44,9.73,1.26,69.95,0.82,147.67,24.3,0.0,20.4
2023-02-11 00:00:00,2023-02-11 01:00:00,33.74,46.64,2.03,22.46,14.49,8.08,12.94,0.39,12.13,0.79,64.44,0.86,184.2,24.47,0.0,20.02
2023-02-11 01:00:00,2023-02-11 02:00:00,29.29,35.77,2.03,21.09,13.78,7.43,12.96,0.36,11.68,0.61,66.85,0.88,227.71,24.52,0.0,19.26
2023-02-11 02:00:00,2023-02-11 03:00:00,23.68,31.82,2.33,19.75,13.3,7.2,12.2,0.4,8.16,0.69,79.89,1.07,114.09,24.12,0.0,17.8
2023-02-11 03:00:00,2023-02-11 04:00:00,19.91,28.04,2.22,18.96,12.8,6.74,12.54,0.34,11.87,0.58,73.53,0.8,274.41,24.27,0.0,17.84
2023-02-11 04:00:00,2023-02-11 05:00:00,15.37,27.29,2.8,22.08,14.88,7.93,10.38,0.37,8.36,1.0,76.54,0.94,132.07,24.3,0.0,17.45
2023-02-11 05:00:00,2023-02-11 06:00:00,12.74,31.05,3.36,21.35,14.94,7.7,10.85,0.35,7.18,1.15,78.55,0.91,99.47,24.15,0.0,16.78
2023-02-11 06:00:00,2023-02-11 07:00:00,13.55,33.81,19.13,33.61,33.52,18.12,10.98,0.44,5.91,0.61,75.72,0.7,219.13,33.35,0.0,16.94
2023-02-11 07:00:00,2023-02-11 08:00:00,24.26,128.22,22.77,33.56,36.32,21.23,10.63,0.9,7.21,1.75,66.86,1.21,262.96,135.22,0.0,20.04
2023-02-11 08:00:00,2023-02-11 09:00:00,37.55,141.75,9.54,32.11,25.34,15.09,11.04,0.89,12.97,2.13,48.63,1.0,37.69,336.2,0.0,26.11
2023-02-11 09:00:00,2023-02-11 10:00:00,53.93,171.93,9.1,41.13,29.7,18.89,27.78,1.07,16.52,2.4,37.34,0.88,71.17,529.0,0.0,30.65
2023-02-11 10:00:00,2023-02-11 11:00:00,73.7,241.65,4.67,46.94,29.31,18.53,61.26,0.88,20.81,1.33,21.0,1.02,271.81,716.67,0.0,34.93
2023-02-11 11:00:00,2023-02-11 12:00:00,71.8,161.54,9.71,54.62,38.06,24.23,71.44,0.49,20.41,0.96,16.78,1.38,186.06,815.05,0.0,36.87
2023-02-11 12:00:00,2023-02-11 13:00:00,56.32,101.12,2.19,32.99,20.11,12.25,56.99,0.33,25.21,0.66,12.07,1.52,346.23,866.15,0.0,38.41
2023-02-11 13:00:00,2023-02-11 14:00:00,40.5,82.59,2.12,24.22,15.48,8.88,50.34,0.2,22.09,0.52,7.52,1.02,336.56,809.1,0.0,40.33
2023-02-11 14:00:00,2023-02-11 15:00:00,40.84,65.32,4.85,31.88,21.82,12.22,43.02,0.3,19.83,0.38,7.77,1.27,342.72,700.3,0.0,40.31
2023-02-11 15:00:00,2023-02-11 16:00:00,37.07,65.89,1.76,21.58,13.82,6.62,36.1,0.18,19.72,0.21,7.77,1.04,329.05,416.62,0.0,39.83
2023-02-11 16:00:00,2023-02-11 17:00:00,25.32,45.08,1.82,20.97,13.54,6.54,33.73,0.14,18.05,0.18,9.5,0.81,312.57,85.23,0.0,37.54
2023-02-11 17:00:00,2023-02-11 18:00:00,21.7,41.62,1.42,18.82,12.12,5.82,27.05,0.19,16.14,0.3,13.63,0.83,304.74,41.42,0.0,34.47
2023-02-11 18:00:00,2023-02-11 19:00:00,20.6,52.18,1.51,26.0,15.94,7.48,27.76,0.31,13.49,0.88,20.8,0.91,277.73,25.2,0.0,30.75
2023-02-11 19:00:00,2023-02-11 20:00:00,22.69,86.0,1.94,34.22,20.55,10.37,28.14,0.54,10.22,1.13,27.21,0.98,300.83,24.65,0.0,28.4
2023-02-11 20:00:00,2023-02-11 21:00:00,25.68,103.96,1.77,29.39,17.91,9.28,25.12,0.4,12.18,1.68,27.84,1.02,281.46,24.22,0.0,27.54
2023-02-11 21:00:00,2023-02-11 22:00:00,27.93,69.47,1.6,24.59,15.27,7.86,24.61,0.34,13.9,0.62,30.19,1.1,270.54,24.4,0.0,26.66
2023-02-11 22:00:00,2023-02-11 23:00:00,28.09,45.41,1.55,21.77,13.75,6.45,26.41,0.38,14.66,0.47,27.77,1.23,328.32,23.5,0.0,27.86
2023-02-11 23:00:00,2023-02-12 00:00:00,27.87,47.46,1.47,22.48,14.06,6.47,31.92,0.36,13.52,0.25,32.89,1.31,315.42,24.7,0.0,26.89
2023-02-12 00:00:00,2023-02-12 01:00:00,24.61,43.6,1.34,22.37,13.9,6.67,27.9,0.55,13.75,0.2,35.53,0.92,300.69,23.82,0.0,26.43
2023-02-12 01:00:00,2023-02-12 02:00:00,26.88,50.13,1.46,21.8,13.7,6.54,27.94,0.39,12.13,0.18,44.7,0.92,282.02,24.67,0.0,24.13
2023-02-12 02:00:00,2023-02-12 03:00:00,24.69,50.65,1.41,18.73,12.05,5.62,25.54,0.39,14.12,0.2,39.6,1.53,334.7,23.7,0.0,25.59
2023-02-12 03:00:00,2023-02-12 04:00:00,20.85,41.1,1.39,17.72,11.52,5.27,20.23,0.2,12.53,0.2,50.18,1.07,286.82,25.03,0.0,23.22
2023-02-12 04:00:00,2023-02-12 05:00:00,15.89,31.94,1.42,17.09,11.21,5.14,16.73,0.25,12.97,0.2,52.31,1.11,321.06,24.15,0.0,22.89
2023-02-12 05:00:00,2023-02-12 06:00:00,11.57,33.04,1.43,17.5,11.43,5.4,17.41,0.28,13.67,0.28,54.01,1.3,330.86,23.98,0.0,23.06
2023-02-12 06:00:00,2023-02-12 07:00:00,13.01,34.34,1.44,17.05,11.21,5.33,15.81,0.25,13.23,0.31,57.3,1.28,314.96,34.48,0.0,22.58
2023-02-12 07:00:00,2023-02-12 08:00:00,11.33,38.35,1.6,18.61,12.14,5.91,15.26,0.31,13.26,0.4,49.32,1.04,332.65,141.6,0.0,25.01
2023-02-12 08:00:00,2023-02-12 09:00:00,13.42,44.99,2.29,19.47,13.12,6.12,11.84,0.51,15.78,0.75,37.44,0.88,273.51,369.07,0.0,28.86
2023-02-12 09:00:00,2023-02-12 10:00:00,16.61,58.05,8.29,30.02,23.44,11.6,15.65,0.51,15.24,0.57,25.71,0.77,187.53,579.15,0.0,31.76
2023-02-12 10:00:00,2023-02-12 11:00:00,22.23,152.29,9.47,37.37,28.03,15.44,31.49,0.44,16.1,0.35,14.95,1.95,95.31,724.0,0.0,32.77
2023-02-12 11:00:00,2023-02-12 12:00:00,38.49,312.73,2.33,21.79,14.36,6.4,25.23,0.34,19.23,0.26,11.1,2.12,180.08,878.48,0.0,33.5
2023-02-12 12:00:00,2023-02-12 13:00:00,34.74,196.05,2.15,17.38,11.92,4.57,19.39,0.34,19.11,0.32,12.53,2.11,357.39,914.28,0.0,34.07
2023-02-12 13:00:00,2023-02-12 14:00:00,30.18,111.93,8.61,29.94,23.66,10.87,28.28,0.38,17.63,0.27,8.29,1.96,183.99,844.57,0.0,35.2
2023-02-12 14:00:00,2023-02-12 15:00:00,32.1,115.73,10.4,43.39,32.24,15.73,38.91,0.35,14.9,0.31,9.19,1.59,95.74,671.3,0.0,35.17
2023-02-12 15:00:00,2023-02-12 16:00:00,33.15,128.49,1.41,18.17,11.77,4.47,26.86,0.25,18.64,0.26,8.41,2.02,353.3,405.55,0.0,34.55
2023-02-12 16:00:00,2023-02-12 17:00:00,30.51,106.96,1.2,16.67,10.82,3.87,18.61,0.25,18.84,0.29,11.45,1.95,352.55,104.32,0.0,32.91
2023-02-12 17:00:00,2023-02-12 18:00:00,29.61,109.84,2.15,19.26,12.91,4.96,17.56,0.28,18.91,0.48,12.17,1.57,346.97,43.12,0.0,30.95
2023-02-12 18:00:00,2023-02-12 19:00:00,28.49,85.55,1.2,20.96,13.06,5.32,16.77,0.34,17.4,0.62,15.39,1.34,340.48,24.25,0.0,28.53
2023-02-12 19:00:00,2023-02-12 20:00:00,28.13,69.48,1.24,27.95,16.75,7.41,18.28,0.56,16.29,0.77,15.86,1.45,341.17,24.17,0.0,27.57
2023-02-12 20:00:00,2023-02-12 21:00:00,26.08,59.21,1.24,21.5,13.37,5.14,17.09,0.29,14.78,0.5,19.89,1.09,310.37,24.43,0.0,25.47
2023-02-12 21:00:00,2023-02-12 22:00:00,21.81,49.38,1.21,17.64,11.33,3.84,14.87,0.23,14.44,0.33,22.14,1.13,286.15,24.55,0.0,23.56
2023-02-12 22:00:00,2023-02-12 23:00:00,20.13,39.79,1.23,17.75,11.4,3.79,13.46,0.24,13.95,0.31,27.0,1.09,248.98,24.3,0.0,21.16
2023-02-12 23:00:00,2023-02-13 00:00:00,18.71,36.77,1.26,16.12,10.58,3.18,12.62,0.2,13.55,0.29,27.61,1.08,264.72,24.25,0.0,20.59
2023-02-13 00:00:00,2023-02-13 01:00:00,17.0,34.5,1.34,17.78,11.51,4.35,11.65,0.25,11.7,0.33,36.59,0.8,185.79,24.4,0.0,19.11
2023-02-13 01:00:00,2023-02-13 02:00:00,14.91,30.78,1.58,22.31,14.06,6.03,12.44,0.29,7.99,0.38,53.21,1.02,130.37,24.43,0.0,16.79
2023-02-13 02:00:00,2023-02-13 03:00:00,16.54,53.53,2.01,26.38,16.52,7.72,11.37,0.29,6.22,0.56,61.59,0.6,130.63,24.2,0.0,15.35
2023-02-13 03:00:00,2023-02-13 04:00:00,17.65,62.52,2.07,22.94,14.77,6.77,11.25,0.28,6.76,0.47,65.74,0.56,263.42,24.2,0.0,14.72
2023-02-13 04:00:00,2023-02-13 05:00:00,14.51,48.0,2.33,21.76,14.36,6.61,11.22,0.3,5.24,0.59,73.89,1.15,74.61,24.2,0.0,13.67
2023-02-13 05:00:00,2023-02-13 06:00:00,10.58,42.67,3.81,20.22,14.69,6.44,11.91,0.29,5.7,0.51,75.59,0.62,167.31,23.95,0.0,12.99
2023-02-13 06:00:00,2023-02-13 07:00:00,10.89,43.23,34.3,33.53,45.21,23.8,11.51,0.32,4.22,0.55,74.57,0.4,189.85,29.07,0.0,13.03
2023-02-13 07:00:00,2023-02-13 08:00:00,19.93,67.22,18.31,32.47,32.3,18.14,12.1,0.52,6.1,1.28,60.75,0.89,233.28,147.12,0.0,17.56
2023-02-13 08:00:00,2023-02-13 09:00:00,30.45,101.31,8.28,25.87,21.1,11.43,11.26,0.36,13.71,1.6,32.73,1.66,348.95,387.7,0.0,23.55
2023-02-13 09:00:00,2023-02-13 10:00:00,32.97,107.94,3.23,19.52,13.87,6.18,10.22,0.23,17.41,0.43,21.04,1.9,349.99,616.15,0.0,26.45
2023-02-13 10:00:00,2023-02-13 11:00:00,19.51,32.23,1.5,13.68,9.49,3.14,14.52,0.22,18.19,0.45,17.87,1.81,264.22,798.05,0.0,28.17
2023-02-13 11:00:00,2023-02-13 12:00:00,22.03,35.59,,,,11.8,42.72,0.36,16.6,0.38,13.04,1.59,267.66,883.75,0.0,29.96
2023-02-13 12:00:00,2023-02-13 13:00:00,21.68,50.16,10.76,40.69,31.61,15.83,49.59,0.39,15.31,0.45,10.02,1.62,7.48,915.08,0.0,31.5
2023-02-13 13:00:00,2023-02-13 14:00:00,28.54,74.75,5.49,37.06,25.77,12.97,27.6,0.31,16.36,0.35,7.91,1.53,88.99,856.58,0.0,32.87
2023-02-13 14:00:00,2023-02-13 15:00:00,29.82,76.17,2.4,23.66,15.51,8.01,28.7,0.27,17.7,0.36,6.04,1.72,267.63,731.53,0.0,33.31
2023-02-13 15:00:00,2023-02-13 16:00:00,26.07,71.35,2.02,24.02,15.29,,49.61,0.63,18.51,0.35,4.95,1.63,240.04,462.2,0.0,33.07
2023-02-13 16:00:00,2023-02-13 17:00:00,21.41,69.91,1.23,15.14,10.04,,45.39,0.5,20.09,0.32,5.85,1.64,353.08,80.88,0.0,31.41
2023-02-13 17:00:00,2023-02-13 18:00:00,23.39,63.39,1.23,17.7,11.38,9.39,54.67,0.41,16.17,0.34,9.63,1.31,324.7,40.83,0.0,29.39
2023-02-13 18:00:00,2023-02-13 19:00:00,27.64,58.77,1.17,25.46,15.39,7.95,24.01,0.38,12.78,0.66,19.48,1.22,255.02,24.7,0.0,25.2
2023-02-13 19:00:00,2023-02-13 20:00:00,25.75,55.35,1.94,32.0,19.4,9.71,17.01,0.43,11.87,1.11,23.65,0.9,279.67,24.38,0.0,23.35
2023-02-13 20:00:00,2023-02-13 21:00:00,25.82,64.94,1.49,31.41,18.74,9.88,12.83,0.61,10.63,1.32,31.49,0.81,246.88,24.45,0.0,21.61
2023-02-13 21:00:00,2023-02-13 22:00:00,30.51,75.45,1.87,40.81,23.95,13.42,12.72,0.81,9.03,2.14,37.81,0.52,191.14,24.12,0.0,19.99
2023-02-13 22:00:00,2023-02-13 23:00:00,36.64,81.94,1.82,35.43,21.1,11.72,13.01,0.82,11.55,3.18,38.96,0.77,200.63,24.0,0.0,19.38
2023-02-13 23:00:00,2023-02-14 00:00:00,35.36,84.82,1.64,25.72,15.89,8.85,12.77,0.54,11.87,8.21,39.44,0.71,140.41,23.77,0.0,19.4
2023-02-14 00:00:00,2023-02-14 01:00:00,37.05,77.6,1.45,21.1,13.32,6.64,11.64,0.33,12.28,1.35,39.19,1.13,129.56,23.73,0.0,19.13
2023-02-14 01:00:00,2023-02-14 02:00:00,33.88,69.73,1.38,25.08,15.36,7.09,16.57,0.44,12.17,0.64,34.87,1.01,326.45,23.95,0.0,19.67
2023-02-14 02:00:00,2023-02-14 03:00:00,33.61,84.63,1.35,25.17,15.38,7.12,23.57,0.52,12.11,0.61,34.47,0.83,316.78,23.95,0.0,19.72
2023-02-14 03:00:00,2023-02-14 04:00:00,31.77,78.6,1.34,24.59,15.07,7.0,30.3,0.46,12.4,0.57,38.41,0.89,306.72,24.55,0.0,19.28
2023-02-14 04:00:00,2023-02-14 05:00:00,29.2,78.17,1.67,27.38,16.77,8.14,20.78,0.4,10.12,0.49,46.91,0.48,316.22,24.12,0.0,17.85
2023-02-14 05:00:00,2023-02-14 06:00:00,32.26,75.78,1.64,24.28,15.13,7.56,30.12,0.49,10.1,0.55,50.42,0.69,247.39,24.32,0.0,17.08
2023-02-14 06:00:00,2023-02-14 07:00:00,40.91,75.57,14.71,32.66,29.62,15.95,20.54,0.47,8.38,0.79,55.51,0.96,302.76,34.92,0.0,16.12
2023-02-14 07:00:00,2023-02-14 08:00:00,39.96,91.31,10.63,36.47,28.52,16.61,25.25,0.74,10.45,0.93,39.48,1.35,253.17,133.7,0.0,20.42
2023-02-14 08:00:00,2023-02-14 09:00:00,52.82,204.91,4.86,30.77,21.02,11.34,27.6,0.63,13.13,0.89,24.89,1.22,100.2,375.85,0.0,25.33
2023-02-14 09:00:00,2023-02-14 10:00:00,54.54,135.93,2.13,21.65,14.14,6.34,19.96,0.41,16.05,0.56,15.49,1.73,265.39,600.9,0.0,27.78
2023-02-14 10:00:00,2023-02-14 11:00:00,41.24,45.97,1.39,18.82,12.09,4.39,15.1,0.25,17.26,0.35,11.25,1.73,263.74,781.5,0.0,29.4
2023-02-14 11:00:00,2023-02-14 12:00:00,29.86,34.86,1.78,17.53,11.72,3.73,12.08,0.25,17.15,0.34,7.7,1.84,349.37,903.7,0.0,30.71
2023-02-14 12:00:00,2023-02-14 13:00:00,30.58,47.19,3.32,19.35,14.13,5.08,9.02,0.25,16.41,0.43,7.78,1.79,349.72,930.88,0.0,31.87
2023-02-14 13:00:00,2023-02-14 14:00:00,27.85,57.3,6.94,21.93,18.47,7.58,10.54,0.29,15.15,0.34,6.06,1.42,349.38,880.6,0.0,33.46
2023-02-14 14:00:00,2023-02-14 15:00:00,28.15,56.53,3.1,26.8,17.58,7.07,13.57,0.27,14.62,0.37,5.83,1.49,93.79,733.15,0.0,34.17
2023-02-14 15:00:00,2023-02-14 16:00:00,26.3,47.81,3.5,35.57,22.47,10.43,24.2,0.34,14.62,0.28,6.34,1.09,184.96,451.17,0.0,34.14
2023-02-14 16:00:00,2023-02-14 17:00:00,22.97,43.07,1.46,23.28,14.47,5.93,20.43,0.39,14.62,0.45,8.02,1.48,178.75,86.83,0.0,32.72
2023-02-14 17:00:00,2023-02-14 18:00:00,26.8,47.13,1.24,20.99,13.11,5.11,14.86,0.27,14.62,0.34,11.07,1.3,315.42,41.3,0.0,30.52
2023-02-14 18:00:00,2023-02-14 19:00:00,24.83,67.77,1.95,33.54,20.21,9.58,11.06,0.41,14.62,0.88,19.52,1.22,249.5,24.88,0.0,26.45
2023-02-14 19:00:00,2023-02-14 20:00:00,29.59,103.38,1.85,38.6,22.79,12.38,10.82,0.73,14.62,2.86,23.92,1.07,253.66,24.2,0.0,24.83
2023-02-14 20:00:00,2023-02-14 21:00:00,46.86,120.79,1.65,31.8,19.07,10.72,11.13,0.59,14.62,6.11,26.02,1.2,251.64,24.43,0.0,23.91
2023-02-14 21:00:00,2023-02-14 22:00:00,47.49,84.55,1.47,30.5,18.26,9.82,12.99,0.73,14.62,2.62,31.6,0.93,185.9,24.35,0.0,22.54
2023-02-14 22:00:00,2023-02-14 23:00:00,43.84,77.88,1.5,29.0,17.49,9.65,14.68,0.62,14.62,3.91,33.66,0.61,235.28,24.05,0.0,21.66
2023-02-14 23:00:00,2023-02-15 00:00:00,36.92,66.31,1.45,24.83,15.28,8.53,13.21,0.51,14.07,5.29,38.71,0.85,242.38,24.58,0.0,20.35
2023-02-15 00:00:00,2023-02-15 01:00:00,34.61,60.45,1.48,23.22,14.46,7.37,11.54,0.39,11.04,5.32,39.92,0.88,233.38,24.33,0.0,19.79
2023-02-15 01:00:00,2023-02-15 02:00:00,33.69,48.54,1.58,25.31,15.62,8.15,13.06,0.41,8.69,1.36,50.29,0.97,132.12,24.55,0.0,18.6
2023-02-15 02:00:00,2023-02-15 03:00:00,29.9,54.91,1.69,20.76,13.33,6.85,10.46,0.37,9.48,1.54,54.4,0.87,175.43,24.17,0.0,17.35
2023-02-15 03:00:00,2023-02-15 04:00:00,21.59,39.13,1.59,19.05,12.36,6.0,10.02,0.32,10.09,0.91,55.39,0.71,253.01,24.27,0.0,16.73
2023-02-15 04:00:00,2023-02-15 05:00:00,19.71,31.43,1.56,19.77,12.72,6.46,7.72,0.39,9.19,0.94,61.35,0.99,129.94,24.02,0.0,16.24
2023-02-15 05:00:00,2023-02-15 06:00:00,17.04,37.33,1.73,19.85,12.89,6.37,8.76,0.34,9.7,0.97,62.02,1.15,117.32,23.88,0.0,16.27
2023-02-15 06:00:00,2023-02-15 07:00:00,20.26,32.75,5.85,30.22,21.49,11.9,8.44,0.4,7.65,0.93,63.01,0.83,92.82,35.5,0.0,16.11
2023-02-15 07:00:00,2023-02-15 08:00:00,19.99,62.11,28.01,41.38,44.55,25.33,10.19,0.8,7.47,1.39,51.02,1.17,183.0,146.82,0.0,19.88
2023-02-15 08:00:00,2023-02-15 09:00:00,46.78,336.49,5.67,28.67,20.54,12.95,10.2,0.42,13.2,1.79,29.95,1.38,261.96,379.12,0.0,25.88
2023-02-15 09:00:00,2023-02-15 10:00:00,47.63,119.92,2.09,20.55,13.54,6.7,10.1,0.26,17.0,0.53,18.9,1.72,353.52,602.23,0.0,29.09
2023-02-15 10:00:00,2023-02-15 11:00:00,31.87,48.94,1.23,13.41,9.14,3.53,8.94,0.24,18.25,0.34,14.79,1.84,349.7,771.4,0.0,31.15
2023-02-15 11:00:00,2023-02-15 12:00:00,24.95,50.02,1.8,14.63,10.22,3.68,18.34,0.29,17.36,0.29,12.48,1.78,266.49,864.38,0.0,32.81
2023-02-15 12:00:00,2023-02-15 13:00:00,23.16,54.28,6.41,28.95,21.68,10.44,19.0,0.4,15.52,0.38,11.89,1.41,180.19,872.92,0.0,34.41
2023-02-15 13:00:00,2023-02-15 14:00:00,26.76,81.9,8.01,32.81,24.72,13.7,22.11,0.39,15.75,0.34,10.6,1.52,177.19,841.55,0.0,35.56
2023-02-15 14:00:00,2023-02-15 15:00:00,32.57,74.85,2.39,17.44,12.14,6.36,30.87,0.32,16.84,0.34,8.91,1.92,175.64,731.45,0.0,36.14
2023-02-15 15:00:00,2023-02-15 16:00:00,25.49,66.65,1.19,9.64,7.14,2.67,17.58,0.23,16.72,0.22,8.54,1.96,265.49,451.2,0.0,35.67
2023-02-15 16:00:00,2023-02-15 17:00:00,25.05,59.16,1.95,22.23,14.3,5.88,13.52,0.24,14.47,0.23,10.0,1.61,349.71,90.73,0.0,34.33
2023-02-15 17:00:00,2023-02-15 18:00:00,23.07,56.95,2.14,22.31,14.49,7.66,11.84,0.32,13.72,0.76,14.99,1.2,321.0,42.3,0.0,31.67
2023-02-15 18:00:00,2023-02-15 19:00:00,25.46,73.75,1.56,29.45,17.78,9.32,9.38,0.44,11.62,0.88,23.09,1.03,277.66,24.93,0.0,27.9
2023-02-15 19:00:00,2023-02-15 20:00:00,25.03,87.78,2.12,31.54,19.3,10.96,8.62,0.45,10.83,1.43,26.43,0.98,273.77,24.68,0.0,26.36
2023-02-15 20:00:00,2023-02-15 21:00:00,34.11,94.79,1.41,23.91,14.77,8.49,7.85,0.48,11.55,1.35,30.38,0.33,222.81,24.42,0.0,25.05
2023-02-15 21:00:00,2023-02-15 22:00:00,32.08,71.77,1.42,24.07,14.86,8.08,8.26,0.41,11.46,1.07,36.67,0.83,234.35,24.68,0.0,23.26
2023-02-15 22:00:00,2023-02-15 23:00:00,32.58,52.49,1.41,19.9,12.67,6.72,7.54,0.33,11.25,0.66,40.85,0.4,136.54,24.52,0.0,22.06
2023-02-15 23:00:00,2023-02-16 00:00:00,27.26,39.75,1.7,26.17,16.18,9.1,6.92,0.66,8.48,0.97,50.86,0.61,110.21,24.48,0.0,20.6
2023-02-16 00:00:00,2023-02-16 01:00:00,26.45,50.95,2.06,28.46,17.64,10.65,7.7,0.63,6.91,2.4,58.36,0.78,195.17,24.42,0.0,19.51
2023-02-16 01:00:00,2023-02-16 02:00:00,30.96,58.95,2.48,26.33,16.86,9.86,7.98,0.5,5.97,1.64,66.17,0.89,166.94,24.48,0.0,18.27
2023-02-16 02:00:00,2023-02-16 03:00:00,31.48,55.64,2.47,24.96,16.13,9.51,7.79,0.48,5.83,1.7,70.53,0.95,203.55,24.25,0.0,17.61
2023-02-16 03:00:00,2023-02-16 04:00:00,22.89,41.77,2.25,21.2,14.0,7.96,7.66,0.35,8.15,1.06,66.15,0.83,232.77,24.15,0.0,17.64
2023-02-16 04:00:00,2023-02-16 05:00:00,20.36,40.46,2.02,21.71,14.09,8.02,6.74,0.4,8.56,0.77,67.23,0.74,140.11,24.35,0.0,17.35
2023-02-16 05:00:00,2023-02-16 06:00:00,22.04,33.62,2.65,21.0,14.2,8.61,7.33,0.34,9.73,1.03,65.72,0.85,179.66,24.32,0.0,17.2
2023-02-16 06:00:00,2023-02-16 07:00:00,19.08,37.81,17.05,36.07,33.21,18.86,7.22,0.42,7.06,0.71,68.33,0.73,124.34,36.75,0.0,17.1
2023-02-16 07:00:00,2023-02-16 08:00:00,22.25,75.19,22.51,33.95,36.47,21.31,7.41,0.64,8.12,1.23,59.5,1.09,33.28,145.07,0.0,20.08
2023-02-16 08:00:00,2023-02-16 09:00:00,38.96,245.26,8.39,30.72,23.72,15.44,9.86,0.59,12.07,1.86,42.79,1.4,351.35,354.07,0.0,25.25
2023-02-16 09:00:00,2023-02-16 10:00:00,54.25,132.37,2.68,24.42,16.01,9.69,15.29,0.37,16.73,0.69,29.21,1.29,351.62,564.78,0.0,29.48
2023-02-16 10:00:00,2023-02-16 11:00:00,47.32,79.0,5.65,46.64,29.92,17.37,62.77,0.3,16.25,0.46,19.86,1.31,341.75,715.75,0.0,32.01
2023-02-16 11:00:00,2023-02-16 12:00:00,44.17,78.43,2.98,35.51,22.04,14.44,54.08,0.3,19.89,0.39,19.28,1.63,351.45,825.35,0.0,32.77
2023-02-16 12:00:00,2023-02-16 13:00:00,44.55,74.59,2.82,27.77,17.96,11.6,34.61,0.37,20.83,0.52,19.04,1.52,265.06,858.9,0.0,33.58
2023-02-16 13:00:00,2023-02-16 14:00:00,40.25,99.61,11.83,46.1,37.71,21.49,41.23,0.54,15.92,0.43,18.36,1.71,99.28,803.92,0.0,34.07
2023-02-16 14:00:00,2023-02-16 15:00:00,38.3,102.67,11.26,57.36,42.24,25.47,54.48,0.45,15.08,0.45,17.15,1.55,104.94,680.33,0.0,34.55
2023-02-16 15:00:00,2023-02-16 16:00:00,35.23,82.19,12.2,59.2,48.45,28.38,66.81,0.64,12.54,0.39,17.14,1.08,193.13,415.23,0.0,34.66
2023-02-16 16:00:00,2023-02-16 17:00:00,30.68,66.11,3.08,41.33,27.09,17.8,58.22,0.56,16.26,0.4,19.58,1.01,30.62,97.17,0.0,33.29
2023-02-16 17:00:00,2023-02-16 18:00:00,32.34,70.64,1.8,37.33,22.07,13.68,39.62,0.65,15.23,0.56,27.56,0.58,305.14,43.47,0.0,30.66
2023-02-16 18:00:00,2023-02-16 19:00:00,31.8,73.85,2.07,43.51,25.51,16.25,30.01,0.83,13.01,1.21,35.8,0.68,171.16,24.92,0.0,27.66
2023-02-16 19:00:00,2023-02-16 20:00:00,36.39,99.59,2.08,48.5,28.45,19.45,21.82,1.0,9.85,8.03,46.85,0.7,196.54,24.55,0.0,25.64
2023-02-16 20:00:00,2023-02-16 21:00:00,40.57,124.56,1.86,25.64,16.01,11.2,14.64,0.39,15.98,1.63,53.09,0.88,220.99,24.5,0.0,24.21
2023-02-16 21:00:00,2023-02-16 22:00:00,35.15,63.16,1.98,28.41,17.55,11.71,13.38,0.52,14.06,1.12,55.27,0.53,227.8,24.45,0.0,23.13
2023-02-16 22:00:00,2023-02-16 23:00:00,37.8,57.54,1.58,34.45,20.39,13.35,12.75,0.78,11.2,3.51,58.76,0.71,201.14,24.35,0.0,22.37
2023-02-16 23:00:00,2023-02-17 00:00:00,38.51,73.52,1.61,30.45,18.34,12.71,12.41,0.59,15.0,12.79,57.48,0.68,173.1,24.15,0.0,22.26
2023-02-17 00:00:00,2023-02-17 01:00:00,40.34,79.28,1.29,21.57,13.45,9.13,10.66,0.39,18.41,1.54,55.47,0.64,213.82,24.38,0.0,22.0
2023-02-17 01:00:00,2023-02-17 02:00:00,40.73,64.64,1.23,23.27,14.29,9.55,11.7,0.42,17.06,1.6,60.79,0.65,199.34,24.72,0.0,20.7
2023-02-17 02:00:00,2023-02-17 03:00:00,40.57,51.81,1.27,23.86,14.63,9.77,11.27,0.45,14.22,1.71,67.12,1.16,282.88,24.38,0.0,19.72
2023-02-17 03:00:00,2023-02-17 04:00:00,36.73,50.8,1.39,25.39,15.52,10.38,10.88,0.49,12.11,1.56,71.91,0.66,109.51,24.43,0.0,18.93
2023-02-17 04:00:00,2023-02-17 05:00:00,36.07,59.76,1.45,24.47,15.09,10.14,9.36,0.48,10.51,1.36,77.27,0.67,238.9,24.53,0.0,18.11
2023-02-17 05:00:00,2023-02-17 06:00:00,34.18,55.31,2.59,25.07,16.29,11.22,9.45,0.45,10.5,1.08,80.28,0.78,92.32,24.33,0.0,17.52
2023-02-17 06:00:00,2023-02-17 07:00:00,37.29,51.85,22.36,44.33,41.71,25.09,9.57,0.6,,1.2,80.23,0.61,132.31,38.13,0.0,17.68
2023-02-17 07:00:00,2023-02-17 08:00:00,37.72,98.53,21.09,43.81,40.68,26.23,9.91,0.86,,2.24,69.03,0.87,38.33,125.65,0.0,20.33
2023-02-17 08:00:00,2023-02-17 09:00:00,61.47,301.68,6.43,35.05,24.46,18.6,9.56,0.74,,2.69,53.48,1.27,267.89,305.17,0.0,24.92
2023-02-17 09:00:00,2023-02-17 10:00:00,70.25,175.69,1.93,22.78,14.57,11.66,9.96,0.5,22.61,1.34,39.48,0.81,86.6,501.9,0.0,29.43
2023-02-17 10:00:00,2023-02-17 11:00:00,63.45,88.08,1.62,21.23,13.65,9.95,15.34,0.41,24.0,0.83,31.69,1.24,140.18,659.38,0.0,31.97
2023-02-17 11:00:00,2023-02-17 12:00:00,52.52,80.0,1.24,19.38,12.26,9.03,21.91,0.41,26.27,0.77,28.98,1.51,153.87,758.92,0.0,32.76
2023-02-17 12:00:00,2023-02-17 13:00:00,,,1.43,17.06,11.2,8.53,16.68,0.42,26.6,0.82,27.35,1.27,157.83,762.0,0.0,33.98
2023-02-17 13:00:00,2023-02-17 14:00:00,,61.89,1.35,14.91,10.02,6.91,12.12,0.38,27.14,0.76,23.23,1.17,146.86,745.08,0.0,35.08
2023-02-17 14:00:00,2023-02-17 15:00:00,,64.53,1.13,14.75,9.76,7.28,8.82,0.36,26.92,0.8,22.09,0.78,119.08,599.82,0.0,35.44
2023-02-17 15:00:00,2023-02-17 16:00:00,,65.5,1.16,16.0,10.44,8.69,8.68,0.35,26.21,0.56,22.41,0.83,125.28,357.4,0.0,35.06
2023-02-17 16:00:00,2023-02-17 17:00:00,,62.64,1.68,18.62,12.21,8.46,4.3,0.34,24.86,0.47,24.57,0.87,145.31,110.4,0.0,33.63
2023-02-17 17:00:00,2023-02-17 18:00:00,,59.42,1.35,24.98,15.28,10.97,5.44,0.42,20.49,0.51,32.98,0.77,199.85,46.1,0.0,31.06
2023-02-17 18:00:00,2023-02-17 19:00:00,,70.03,5.53,37.68,26.95,18.11,5.78,0.56,16.7,1.1,40.6,0.86,144.64,24.98,0.0,28.23
2023-02-17 19:00:00,2023-02-17 20:00:00,,84.02,1.69,35.02,20.78,14.39,5.92,0.74,14.27,1.92,53.89,0.91,84.92,24.58,0.0,26.12
2023-02-17 20:00:00,2023-02-17 21:00:00,,85.94,1.36,25.24,15.42,11.55,7.32,0.64,16.82,1.6,59.05,0.78,119.96,24.57,0.0,24.98
2023-02-17 21:00:00,2023-02-17 22:00:00,,83.71,1.4,24.7,15.16,10.85,6.93,0.54,16.5,1.37,61.41,0.86,210.78,24.52,0.0,24.04
2023-02-17 22:00:00,2023-02-17 23:00:00,,76.13,1.42,25.44,15.57,11.3,7.09,0.67,13.49,1.03,68.33,0.97,135.45,24.7,0.0,22.8
2023-02-17 23:00:00,2023-02-18 00:00:00,,68.52,1.55,24.05,14.94,10.96,6.71,0.62,13.2,1.66,70.84,0.71,275.47,24.52,0.0,22.17
2023-02-18 00:00:00,2023-02-18 01:00:00,,63.56,1.57,24.7,15.3,11.25,8.25,0.61,11.78,1.35,74.73,0.57,130.52,24.4,0.0,21.52
2023-02-18 01:00:00,2023-02-18 02:00:00,,60.87,1.67,25.85,15.98,11.82,8.84,0.58,11.14,1.31,78.07,0.83,128.55,24.27,0.0,21.04
2023-02-18 02:00:00,2023-02-18 03:00:00,,57.06,1.64,22.35,14.13,10.79,8.52,0.51,13.92,1.06,79.03,0.76,237.09,24.45,0.0,20.66
2023-02-18 03:00:00,2023-02-18 04:00:00,,53.45,1.78,22.78,14.46,10.94,8.69,0.5,12.2,0.93,80.99,0.96,119.69,24.53,0.0,20.24
2023-02-18 04:00:00,2023-02-18 05:00:00,,52.42,2.14,25.29,16.05,11.83,8.0,0.53,8.99,1.06,83.9,0.68,146.91,24.35,0.0,19.42
2023-02-18 05:00:00,2023-02-18 06:00:00,,53.0,1.94,27.45,17.02,12.56,8.32,0.53,8.48,1.05,83.92,0.66,136.53,24.25,0.0,19.44
2023-02-18 06:00:00,2023-02-18 07:00:00,,52.7,2.04,27.09,16.91,12.56,8.21,0.51,9.72,0.96,85.05,0.73,241.23,34.95,0.0,19.28
2023-02-18 07:00:00,2023-02-18 08:00:00,,53.53,3.43,24.04,16.39,12.18,8.12,0.52,8.75,1.08,76.56,1.07,104.27,121.05,0.0,20.8
2023-02-18 08:00:00,2023-02-18 09:00:00,,53.7,2.21,23.12,14.97,11.62,7.77,0.54,16.75,0.91,55.52,0.89,67.86,291.12,0.0,26.34
2023-02-18 09:00:00,2023-02-18 10:00:00,,57.7,1.85,22.42,14.32,11.35,10.08,0.46,21.92,1.1,45.3,1.26,123.65,481.3,0.0,30.34
2023-02-18 10:00:00,2023-02-18 11:00:00,,61.72,1.98,24.24,15.38,11.92,26.57,0.43,24.65,0.76,42.3,1.52,160.44,634.88,0.0,32.11
2023-02-18 11:00:00,2023-02-18 12:00:00,,62.27,1.82,23.43,14.82,12.12,28.61,0.43,26.94,0.72,35.94,1.24,146.82,726.45,0.0,34.14
2023-02-18 12:00:00,2023-02-18 13:00:00,,62.36,1.18,16.59,10.76,9.99,23.57,0.34,30.98,0.57,30.5,0.99,143.49,752.5,0.0,34.98
2023-02-18 13:00:00,2023-02-18 14:00:00,,58.26,1.04,14.39,9.51,9.09,14.08,0.35,31.26,0.52,28.27,1.21,128.94,517.45,0.0,35.61
2023-02-18 14:00:00,2023-02-18 15:00:00,,57.56,1.06,15.25,9.97,8.37,6.23,0.33,29.65,0.57,24.29,0.98,131.23,586.2,0.0,36.46
2023-02-18 15:00:00,2023-02-18 16:00:00,,58.66,1.11,19.55,12.25,9.12,6.86,0.32,28.55,0.44,24.26,0.66,151.56,337.7,0.0,36.14
2023-02-18 16:00:00,2023-02-18 17:00:00,,58.86,1.04,16.96,10.84,8.21,6.62,0.32,27.72,0.45,27.63,0.68,143.37,116.62,0.0,34.54
2023-02-18 17:00:00,2023-02-18 18:00:00,,58.55,1.06,18.23,11.52,8.59,6.07,0.36,23.44,0.47,36.05,0.9,191.47,44.18,0.0,31.89
2023-02-18 18:00:00,2023-02-18 19:00:00,,60.66,1.13,23.91,14.55,10.72,6.29,0.54,21.69,1.07,43.54,0.81,131.73,25.12,0.0,28.96
2023-02-18 19:00:00,2023-02-18 20:00:00,,70.55,1.37,35.33,20.7,14.91,6.31,0.82,15.87,2.42,54.3,0.99,122.43,24.45,0.0,27.18
2023-02-18 20:00:00,2023-02-18 21:00:00,,86.46,1.56,30.96,18.57,14.18,6.24,0.8,17.43,2.26,60.89,0.97,294.79,24.7,0.0,25.97
2023-02-18 21:00:00,2023-02-18 22:00:00,,98.37,1.74,32.41,19.46,14.84,5.98,0.86,12.38,2.81,69.01,0.85,102.93,24.55,0.0,24.64
2023-02-18 22:00:00,2023-02-18 23:00:00,,98.25,1.93,28.55,17.59,13.38,5.76,0.68,14.39,2.19,71.92,1.28,111.76,24.18,0.0,23.96
2023-02-18 23:00:00,2023-02-19 00:00:00,,91.48,1.78,22.21,14.17,11.13,5.87,0.55,15.42,1.14,75.69,0.88,160.38,24.45,0.0,23.39
2023-02-19 00:00:00,2023-02-19 01:00:00,,79.15,1.92,23.84,15.12,11.26,6.04,0.57,12.5,1.04,79.96,0.85,70.52,24.5,0.0,22.38
2023-02-19 01:00:00,2023-02-19 02:00:00,,64.14,2.25,22.29,14.57,11.28,6.23,0.55,11.77,1.02,81.34,0.85,110.29,24.4,0.0,21.88
2023-02-19 02:00:00,2023-02-19 03:00:00,,58.1,2.15,23.16,14.95,11.22,6.51,0.52,11.89,1.01,80.88,0.88,320.32,24.55,0.0,21.51
2023-02-19 03:00:00,2023-02-19 04:00:00,,59.73,2.57,25.12,16.3,11.96,6.19,0.55,6.55,1.08,83.79,0.91,158.43,24.4,0.0,20.98
2023-02-19 04:00:00,2023-02-19 05:00:00,,59.01,2.56,22.22,14.77,11.06,5.48,0.51,8.52,0.99,85.08,0.68,147.58,24.45,0.0,20.8
2023-02-19 05:00:00,2023-02-19 06:00:00,,54.02,2.67,22.59,15.05,11.47,5.87,0.55,7.98,1.07,86.41,0.88,156.73,24.28,0.0,20.5
2023-02-19 06:00:00,2023-02-19 07:00:00,,50.95,2.58,22.6,14.98,11.59,5.86,0.53,10.61,1.12,87.17,0.76,202.57,35.52,0.0,20.53
2023-02-19 07:00:00,2023-02-19 08:00:00,,53.27,4.28,28.73,19.51,14.68,5.98,0.72,10.16,1.21,78.15,0.93,175.24,116.48,0.0,22.68
2023-02-19 08:00:00,2023-02-19 09:00:00,,67.18,4.0,29.1,19.48,15.15,5.07,0.83,14.45,4.49,65.78,1.19,103.79,274.3,0.0,26.27
2023-02-19 09:00:00,2023-02-19 10:00:00,,88.13,3.23,26.59,17.65,14.35,4.91,0.72,21.56,1.51,49.3,0.77,63.7,462.4,0.0,30.55
2023-02-19 10:00:00,2023-02-19 11:00:00,,102.09,1.65,21.25,13.56,11.87,3.54,0.61,26.68,1.73,39.61,0.38,193.2,598.58,0.0,33.54
2023-02-19 11:00:00,2023-02-19 12:00:00,,103.05,1.74,25.55,15.87,12.85,3.55,0.53,29.72,1.47,32.59,0.8,163.36,695.95,0.0,35.5
2023-02-19 12:00:00,2023-02-19 13:00:00,,96.15,1.17,19.2,12.12,10.5,4.74,0.5,32.89,0.82,26.69,0.6,138.26,676.08,0.0,36.61
2023-02-19 13:00:00,2023-02-19 14:00:00,,94.67,1.2,22.77,14.0,10.51,4.95,0.54,32.02,0.92,22.99,0.59,275.62,612.65,0.0,37.81
2023-02-19 14:00:00,2023-02-19 15:00:00,,98.35,1.68,25.18,18.48,14.32,6.46,0.57,32.69,0.94,23.08,0.87,301.6,469.3,0.0,37.69
2023-02-19 15:00:00,2023-02-19 16:00:00,,100.74,1.14,24.47,14.84,11.13,5.08,0.51,32.3,1.01,22.29,0.99,343.85,299.35,0.0,37.24
2023-02-19 16:00:00,2023-02-19 17:00:00,,99.26,1.06,19.14,12.01,9.57,3.45,0.49,29.03,0.73,25.11,0.71,311.99,114.7,0.0,35.79
2023-02-19 17:00:00,2023-02-19 18:00:00,,96.18,1.07,20.84,12.9,9.69,4.06,0.55,25.45,0.78,32.35,0.86,200.94,45.68,0.0,32.7
2023-02-19 18:00:00,2023-02-19 19:00:00,,99.19,1.23,37.39,21.67,16.25,4.0,1.17,18.22,2.9,42.06,0.68,222.73,24.98,0.0,29.59
2023-02-19 19:00:00,2023-02-19 20:00:00,,162.9,1.46,45.85,26.27,20.52,4.23,1.3,14.24,9.1,48.7,0.87,112.59,24.52,0.0,28.34
2023-02-19 20:00:00,2023-02-19 21:00:00,,186.55,1.46,31.75,18.9,14.62,5.92,0.88,20.07,3.75,55.61,0.93,117.37,24.47,0.0,27.14
2023-02-19 21:00:00,2023-02-19 22:00:00,,132.44,1.53,32.7,19.45,14.64,6.1,0.88,16.69,2.48,63.55,0.51,198.62,24.68,0.0,25.43
2023-02-19 22:00:00,2023-02-19 23:00:00,,117.67,1.67,33.49,19.97,14.68,5.94,0.79,13.76,2.16,68.33,0.77,87.49,24.5,0.0,24.5
2023-02-19 23:00:00,2023-02-20 00:00:00,,114.04,1.89,27.84,17.19,12.77,6.3,0.66,12.18,1.76,77.36,0.42,111.49,24.45,0.0,23.2
2023-02-20 00:00:00,2023-02-20 01:00:00,,87.63,2.05,26.43,16.58,12.17,7.02,0.63,11.76,1.35,80.01,0.54,143.34,24.45,0.0,22.31
2023-02-20 01:00:00,2023-02-20 02:00:00,,68.64,2.13,24.81,15.79,11.46,6.89,0.61,12.36,1.36,80.73,1.15,107.34,24.12,0.0,21.59
2023-02-20 02:00:00,2023-02-20 03:00:00,,63.05,2.01,22.63,14.56,10.56,7.58,0.56,14.24,1.11,80.39,0.82,171.41,24.22,0.0,21.06
2023-02-20 03:00:00,2023-02-20 04:00:00,,61.63,1.81,22.44,14.3,10.37,7.95,0.51,17.1,0.96,78.28,0.88,254.5,24.28,0.0,21.41
2023-02-20 04:00:00,2023-02-20 05:00:00,,70.78,1.75,25.91,16.07,11.34,6.63,0.55,15.05,0.88,78.06,0.56,148.18,24.48,0.0,20.86
2023-02-20 05:00:00,2023-02-20 06:00:00,,67.83,1.79,26.47,16.39,11.3,7.12,0.51,14.17,0.86,80.88,0.62,170.33,24.27,0.0,20.16
2023-02-20 06:00:00,2023-02-20 07:00:00,,72.64,20.32,46.33,41.41,25.34,6.74,0.64,6.94,1.2,83.61,0.96,121.29,37.1,0.0,19.54
2023-02-20 07:00:00,2023-02-20 08:00:00,,162.7,10.14,33.1,26.32,18.14,6.71,0.65,11.22,1.61,74.42,1.18,90.49,145.15,0.0,22.02
2023-02-20 08:00:00,2023-02-20 09:00:00,,149.6,4.61,29.05,19.93,13.93,6.89,0.79,15.72,1.42,55.25,0.79,127.89,338.35,0.0,27.51
2023-02-20 09:00:00,2023-02-20 10:00:00,,95.69,2.67,25.31,16.47,12.48,6.28,0.88,,1.26,38.56,0.79,202.67,544.27,0.0,32.37
2023-02-20 10:00:00,2023-02-20 11:00:00,,93.17,1.81,22.16,14.15,9.25,5.18,0.62,,0.74,24.14,1.52,178.93,732.7,0.0,35.2
2023-02-20 11:00:00,2023-02-20 12:00:00,,80.26,6.47,20.49,18.35,11.29,3.06,0.42,,0.56,17.01,1.67,235.31,847.97,0.0,36.84
2023-02-20 12:00:00,2023-02-20 13:00:00,,75.59,3.52,21.97,15.39,8.98,4.29,0.39,,0.41,8.91,1.44,89.91,880.9,0.0,38.01
2023-02-20 13:00:00,2023-02-20 14:00:00,,63.87,3.65,37.0,23.33,13.45,6.14,0.39,,0.37,9.58,1.27,267.47,837.5,0.0,38.95
2023-02-20 14:00:00,2023-02-20 15:00:00,,61.58,2.44,32.68,20.14,12.1,6.32,0.34,,0.4,10.04,1.22,262.92,685.17,0.0,38.97
2023-02-20 15:00:00,2023-02-20 16:00:00,,52.41,1.75,30.74,18.6,10.44,7.01,0.34,,0.44,11.17,0.68,250.14,370.47,0.0,38.75
2023-02-20 16:00:00,2023-02-20 17:00:00,,51.64,1.38,25.9,15.78,9.04,9.2,0.3,,0.45,13.21,0.7,124.55,104.35,0.0,36.49
2023-02-20 17:00:00,2023-02-20 18:00:00,,63.46,1.22,23.02,14.15,7.71,9.44,0.35,,0.44,21.35,0.75,185.92,45.27,0.0,33.14
2023-02-20 18:00:00,2023-02-20 19:00:00,,65.78,1.32,34.13,20.03,12.0,9.38,0.52,,0.85,25.95,0.82,215.71,25.07,0.0,29.8
2023-02-20 19:00:00,2023-02-20 20:00:00,,82.82,2.2,52.02,30.05,17.58,8.71,1.02,,2.37,38.39,0.46,292.85,24.73,0.0,26.96
2023-02-20 20:00:00,2023-02-20 21:00:00,,120.41,2.17,43.06,25.36,16.22,10.78,0.9,,3.62,49.87,1.02,168.43,24.32,0.0,25.12
2023-02-20 21:00:00,2023-02-20 22:00:00,,107.22,2.21,26.27,16.62,10.6,10.73,0.54,,1.8,50.64,0.92,147.3,24.1,0.0,24.62
2023-02-20 22:00:00,2023-02-20 23:00:00,,74.42,2.38,31.41,19.43,11.89,11.15,0.57,,1.24,58.77,0.86,210.24,24.6,0.0,22.86
2023-02-20 23:00:00,2023-02-21 00:00:00,,63.89,2.15,26.45,16.67,10.51,10.88,0.53,,1.22,63.99,0.69,95.92,24.43,0.0,21.83
2023-02-21 00:00:00,2023-02-21 01:00:00,,55.23,2.35,23.52,15.29,9.62,10.8,0.49,,1.05,69.82,0.69,249.39,24.2,0.0,20.74
2023-02-21 01:00:00,2023-02-21 02:00:00,,46.49,2.48,26.97,17.2,10.64,11.68,0.51,,0.96,71.14,0.59,244.25,24.28,0.0,20.28
2023-02-21 02:00:00,2023-02-21 03:00:00,,45.3,3.24,30.11,19.42,11.82,11.41,0.47,,1.03,73.93,0.95,183.22,24.37,0.0,19.33
2023-02-21 03:00:00,2023-02-21 04:00:00,,55.44,2.85,27.03,17.51,10.76,11.38,0.44,,0.79,74.29,0.74,206.38,24.27,0.0,19.17
2023-02-21 04:00:00,2023-02-21 05:00:00,,65.44,3.94,27.78,18.74,11.22,10.36,0.45,,0.9,80.47,1.05,90.1,24.25,0.0,17.97
2023-02-21 05:00:00,2023-02-21 06:00:00,,53.41,3.9,21.56,15.46,8.88,11.86,0.46,,0.8,82.55,0.69,142.02,24.18,0.0,17.56
2023-02-21 06:00:00,2023-02-21 07:00:00,,42.01,6.27,26.04,19.64,11.73,11.82,0.54,,0.96,81.3,0.96,253.61,37.4,0.0,17.32
2023-02-21 07:00:00,2023-02-21 08:00:00,,51.87,9.73,27.62,23.13,14.36,11.19,0.6,,1.44,68.6,1.09,70.48,157.88,0.0,21.25
2023-02-21 08:00:00,2023-02-21 09:00:00,,72.67,8.23,31.84,24.17,15.59,9.59,0.89,,1.71,47.79,1.06,60.05,367.47,0.0,27.86
2023-02-21 09:00:00,2023-02-21 10:00:00,,108.48,4.05,30.21,20.1,13.79,9.04,0.75,,2.02,29.71,0.66,86.03,571.7,0.0,33.19
2023-02-21 10:00:00,2023-02-21 11:00:00,,115.52,2.71,35.81,21.99,13.32,7.78,0.54,,1.58,17.23,0.25,141.12,723.6,0.0,37.08
2023-02-21 11:00:00,2023-02-21 12:00:00,61.96,104.17,2.12,36.52,21.9,13.5,8.74,0.46,,1.1,12.07,0.5,260.96,762.0,0.0,39.05
2023-02-21 12:00:00,2023-02-21 13:00:00,62.06,110.2,6.89,55.0,37.23,21.45,16.68,0.51,,1.04,8.55,0.8,91.97,769.73,0.0,40.27
2023-02-21 13:00:00,2023-02-21 14:00:00,59.16,102.82,3.9,37.66,25.15,15.56,18.15,0.32,19.84,0.85,6.41,1.52,178.38,746.9,0.0,40.17
2023-02-21 14:00:00,2023-02-21 15:00:00,52.62,84.01,2.44,31.11,20.48,11.44,17.62,0.28,20.51,0.42,5.14,1.25,340.59,585.05,0.0,40.78
2023-02-21 15:00:00,2023-02-21 16:00:00,50.26,76.93,1.75,29.77,18.09,8.8,15.64,0.28,18.91,0.41,4.7,1.06,343.59,472.1,0.0,40.56
2023-02-21 16:00:00,2023-02-21 17:00:00,45.68,68.49,1.3,30.66,18.21,11.32,46.34,0.35,16.61,0.54,10.65,0.32,157.24,106.37,0.0,38.22
2023-02-21 17:00:00,2023-02-21 18:00:00,39.85,68.86,1.12,29.62,17.52,9.61,21.48,0.57,15.36,0.99,19.52,1.11,243.68,38.1,0.0,33.86
2023-02-21 18:00:00,2023-02-21 19:00:00,38.87,77.13,2.45,46.23,27.23,15.7,18.43,0.98,11.45,2.41,24.73,1.1,209.86,25.12,0.0,31.02
2023-02-21 19:00:00,2023-02-21 20:00:00,51.84,97.79,1.84,42.95,25.05,16.26,18.98,0.89,9.77,3.79,34.12,1.02,121.69,24.42,0.0,29.15
2023-02-21 20:00:00,2023-02-21 21:00:00,60.95,116.87,1.75,43.28,25.15,15.73,17.59,0.86,9.45,2.85,40.69,1.02,121.65,24.52,0.0,27.37
2023-02-21 21:00:00,2023-02-21 22:00:00,56.95,111.41,1.84,38.26,22.59,13.98,14.84,0.71,9.5,2.1,45.04,0.85,115.98,24.47,0.0,25.85
2023-02-21 22:00:00,2023-02-21 23:00:00,52.66,98.13,3.06,41.47,25.22,15.1,12.84,0.71,7.36,2.04,51.96,0.81,99.03,24.43,0.0,24.39
2023-02-21 23:00:00,2023-02-22 00:00:00,53.76,93.25,2.25,34.81,21.11,12.76,10.9,0.58,8.65,1.38,52.07,0.29,99.81,24.38,0.0,23.71
2023-02-22 00:00:00,2023-02-22 01:00:00,49.84,85.53,2.61,32.88,20.38,11.93,11.15,0.6,7.1,1.2,61.97,0.89,265.33,24.68,0.0,22.24
2023-02-22 01:00:00,2023-02-22 02:00:00,42.38,78.46,2.84,28.96,18.5,10.88,10.97,0.56,6.78,1.27,71.03,0.84,189.19,24.18,0.0,20.87
2023-02-22 02:00:00,2023-02-22 03:00:00,37.24,67.6,2.64,26.5,17.07,9.98,10.7,0.52,8.53,1.02,71.4,0.75,165.57,24.23,0.0,20.52
2023-02-22 03:00:00,2023-02-22 04:00:00,36.61,59.27,2.82,27.81,17.89,10.27,10.4,0.54,5.86,1.02,77.03,0.88,151.36,24.28,0.0,19.36
2023-02-22 04:00:00,2023-02-22 05:00:00,31.87,58.35,3.93,27.72,18.7,10.45,9.76,0.58,4.86,1.18,79.67,0.88,214.05,24.23,0.0,18.62
2023-02-22 05:00:00,2023-02-22 06:00:00,24.0,54.55,4.29,26.25,18.21,10.28,10.23,0.57,5.97,1.27,80.8,1.02,123.79,24.0,0.0,18.22
2023-02-22 06:00:00,2023-02-22 07:00:00,24.73,49.5,7.46,27.82,21.48,12.57,9.68,0.62,5.84,1.22,82.88,0.96,211.63,37.72,0.0,17.55
2023-02-22 07:00:00,2023-02-22 08:00:00,30.68,60.11,11.05,28.43,24.57,14.21,9.34,0.67,7.43,1.67,64.14,1.03,69.79,165.65,0.0,22.2
2023-02-22 08:00:00,2023-02-22 09:00:00,37.37,73.54,7.06,32.16,23.44,14.03,7.58,0.78,14.59,1.9,37.78,0.7,36.84,388.97,0.0,29.13
2023-02-22 09:00:00,2023-02-22 10:00:00,40.44,76.09,1.69,22.97,14.48,8.73,12.43,0.75,21.6,2.91,23.5,1.0,150.12,596.2,0.0,34.0
2023-02-22 10:00:00,2023-02-22 11:00:00,59.79,85.8,2.17,32.24,19.7,10.85,9.0,0.85,19.62,1.37,14.67,1.0,95.58,725.98,0.0,37.42
2023-02-22 11:00:00,2023-02-22 12:00:00,58.02,86.1,,,,17.41,13.01,0.42,16.79,0.6,10.9,0.97,163.75,811.9,0.0,39.29
2023-02-22 12:00:00,2023-02-22 13:00:00,52.36,86.04,10.98,48.81,59.8,18.96,51.32,0.41,16.71,0.44,7.13,1.44,8.16,840.9,0.0,39.88
2023-02-22 13:00:00,2023-02-22 14:00:00,49.95,82.94,4.16,46.94,51.36,15.93,44.87,0.31,15.93,0.32,5.85,1.33,103.33,768.53,0.0,40.87
2023-02-22 14:00:00,2023-02-22 15:00:00,47.6,78.4,3.83,51.83,35.28,,23.1,0.23,16.73,0.4,4.6,1.09,178.3,635.08,0.0,41.27
2023-02-22 15:00:00,2023-02-22 16:00:00,42.61,67.45,1.73,36.59,21.64,18.64,42.27,0.29,17.22,0.37,6.72,0.82,91.97,371.15,0.0,40.48
2023-02-22 16:00:00,2023-02-22 17:00:00,38.36,56.88,1.14,24.79,15.01,9.05,41.27,0.31,17.57,0.34,12.02,0.5,163.71,115.97,0.0,37.8
2023-02-22 17:00:00,2023-02-22 18:00:00,39.45,59.84,1.32,32.21,19.03,9.98,31.57,0.47,14.19,0.94,16.03,0.78,260.86,49.53,0.0,34.78
2023-02-22 18:00:00,2023-02-22 19:00:00,40.26,91.5,2.46,45.07,26.63,14.15,31.01,0.72,12.05,1.7,22.18,0.92,255.56,25.13,0.0,31.14
2023-02-22 19:00:00,2023-02-22 20:00:00,47.26,141.76,2.86,56.39,32.86,18.88,29.32,1.01,10.12,4.08,29.15,1.02,124.99,24.35,0.0,29.23
2023-02-22 20:00:00,2023-02-22 21:00:00,66.07,213.02,2.57,50.69,29.65,17.09,24.99,0.97,11.37,3.65,37.75,1.01,116.87,24.35,0.0,27.46
2023-02-22 21:00:00,2023-02-22 22:00:00,71.97,137.38,3.18,40.96,25.04,14.66,23.57,0.69,10.08,3.01,47.34,0.91,76.18,24.35,0.0,25.58
2023-02-22 22:00:00,2023-02-22 23:00:00,72.44,101.02,2.26,32.27,19.79,10.75,19.88,0.59,11.32,1.72,50.74,0.94,237.83,24.45,0.0,23.99
2023-02-22 23:00:00,2023-02-23 00:00:00,54.88,89.62,3.94,37.38,23.75,13.26,17.87,0.74,8.08,7.3,61.57,0.54,107.64,24.45,0.0,22.25
2023-02-23 00:00:00,2023-02-23 01:00:00,52.93,78.59,3.26,28.85,18.77,10.77,12.61,0.55,8.73,2.09,67.87,0.72,247.39,24.28,0.0,20.79
2023-02-23 01:00:00,2023-02-23 02:00:00,45.85,55.37,3.54,29.82,19.49,11.06,13.4,0.51,7.98,1.48,70.83,0.65,169.85,24.15,0.0,19.85
2023-02-23 02:00:00,2023-02-23 03:00:00,39.01,75.03,4.58,31.55,21.21,12.17,12.94,0.55,6.21,1.36,73.58,0.77,163.44,24.25,0.0,19.57
2023-02-23 03:00:00,2023-02-23 04:00:00,33.64,70.03,7.73,35.14,25.52,14.22,11.72,0.55,5.4,1.34,75.16,0.87,211.23,24.18,0.0,18.46
2023-02-23 04:00:00,2023-02-23 05:00:00,36.58,72.92,6.63,33.62,23.87,13.54,13.57,0.59,5.98,5.03,76.8,0.65,183.14,24.28,0.0,18.17
2023-02-23 05:00:00,2023-02-23 06:00:00,36.2,79.83,7.47,28.34,21.76,11.86,13.82,0.52,5.96,1.63,79.54,0.88,71.45,24.15,0.0,17.64
2023-02-23 06:00:00,2023-02-23 07:00:00,32.15,57.69,10.99,30.46,25.59,15.2,13.49,0.52,6.03,1.34,78.53,0.86,110.09,38.67,0.0,17.48
2023-02-23 07:00:00,2023-02-23 08:00:00,29.86,83.58,9.93,29.47,24.25,14.06,13.35,0.52,9.76,1.65,59.53,1.09,59.78,165.4,0.0,21.84
2023-02-23 08:00:00,2023-02-23 09:00:00,47.79,170.25,12.86,37.19,30.54,18.09,15.55,0.9,13.65,1.32,42.39,1.06,40.71,364.2,0.0,28.37
2023-02-23 09:00:00,2023-02-23 10:00:00,75.15,231.53,4.81,29.23,20.17,12.33,16.1,0.64,18.11,1.82,29.63,0.85,49.38,572.45,0.0,33.85
2023-02-23 10:00:00,2023-02-23 11:00:00,76.04,96.58,3.84,27.17,18.97,10.82,17.6,0.53,21.16,1.47,17.12,0.51,124.41,647.52,0.0,37.34
2023-02-23 11:00:00,2023-02-23 12:00:00,67.52,82.93,5.43,45.04,29.45,17.28,24.63,0.5,17.59,1.24,13.23,0.67,128.6,642.2,0.0,38.44
2023-02-23 12:00:00,2023-02-23 13:00:00,61.16,84.65,16.39,70.5,54.74,30.11,36.11,0.47,12.72,0.72,10.87,0.71,187.42,615.55,0.0,38.73
2023-02-23 13:00:00,2023-02-23 14:00:00,60.34,94.35,6.0,54.79,35.15,20.34,36.52,0.37,16.88,0.64,9.53,0.46,96.06,616.33,0.0,39.34
2023-02-23 14:00:00,2023-02-23 15:00:00,59.46,91.01,2.32,41.78,24.8,13.82,27.18,0.35,19.55,0.63,8.99,1.06,92.45,562.03,0.0,39.55
2023-02-23 15:00:00,2023-02-23 16:00:00,55.19,82.47,1.49,36.5,21.4,11.96,29.3,0.38,21.85,0.76,9.47,0.68,244.43,384.4,0.0,39.46
2023-02-23 16:00:00,2023-02-23 17:00:00,51.64,76.85,1.31,25.43,15.48,7.57,21.76,0.33,20.45,0.7,10.2,0.76,197.49,106.75,0.0,37.67
2023-02-23 17:00:00,2023-02-23 18:00:00,53.8,68.71,1.44,32.25,19.15,9.17,20.82,0.4,17.63,0.87,13.94,0.84,229.96,47.42,0.0,34.61
2023-02-23 18:00:00,2023-02-23 19:00:00,,,,,,,,,,,,,,,,
2023-02-23 19:00:00,2023-02-23 20:00:00,67.09,140.26,2.77,51.2,30.06,18.16,21.99,0.95,10.41,25.52,38.07,0.9,135.04,24.85,0.0,27.59
2023-02-23 20:00:00,2023-02-23 21:00:00,71.7,132.13,1.98,43.72,25.55,14.8,20.13,0.76,11.91,3.3,40.39,0.77,149.56,24.35,0.0,26.76
2023-02-23 21:00:00,2023-02-23 22:00:00,66.7,105.83,2.04,39.5,23.4,13.53,17.97,0.72,12.01,2.36,44.95,0.64,150.92,24.5,0.0,25.58
2023-02-23 22:00:00,2023-02-23 23:00:00,63.69,89.48,2.23,40.32,23.98,13.97,15.35,0.78,9.1,2.19,54.98,0.72,257.0,24.68,0.0,23.91
2023-02-23 23:00:00,2023-02-24 00:00:00,57.64,88.58,2.34,33.39,20.44,11.9,13.98,0.62,10.4,2.0,58.89,0.9,96.48,24.12,0.0,23.29
2023-02-24 00:00:00,2023-02-24 01:00:00,51.99,77.21,2.4,27.68,17.5,9.86,11.95,0.57,10.48,1.29,62.95,0.51,242.06,24.5,0.0,22.23
2023-02-24 01:00:00,2023-02-24 02:00:00,47.75,56.33,2.36,25.89,16.53,8.94,12.38,0.42,11.51,1.19,60.07,0.42,226.0,24.32,0.0,22.14
2023-02-24 02:00:00,2023-02-24 03:00:00,40.29,50.8,2.44,27.86,17.62,9.21,12.36,0.39,11.54,0.76,62.49,0.99,257.65,24.32,0.0,22.32
2023-02-24 03:00:00,2023-02-24 04:00:00,37.7,56.65,2.3,28.41,17.8,10.03,12.45,0.49,10.42,4.46,65.68,0.75,261.49,24.4,0.0,21.73
2023-02-24 04:00:00,2023-02-24 05:00:00,38.26,62.79,2.4,27.98,17.66,9.84,10.28,0.39,10.01,2.37,67.81,0.73,255.68,24.62,0.0,21.29
2023-02-24 05:00:00,2023-02-24 06:00:00,35.52,58.07,3.6,34.7,22.09,12.49,11.0,0.45,5.32,3.56,74.58,0.57,140.89,24.4,0.0,19.93
2023-02-24 06:00:00,2023-02-24 07:00:00,39.59,60.2,8.32,37.94,27.43,15.72,10.86,0.51,5.32,2.85,76.81,0.86,55.44,38.88,0.0,19.54
2023-02-24 07:00:00,2023-02-24 08:00:00,45.01,68.25,11.48,33.85,27.74,16.12,10.65,0.53,7.81,2.1,63.11,1.02,89.63,164.2,0.0,22.99
2023-02-24 08:00:00,2023-02-24 09:00:00,46.68,101.45,7.72,33.35,24.57,15.73,10.24,0.73,14.37,1.61,44.84,0.9,111.29,376.23,0.0,29.52
2023-02-24 09:00:00,2023-02-24 10:00:00,53.97,116.67,3.39,28.36,18.62,11.45,9.96,0.6,21.07,1.84,28.2,0.66,116.75,536.85,0.0,34.8
2023-02-24 10:00:00,2023-02-24 11:00:00,58.76,99.42,2.63,37.18,22.64,13.99,13.61,0.82,22.35,2.44,22.32,0.62,64.77,666.0,0.0,37.22
2023-02-24 11:00:00,2023-02-24 12:00:00,60.52,94.28,2.76,34.85,21.52,12.84,13.0,0.44,19.49,0.79,13.78,0.94,338.03,780.3,0.0,39.21
2023-02-24 12:00:00,2023-02-24 13:00:00,52.07,96.31,5.62,29.5,21.62,12.55,11.35,0.34,17.55,0.5,9.58,0.94,106.71,790.12,0.0,39.63
2023-02-24 13:00:00,2023-02-24 14:00:00,47.69,90.43,2.43,26.96,17.15,9.32,13.19,0.28,17.76,0.34,9.44,1.26,182.17,767.62,0.0,39.36
2023-02-24 14:00:00,2023-02-24 15:00:00,52.16,75.18,2.29,25.47,16.26,8.95,15.86,0.34,17.29,0.35,10.6,1.45,266.89,640.4,0.0,39.29
2023-02-24 15:00:00,2023-02-24 16:00:00,,,,,,,,,,,,,,,,
2023-02-24 16:00:00,2023-02-24 17:00:00,,,,,,,,,,,,,,,,
2023-02-24 17:00:00,2023-02-24 18:00:00,,,,,,,,,,,,,,,,
2023-02-24 18:00:00,2023-02-24 19:00:00,,,,,,,,,,,,,,,,
2023-02-24 19:00:00,2023-02-24 20:00:00,,,,,,,,,,,,,,,,
2023-02-24 20:00:00,2023-02-24 21:00:00,,,,,,,,,,,,,,,,
2023-02-24 21:00:00,2023-02-24 22:00:00,,,,,,,,,,,,,,,,
2023-02-24 22:00:00,2023-02-24 23:00:00,,,,,,,,,,,,,,,,
2023-02-24 23:00:00,2023-02-25 00:00:00,,,,,,,,,,,,,,,,
2023-02-25 00:00:00,2023-02-25 01:00:00,,,,,,,,,,,,,,,,
2023-02-25 01:00:00,2023-02-25 02:00:00,,,,,,,,,,,,,,,,
2023-02-25 02:00:00,2023-02-25 03:00:00,,,,,,,,,,,,,,,,
2023-02-25 03:00:00,2023-02-25 04:00:00,,,,,,,,,,,,,,,,
2023-02-25 04:00:00,2023-02-25 05:00:00,,,,,,,,,,,,,,,,
2023-02-25 05:00:00,2023-02-25 06:00:00,,,,,,,,,,,,,,,,
2023-02-25 06:00:00,2023-02-25 07:00:00,,,,,,,,,,,,,,,,
2023-02-25 07:00:00,2023-02-25 08:00:00,,,,,,,,,,,,,,,,
2023-02-25 08:00:00,2023-02-25 09:00:00,,,,,,,,,,,,,,,,
2023-02-25 09:00:00,2023-02-25 10:00:00,,,,,,,,,,,,,,,,
2023-02-25 10:00:00,2023-02-25 11:00:00,,,,,,,,,,,,,,,,
2023-02-25 11:00:00,2023-02-25 12:00:00,,,,,,,,,,,,,,,,
2023-02-25 12:00:00,2023-02-25 13:00:00,,,,,,,,,,,,,,,,
2023-02-25 13:00:00,2023-02-25 14:00:00,,,,,,,,,,,,,,,,
2023-02-25 14:00:00,2023-02-25 15:00:00,,,,,,,,,,,,,,,,
2023-02-25 15:00:00,2023-02-25 16:00:00,,,,,,,,,,,,,,,,
2023-02-25 16:00:00,2023-02-25 17:00:00,,,,,,,,,,,,,,,,
2023-02-25 17:00:00,2023-02-25 18:00:00,,,,,,,,,,,,,,,,
2023-02-25 18:00:00,2023-02-25 19:00:00,,,,,,,,,,,,,,,,
2023-02-25 19:00:00,2023-02-25 20:00:00,,,,,,,,,,,,,,,,
2023-02-25 20:00:00,2023-02-25 21:00:00,,,,,,,,,,,,,,,,
2023-02-25 21:00:00,2023-02-25 22:00:00,,,,,,,,,,,,,,,,
2023-02-25 22:00:00,2023-02-25 23:00:00,,,,,,,,,,,,,,,,
2023-02-25 23:00:00,2023-02-26 00:00:00,,,,,,,,,,,,,,,,
2023-02-26 00:00:00,2023-02-26 01:00:00,,,,,,,,,,,,,,,,
2023-02-26 01:00:00,2023-02-26 02:00:00,,,,,,,,,,,,,,,,
2023-02-26 02:00:00,2023-02-26 03:00:00,,,,,,,,,,,,,,,,
2023-02-26 03:00:00,2023-02-26 04:00:00,,,,,,,,,,,,,,,,
2023-02-26 04:00:00,2023-02-26 05:00:00,,,,,,,,,,,,,,,,
2023-02-26 05:00:00,2023-02-26 06:00:00,,,,,,,,,,,,,,,,
2023-02-26 06:00:00,2023-02-26 07:00:00,,,,,,,,,,,,,,,,
2023-02-26 07:00:00,2023-02-26 08:00:00,,,,,,,,,,,,,,,,
2023-02-26 08:00:00,2023-02-26 09:00:00,,,,,,,,,,,,,,,,
2023-02-26 09:00:00,2023-02-26 10:00:00,,,,,,,,,,,,,,,,
2023-02-26 10:00:00,2023-02-26 11:00:00,,,,,,,,,,,,,,,,
2023-02-26 11:00:00,2023-02-26 12:00:00,,,,,,,,,,,,,,,,
2023-02-26 12:00:00,2023-02-26 13:00:00,,,,,,,,,,,,,,,,
2023-02-26 13:00:00,2023-02-26 14:00:00,,,,,,,,,,,,,,,,
2023-02-26 14:00:00,2023-02-26 15:00:00,,,,,,,,,,,,,,,,
2023-02-26 15:00:00,2023-02-26 16:00:00,,,,,,,,,,,,,,,,
2023-02-26 16:00:00,2023-02-26 17:00:00,,,,,,,,,,,,,,,,
2023-02-26 17:00:00,2023-02-26 18:00:00,,,,,,,,,,,,,,,,
2023-02-26 18:00:00,2023-02-26 19:00:00,,,,,,,,,,,,,,,,
2023-02-26 19:00:00,2023-02-26 20:00:00,,,,,,,,,,,,,,,,
2023-02-26 20:00:00,2023-02-26 21:00:00,,,,,,,,,,,,,,,,
2023-02-26 21:00:00,2023-02-26 22:00:00,,,,,,,,,,,,,,,,
2023-02-26 22:00:00,2023-02-26 23:00:00,,,,,,,,,,,,,,,,
2023-02-26 23:00:00,2023-02-27 00:00:00,,,,,,,,,,,,,,,,
2023-02-27 00:00:00,2023-02-27 01:00:00,,,,,,,,,,,,,,,,
2023-02-27 01:00:00,2023-02-27 02:00:00,,,,,,,,,,,,,,,,
2023-02-27 02:00:00,2023-02-27 03:00:00,,,,,,,,,,,,,,,,
2023-02-27 03:00:00,2023-02-27 04:00:00,,,,,,,,,,,,,,,,
2023-02-27 04:00:00,2023-02-27 05:00:00,,,,,,,,,,,,,,,,
2023-02-27 05:00:00,2023-02-27 06:00:00,,,,,,,,,,,,,,,,
2023-02-27 06:00:00,2023-02-27 07:00:00,,,,,,,,,,,,,,,,
2023-02-27 07:00:00,2023-02-27 08:00:00,,,,,,,,,,,,,,,,
2023-02-27 08:00:00,2023-02-27 09:00:00,,,,,,,,,,,,,,,,
2023-02-27 09:00:00,2023-02-27 10:00:00,,,,,,,,,,,,,,,,
2023-02-27 10:00:00,2023-02-27 11:00:00,,,,,,,,,,,,,,,,
2023-02-27 11:00:00,2023-02-27 12:00:00,,,,,,,,,,,,,,,,
2023-02-27 12:00:00,2023-02-27 13:00:00,,,,,,,,,,,,,,,,
2023-02-27 13:00:00,2023-02-27 14:00:00,,,,,,,,,,,,,,,,
2023-02-27 14:00:00,2023-02-27 15:00:00,,,,,,,,,,,,,,,,
2023-02-27 15:00:00,2023-02-27 16:00:00,,,,,,,,,,,,,,,,
2023-02-27 16:00:00,2023-02-27 17:00:00,,,,,,,,,,,,,,,,
2023-02-27 17:00:00,2023-02-27 18:00:00,,,,,,,,,,,,,,,,
2023-02-27 18:00:00,2023-02-27 19:00:00,,,,,,,,,,,,,,,,
2023-02-27 19:00:00,2023-02-27 20:00:00,,,,,,,,,,,,,,,,
2023-02-27 20:00:00,2023-02-27 21:00:00,,,,,,,,,,,,,,,,
2023-02-27 21:00:00,2023-02-27 22:00:00,,,,,,,,,,,,,,,,
2023-02-27 22:00:00,2023-02-27 23:00:00,,,,,,,,,,,,,,,,
2023-02-27 23:00:00,2023-02-28 00:00:00,,,,,,,,,,,,,,,,
2023-02-28 00:00:00,2023-02-28 01:00:00,,,,,,,,,,,,,,,,
2023-02-28 01:00:00,2023-02-28 02:00:00,,,,,,,,,,,,,,,,
2023-02-28 02:00:00,2023-02-28 03:00:00,,,,,,,,,,,,,,,,
2023-02-28 03:00:00,2023-02-28 04:00:00,,,,,,,,,,,,,,,,
2023-02-28 04:00:00,2023-02-28 05:00:00,,,,,,,,,,,,,,,,
2023-02-28 05:00:00,2023-02-28 06:00:00,,,,,,,,,,,,,,,,
2023-02-28 06:00:00,2023-02-28 07:00:00,,,,,,,,,,,,,,,,
2023-02-28 07:00:00,2023-02-28 08:00:00,,,,,,,,,,,,,,,,
2023-02-28 08:00:00,2023-02-28 09:00:00,,,,,,,,,,,,,,,,
2023-02-28 09:00:00,2023-02-28 10:00:00,,,,,,,,,,,,,,,,
2023-02-28 10:00:00,2023-02-28 11:00:00,,,,,,,,,,,,,,,,
2023-02-28 11:00:00,2023-02-28 12:00:00,,,,,,,,,,,,,,,,
2023-02-28 12:00:00,2023-02-28 13:00:00,,,,,,,,,,,,,,,,
2023-02-28 13:00:00,2023-02-28 14:00:00,,,,,,,,,,,,,,,,
2023-02-28 14:00:00,2023-02-28 15:00:00,,,,,,,,,,,,,,,,
2023-02-28 15:00:00,2023-02-28 16:00:00,,,,,,,,,,,,,,,,
2023-02-28 16:00:00,2023-02-28 17:00:00,,,,,,,,,,,,,,,,
2023-02-28 17:00:00,2023-02-28 18:00:00,,,,,,,,,,,,,,,,
2023-02-28 18:00:00,2023-02-28 19:00:00,,,,,,,,,,,,,,,,
2023-02-28 19:00:00,2023-02-28 20:00:00,,,,,,,,,,,,,,,,
2023-02-28 20:00:00,2023-02-28 21:00:00,,,,,,,,,,,,,,,,
2023-02-28 21:00:00,2023-02-28 22:00:00,,,,,,,,,,,,,,,,
2023-02-28 22:00:00,2023-02-28 23:00:00,,,,,,,,,,,,,,,,
2023-02-28 23:00:00,2023-03-01 00:00:00,,,,,,,,,,,,,,,,
2023-03-01 00:00:00,2023-03-01 01:00:00,,,,,,,,,,,,,,,,
2023-03-01 01:00:00,2023-03-01 02:00:00,,,,,,,,,,,,,,,,
2023-03-01 02:00:00,2023-03-01 03:00:00,,,,,,,,,,,,,,,,
2023-03-01 03:00:00,2023-03-01 04:00:00,,,,,,,,,,,,,,,,
2023-03-01 04:00:00,2023-03-01 05:00:00,,,,,,,,,,,,,,,,
2023-03-01 05:00:00,2023-03-01 06:00:00,,,,,,,,,,,,,,,,
2023-03-01 06:00:00,2023-03-01 07:00:00,,,,,,,,,,,,,,,,
2023-03-01 07:00:00,2023-03-01 08:00:00,63.11,162.02,9.97,38.32,28.91,21.24,7.01,1.0,,3.22,57.56,0.8,160.58,127.23,0.0,25.48
2023-03-01 08:00:00,2023-03-01 09:00:00,73.52,208.78,6.16,35.17,24.32,19.37,6.14,0.84,,3.55,39.48,0.95,45.22,293.15,0.0,30.18
2023-03-01 09:00:00,2023-03-01 10:00:00,82.94,155.14,2.24,23.16,15.02,11.54,5.21,0.35,12.17,1.68,20.54,1.23,128.95,458.05,0.0,34.74
2023-03-01 10:00:00,2023-03-01 11:00:00,80.99,91.62,2.54,21.08,14.15,9.45,17.3,0.28,20.7,0.55,14.01,1.66,151.45,602.92,0.0,36.36
2023-03-01 11:00:00,2023-03-01 12:00:00,,,1.59,18.49,12.07,8.75,24.67,0.29,20.23,0.6,12.32,1.41,157.09,673.65,0.0,38.26
2023-03-01 12:00:00,2023-03-01 13:00:00,58.63,75.86,2.34,23.37,15.67,10.38,48.3,0.33,20.59,0.68,11.06,1.18,155.83,691.85,0.0,39.36
2023-03-01 13:00:00,2023-03-01 14:00:00,57.6,78.95,1.69,30.71,18.54,12.43,74.0,0.32,19.72,0.7,10.37,1.1,194.37,639.67,0.0,40.07
2023-03-01 14:00:00,2023-03-01 15:00:00,55.99,71.66,1.84,39.48,23.23,14.94,59.61,0.38,20.25,0.58,10.32,0.72,112.56,490.97,0.0,40.28
2023-03-01 15:00:00,2023-03-01 16:00:00,56.21,73.55,1.18,25.54,15.43,10.31,35.68,0.45,22.64,0.7,10.81,0.3,185.47,316.93,0.0,40.24
2023-03-01 16:00:00,2023-03-01 17:00:00,59.37,79.6,1.11,21.66,13.36,8.68,34.89,0.49,21.85,0.85,14.56,0.67,245.56,109.72,0.0,38.29
2023-03-01 17:00:00,2023-03-01 18:00:00,61.65,86.29,1.19,30.87,18.23,11.61,32.09,0.57,20.55,0.92,21.0,0.98,267.04,44.55,0.0,35.08
2023-03-01 18:00:00,2023-03-01 19:00:00,63.43,105.0,1.5,39.03,22.73,14.64,9.37,0.88,16.78,3.45,30.28,0.74,229.9,24.98,0.0,31.99
2023-03-01 19:00:00,2023-03-01 20:00:00,71.86,136.71,1.3,30.36,18.05,13.34,9.84,0.76,17.72,5.08,41.92,1.05,110.56,24.45,0.0,30.38
2023-03-01 20:00:00,2023-03-01 21:00:00,76.69,125.68,1.33,33.15,19.54,14.05,8.02,0.85,16.62,1.86,45.87,0.71,170.35,24.53,0.0,29.19
2023-03-01 21:00:00,2023-03-01 22:00:00,73.42,109.11,1.78,33.98,20.32,14.31,7.56,0.78,15.95,3.23,44.58,0.71,222.47,24.65,0.0,28.68
2023-03-01 22:00:00,2023-03-01 23:00:00,71.42,108.34,1.87,33.31,20.03,15.79,7.72,1.23,14.33,4.29,52.11,0.95,251.68,24.48,0.0,27.43
2023-03-01 23:00:00,2023-03-02 00:00:00,73.82,115.35,1.56,30.43,18.28,13.65,8.95,0.96,19.0,3.97,42.06,0.8,258.64,23.75,0.0,29.16
2023-03-02 00:00:00,2023-03-02 01:00:00,73.47,118.08,1.3,23.96,14.71,10.5,8.79,0.5,18.59,0.96,39.61,0.64,214.38,25.1,0.0,29.19
2023-03-02 01:00:00,2023-03-02 02:00:00,66.29,101.05,1.38,23.51,14.54,10.85,7.95,0.57,16.03,2.56,50.72,0.83,216.07,24.9,0.0,26.5
2023-03-02 02:00:00,2023-03-02 03:00:00,67.61,85.58,1.47,22.06,13.84,10.31,7.88,0.53,15.91,2.94,50.38,0.85,270.98,24.62,0.0,26.5
2023-03-02 03:00:00,2023-03-02 04:00:00,61.4,72.58,1.48,21.03,13.31,9.55,7.34,0.41,16.0,1.43,47.34,0.69,264.63,24.9,0.0,26.51
2023-03-02 04:00:00,2023-03-02 05:00:00,55.5,67.26,1.49,21.57,13.61,9.68,6.71,0.41,15.39,0.9,56.22,0.68,202.1,24.8,0.0,25.06
2023-03-02 05:00:00,2023-03-02 06:00:00,54.07,70.11,1.66,25.93,16.02,11.36,6.93,0.53,15.14,2.84,60.76,0.61,138.16,24.52,0.0,24.19
2023-03-02 06:00:00,2023-03-02 07:00:00,53.76,77.09,4.59,34.81,22.92,15.21,6.79,0.58,15.14,4.29,65.45,0.48,298.51,39.9,0.0,23.46
2023-03-02 07:00:00,2023-03-02 08:00:00,62.56,133.13,12.14,37.64,30.4,20.76,7.09,0.93,15.14,5.96,60.46,1.04,179.13,130.43,0.0,25.58
2023-03-02 08:00:00,2023-03-02 09:00:00,72.99,165.52,4.36,30.88,20.68,15.23,6.27,0.64,15.14,2.62,43.05,1.2,351.7,274.95,0.0,29.71
2023-03-02 09:00:00,2023-03-02 10:00:00,71.16,119.64,2.07,24.53,15.6,10.98,5.95,0.53,15.14,1.11,30.07,0.8,181.36,420.3,0.0,33.73
2023-03-02 10:00:00,2023-03-02 11:00:00,69.03,95.96,1.7,20.12,13.01,8.45,4.04,0.29,15.14,0.8,17.52,0.66,82.75,558.92,0.0,36.97
2023-03-02 11:00:00,2023-03-02 12:00:00,63.37,70.02,1.55,15.32,10.38,6.61,3.78,0.25,17.77,0.64,12.18,0.77,67.33,663.12,0.0,38.79
2023-03-02 12:00:00,2023-03-02 13:00:00,55.92,101.41,8.09,15.66,14.46,9.64,4.34,0.28,18.46,0.68,9.79,0.84,165.43,684.9,0.0,40.14
2023-03-02 13:00:00,2023-03-02 14:00:00,50.45,101.74,2.16,27.96,17.46,10.73,6.57,0.36,19.61,0.56,11.58,1.05,122.36,623.47,0.0,40.31
2023-03-02 14:00:00,2023-03-02 15:00:00,49.95,82.55,1.53,22.72,14.23,8.84,6.52,0.35,19.89,0.62,13.01,0.88,172.57,534.35,0.0,40.72
2023-03-02 15:00:00,2023-03-02 16:00:00,47.8,74.13,1.36,18.41,11.85,7.28,5.68,0.28,20.0,0.52,12.57,1.22,341.57,364.8,0.0,39.7
2023-03-02 16:00:00,2023-03-02 17:00:00,45.1,68.74,1.49,18.11,11.79,6.51,5.63,0.3,20.2,0.51,14.53,1.43,348.79,123.33,0.0,37.97
2023-03-02 17:00:00,2023-03-02 18:00:00,44.28,74.35,1.29,23.68,14.55,8.6,7.08,0.39,16.8,0.83,21.08,0.47,149.58,45.25,0.0,35.23
2023-03-02 18:00:00,2023-03-02 19:00:00,42.43,95.38,2.36,25.29,16.99,10.53,6.74,0.48,15.47,1.29,27.16,0.49,221.09,24.85,0.0,32.35
2023-03-02 19:00:00,2023-03-02 20:00:00,43.27,108.15,1.42,27.4,16.6,10.9,6.35,0.57,16.08,1.77,30.71,0.53,181.34,24.5,0.0,31.07
2023-03-02 20:00:00,2023-03-02 21:00:00,45.47,101.2,1.92,29.55,18.1,12.58,6.16,0.78,15.26,1.98,39.28,0.96,253.67,24.65,0.0,28.94
2023-03-02 21:00:00,2023-03-02 22:00:00,48.04,107.9,1.86,29.91,18.25,12.06,6.55,0.81,13.15,3.27,45.37,0.88,116.7,24.5,0.0,28.0
2023-03-02 22:00:00,2023-03-02 23:00:00,49.54,116.39,1.61,26.74,16.39,11.16,6.18,0.65,12.58,2.91,51.21,0.83,236.88,24.6,0.0,26.49
2023-03-02 23:00:00,2023-03-03 00:00:00,47.25,98.1,1.72,26.34,16.27,11.23,6.12,0.65,11.6,2.33,54.79,0.81,170.93,24.25,0.0,25.55
2023-03-03 00:00:00,2023-03-03 01:00:00,47.1,92.24,1.8,25.6,15.95,11.41,6.18,0.65,12.77,2.98,56.26,0.69,205.61,24.45,0.0,25.0
2023-03-03 01:00:00,2023-03-03 02:00:00,46.67,85.59,1.93,25.42,15.95,11.17,6.85,0.51,11.68,3.66,58.01,0.37,280.54,24.43,0.0,23.97
2023-03-03 02:00:00,2023-03-03 03:00:00,41.41,71.31,1.91,25.75,16.11,11.28,6.9,0.53,11.24,3.2,59.03,0.57,169.42,24.25,0.0,23.83
2023-03-03 03:00:00,2023-03-03 04:00:00,37.08,64.05,1.98,24.37,15.45,10.86,6.52,0.48,10.54,4.41,65.38,0.68,205.78,24.48,0.0,22.85
2023-03-03 04:00:00,2023-03-03 05:00:00,36.02,59.69,2.0,23.76,15.13,10.5,5.81,0.43,10.61,3.52,68.48,0.56,238.92,24.35,0.0,22.17
2023-03-03 05:00:00,2023-03-03 06:00:00,34.88,62.59,4.93,31.17,21.28,13.96,6.42,0.49,7.74,3.56,73.77,0.88,76.86,24.27,0.0,21.47
2023-03-03 06:00:00,2023-03-03 07:00:00,36.09,71.78,19.54,32.2,33.47,20.82,6.63,0.45,8.01,3.27,73.68,0.97,102.68,42.25,0.0,21.27
2023-03-03 07:00:00,2023-03-03 08:00:00,37.98,89.79,8.46,30.17,23.48,15.95,6.13,0.51,10.69,1.38,58.82,0.83,100.96,159.65,0.0,25.02
2023-03-03 08:00:00,2023-03-03 09:00:00,41.64,106.21,5.82,31.96,22.38,15.93,6.12,0.65,14.43,1.94,37.34,1.24,94.55,354.98,0.0,30.42
2023-03-03 09:00:00,2023-03-03 10:00:00,,,2.55,27.04,17.29,11.99,9.53,0.61,18.01,1.32,27.0,0.65,104.34,537.65,0.0,35.1
2023-03-03 10:00:00,2023-03-03 11:00:00,,,3.24,21.86,15.11,9.9,12.94,0.34,18.05,0.85,14.79,0.71,176.81,678.9,0.0,38.6
2023-03-03 11:00:00,2023-03-03 12:00:00,,,7.29,43.56,30.93,19.97,15.43,0.28,15.01,0.61,11.78,0.7,136.69,736.4,0.0,40.11
2023-03-03 12:00:00,2023-03-03 13:00:00,,,2.76,23.57,15.63,10.48,17.87,0.3,18.92,0.49,8.62,1.19,261.59,786.88,0.0,40.78
2023-03-03 13:00:00,2023-03-03 14:00:00,,,4.85,31.91,21.86,12.55,23.9,0.22,14.77,0.29,4.4,1.29,182.6,779.7,0.0,41.4
2023-03-03 14:00:00,2023-03-03 15:00:00,,,1.8,24.23,15.23,6.83,8.21,0.23,15.91,0.22,3.11,1.74,351.92,704.08,0.0,41.24
2023-03-03 15:00:00,2023-03-03 16:00:00,13.91,70.57,1.83,25.45,15.89,8.0,12.47,0.24,15.54,0.21,4.98,1.68,268.39,504.68,0.0,40.13
2023-03-03 16:00:00,2023-03-03 17:00:00,13.91,70.57,2.42,38.79,23.31,12.7,45.82,0.36,13.86,0.25,7.43,1.26,106.04,118.47,0.0,38.5
2023-03-03 17:00:00,2023-03-03 18:00:00,28.27,52.64,1.15,23.0,14.09,7.19,34.91,0.34,14.58,1.06,13.08,1.09,164.06,46.25,0.0,35.99
2023-03-03 18:00:00,2023-03-03 19:00:00,32.74,60.81,1.75,36.41,21.56,12.47,20.85,0.47,13.14,1.22,19.02,0.95,289.52,25.12,0.0,32.34
2023-03-03 19:00:00,2023-03-03 20:00:00,39.14,71.85,1.49,34.83,20.53,12.23,18.5,0.72,12.39,4.24,32.47,0.73,74.57,24.5,0.0,29.63
2023-03-03 20:00:00,2023-03-03 21:00:00,47.92,86.88,1.47,24.2,14.96,8.77,17.81,0.49,13.29,2.93,35.53,0.59,146.57,24.4,0.0,28.14
2023-03-03 21:00:00,2023-03-03 22:00:00,39.53,68.28,1.49,23.35,14.53,7.96,17.16,0.45,12.55,0.98,35.12,1.07,202.83,24.45,0.0,27.32
2023-03-03 22:00:00,2023-03-03 23:00:00,36.17,53.12,1.56,27.08,16.54,9.63,14.66,0.61,11.63,1.93,37.26,1.17,327.31,24.25,0.0,26.3
2023-03-03 23:00:00,2023-03-04 00:00:00,35.82,53.98,1.66,26.26,16.18,10.06,13.24,0.62,9.92,2.08,45.27,0.72,78.53,24.6,0.0,25.14
2023-03-04 00:00:00,2023-03-04 01:00:00,38.78,54.66,2.78,29.9,18.95,12.26,9.91,0.64,7.03,5.17,58.16,1.09,89.69,24.38,0.0,23.41
2023-03-04 01:00:00,2023-03-04 02:00:00,41.9,55.39,2.31,22.88,14.92,9.66,10.61,0.53,8.38,1.72,58.79,0.76,58.48,24.27,0.0,22.56
2023-03-04 02:00:00,2023-03-04 03:00:00,35.8,42.34,2.57,23.66,15.53,10.04,9.42,0.56,6.57,2.6,68.02,0.99,160.49,24.3,0.0,21.33
2023-03-04 03:00:00,2023-03-04 04:00:00,36.56,38.27,2.71,23.07,15.33,9.69,8.91,0.49,7.98,1.88,66.42,0.71,243.24,24.25,0.0,20.8
2023-03-04 04:00:00,2023-03-04 05:00:00,34.05,37.62,2.77,23.53,15.61,9.88,9.16,0.49,8.1,1.75,69.47,0.73,138.88,24.27,0.0,20.29
2023-03-04 05:00:00,2023-03-04 06:00:00,36.2,38.85,3.51,25.03,16.98,11.12,10.31,0.56,5.75,6.35,74.46,0.63,255.35,24.27,0.0,19.5
2023-03-04 06:00:00,2023-03-04 07:00:00,35.99,41.95,5.87,27.39,20.02,12.52,10.1,0.57,6.37,8.04,71.47,0.96,122.21,44.4,0.0,19.82
2023-03-04 07:00:00,2023-03-04 08:00:00,42.83,49.28,5.44,27.96,20.0,12.5,9.82,0.6,9.02,4.66,50.1,0.82,104.06,204.15,0.0,25.52
2023-03-04 08:00:00,2023-03-04 09:00:00,52.63,61.83,3.79,26.86,18.14,11.69,7.75,0.66,14.29,2.17,35.25,1.24,11.9,424.98,0.0,31.08
2023-03-04 09:00:00,2023-03-04 10:00:00,50.94,69.95,3.27,29.22,18.98,12.22,10.22,0.93,15.77,1.92,24.86,1.03,180.86,611.62,0.0,35.66
2023-03-04 10:00:00,2023-03-04 11:00:00,53.17,84.41,2.59,29.98,18.85,11.32,11.37,1.18,16.45,0.78,15.6,0.76,102.94,725.85,0.0,39.56
2023-03-04 11:00:00,2023-03-04 12:00:00,46.63,83.21,4.69,34.31,22.73,13.36,10.72,0.41,12.98,0.51,7.28,0.67,107.34,762.65,0.0,41.52
2023-03-04 12:00:00,2023-03-04 13:00:00,42.24,74.27,1.46,19.18,12.33,7.0,6.59,0.21,16.25,0.3,4.43,1.66,265.72,842.52,0.0,41.59
2023-03-04 13:00:00,2023-03-04 14:00:00,32.71,62.88,1.86,20.3,13.22,7.34,7.63,0.27,15.56,0.32,5.16,1.8,267.28,799.7,0.0,41.67
2023-03-04 14:00:00,2023-03-04 15:00:00,27.12,57.16,1.42,17.91,11.64,5.96,14.54,0.27,17.79,0.26,5.5,1.77,270.12,704.12,0.0,41.78
2023-03-04 15:00:00,2023-03-04 16:00:00,21.05,44.94,1.42,14.42,9.81,4.42,31.47,0.23,16.91,0.2,4.74,1.46,263.2,521.62,0.0,41.23
2023-03-04 16:00:00,2023-03-04 17:00:00,22.62,40.0,1.11,10.35,7.45,2.86,19.07,0.21,17.81,0.19,6.94,1.33,351.94,115.25,0.0,39.21
2023-03-04 17:00:00,2023-03-04 18:00:00,22.91,33.84,1.13,14.18,9.46,4.34,16.21,0.27,13.51,0.39,14.97,0.88,214.24,47.78,0.0,36.1
2023-03-04 18:00:00,2023-03-04 19:00:00,23.97,40.56,2.65,33.89,21.52,13.82,16.58,0.7,15.28,0.87,20.89,0.95,193.5,24.92,0.0,33.07
2023-03-04 19:00:00,2023-03-04 20:00:00,32.56,58.78,1.64,26.05,16.06,9.79,16.14,0.57,13.65,1.99,30.57,0.91,152.04,24.68,0.0,30.58
2023-03-04 20:00:00,2023-03-04 21:00:00,45.02,78.18,1.5,29.39,17.7,15.83,12.56,1.41,13.03,2.95,33.1,0.83,251.78,24.5,0.0,29.24
2023-03-04 21:00:00,2023-03-04 22:00:00,49.97,71.01,1.93,32.68,19.75,14.81,12.97,1.43,11.84,3.88,33.46,0.89,270.81,24.45,0.0,28.33
2023-03-04 22:00:00,2023-03-04 23:00:00,47.46,67.19,1.74,25.98,16.09,11.58,11.81,0.75,11.19,2.8,31.63,0.63,289.0,24.45,0.0,27.9
2023-03-04 23:00:00,2023-03-05 00:00:00,45.07,65.28,1.8,22.88,14.53,9.24,11.03,0.45,12.81,1.67,31.57,0.96,279.07,24.32,0.0,27.08
2023-03-05 00:00:00,2023-03-05 01:00:00,40.73,57.39,2.22,27.1,17.06,15.91,10.13,0.78,9.7,1.62,40.62,0.54,194.81,24.6,0.0,26.15
2023-03-05 01:00:00,2023-03-05 02:00:00,41.73,57.6,2.36,32.69,20.09,13.16,9.23,0.79,7.19,2.8,50.2,0.49,207.3,24.48,0.0,24.9
2023-03-05 02:00:00,2023-03-05 03:00:00,41.49,58.62,2.21,26.3,16.63,10.88,8.15,0.54,9.09,2.64,47.64,0.69,246.45,24.27,0.0,24.73
2023-03-05 03:00:00,2023-03-05 04:00:00,34.75,56.54,2.1,26.75,16.77,10.89,8.08,0.5,8.79,2.13,49.51,0.88,272.06,24.43,0.0,24.43
2023-03-05 04:00:00,2023-03-05 05:00:00,34.91,54.28,2.3,32.79,20.09,13.08,6.81,0.58,7.16,5.56,54.08,0.79,261.23,24.43,0.0,23.52
2023-03-05 05:00:00,2023-03-05 06:00:00,38.14,56.29,2.92,32.72,20.54,13.46,7.39,0.58,7.11,4.15,60.1,0.42,191.67,24.62,0.0,22.54
2023-03-05 06:00:00,2023-03-05 07:00:00,39.45,55.88,6.5,35.43,24.71,15.92,6.89,0.67,5.97,6.49,64.54,0.86,215.76,44.33,0.0,22.07
2023-03-05 07:00:00,2023-03-05 08:00:00,40.92,61.96,4.66,31.82,21.41,14.54,6.87,0.66,10.38,3.41,50.87,1.25,193.96,176.4,0.0,26.57
2023-03-05 08:00:00,2023-03-05 09:00:00,43.2,66.62,3.56,29.68,19.43,13.02,6.8,0.6,13.93,2.15,34.16,1.35,95.6,370.02,0.0,31.82
2023-03-05 09:00:00,2023-03-05 10:00:00,51.46,69.36,2.78,28.94,18.45,12.09,7.42,0.52,14.68,1.18,24.18,1.06,17.21,551.6,0.0,35.51
2023-03-05 10:00:00,2023-03-05 11:00:00,45.05,63.31,8.71,34.4,26.26,16.0,11.01,0.32,13.07,0.65,14.6,0.86,123.21,676.22,0.0,38.32
2023-03-05 11:00:00,2023-03-05 12:00:00,35.0,53.24,19.38,61.88,48.8,28.1,20.93,0.48,9.54,0.48,11.29,0.98,176.08,727.45,0.0,39.98
2023-03-05 12:00:00,2023-03-05 13:00:00,31.88,55.44,14.48,58.12,43.78,27.21,28.47,0.3,11.43,0.42,9.73,1.22,271.46,742.83,0.0,40.77
2023-03-05 13:00:00,2023-03-05 14:00:00,34.47,64.47,1.85,23.36,14.81,10.49,13.73,0.23,16.09,0.31,9.48,1.78,266.32,734.73,0.0,40.27
2023-03-05 14:00:00,2023-03-05 15:00:00,30.13,59.92,1.42,22.09,13.82,8.53,12.28,0.24,18.13,0.26,8.04,1.71,178.96,630.5,0.0,40.17
2023-03-05 15:00:00,2023-03-05 16:00:00,26.95,50.25,1.64,26.06,16.06,10.18,15.64,0.35,17.37,0.24,9.17,1.38,179.75,438.18,0.0,39.78
2023-03-05 16:00:00,2023-03-05 17:00:00,24.28,44.0,1.27,21.83,13.57,8.24,17.3,0.36,15.65,0.34,11.24,1.17,356.84,125.1,0.0,38.35
2023-03-05 17:00:00,2023-03-05 18:00:00,27.7,43.31,1.57,20.87,13.38,8.26,16.49,0.39,15.01,0.56,15.96,0.76,258.76,47.52,0.0,35.99
2023-03-05 18:00:00,2023-03-05 19:00:00,30.55,51.08,1.25,24.08,14.73,9.22,16.48,0.62,13.18,0.96,22.92,0.3,241.82,24.9,0.0,33.05
2023-03-05 19:00:00,2023-03-05 20:00:00,36.96,62.81,1.31,28.0,16.82,11.24,15.23,0.79,12.42,2.34,28.99,0.72,220.75,24.55,0.0,31.16
2023-03-05 20:00:00,2023-03-05 21:00:00,43.81,73.41,1.37,28.42,17.09,11.02,14.12,0.69,12.95,2.2,28.96,0.9,258.61,23.72,0.0,30.75
2023-03-05 21:00:00,2023-03-05 22:00:00,44.67,70.57,1.42,26.19,15.96,10.42,13.97,0.65,12.03,1.24,34.09,0.59,220.22,24.83,0.0,29.39
2023-03-05 22:00:00,2023-03-05 23:00:00,47.88,75.49,1.67,33.36,19.9,12.17,13.13,0.75,11.11,1.46,38.71,0.94,282.74,24.5,0.0,28.06
2023-03-05 23:00:00,2023-03-06 00:00:00,48.8,78.58,1.68,29.48,17.88,11.7,10.24,0.69,10.06,4.33,42.8,0.74,174.25,24.55,0.0,27.06
2023-03-06 00:00:00,2023-03-06 01:00:00,46.64,71.67,1.81,26.49,16.43,10.72,9.0,0.47,10.47,4.06,45.35,0.62,255.77,24.57,0.0,26.16
2023-03-06 01:00:00,2023-03-06 02:00:00,44.3,62.73,2.32,33.71,20.59,13.12,9.44,0.54,6.91,1.88,54.0,0.56,159.16,24.4,0.0,24.83
2023-03-06 02:00:00,2023-03-06 03:00:00,46.44,62.14,2.39,30.96,19.21,12.51,8.58,0.51,7.8,2.03,55.96,0.72,232.08,24.43,0.0,24.38
2023-03-06 03:00:00,2023-03-06 04:00:00,40.45,57.99,2.77,27.19,17.53,11.08,8.79,0.41,8.89,1.36,57.74,0.97,177.04,24.45,0.0,23.89
2023-03-06 04:00:00,2023-03-06 05:00:00,36.91,48.85,2.62,30.39,19.09,12.59,7.5,0.57,8.32,2.24,59.7,0.76,171.43,24.38,0.0,23.1
2023-03-06 05:00:00,2023-03-06 06:00:00,37.79,49.84,4.63,31.57,21.26,13.48,8.02,0.52,8.35,1.95,59.84,0.91,288.52,24.42,0.0,22.96
2023-03-06 06:00:00,2023-03-06 07:00:00,35.26,50.74,9.82,37.99,28.61,19.31,7.69,0.76,7.42,3.52,61.44,0.74,200.35,44.12,0.0,22.95
2023-03-06 07:00:00,2023-03-06 08:00:00,50.69,123.61,30.04,41.88,46.75,28.73,7.63,0.82,9.06,8.61,50.14,0.98,91.11,176.85,0.0,26.64
2023-03-06 08:00:00,2023-03-06 09:00:00,81.41,305.66,9.36,38.82,28.89,20.58,6.63,1.02,14.38,3.07,37.68,0.8,35.38,388.12,0.0,31.69
2023-03-06 09:00:00,2023-03-06 10:00:00,86.85,140.62,4.25,35.99,23.27,16.19,7.63,0.81,16.49,2.32,27.16,0.84,33.98,569.7,0.0,35.35
2023-03-06 10:00:00,2023-03-06 11:00:00,84.68,92.69,6.58,42.45,28.5,18.21,7.37,0.55,14.84,0.81,19.17,0.62,43.68,673.25,0.0,38.28
2023-03-06 11:00:00,2023-03-06 12:00:00,53.7,74.93,10.31,36.56,29.26,18.89,5.73,0.39,14.4,0.71,14.52,1.22,106.41,742.88,0.0,39.3
2023-03-06 12:00:00,2023-03-06 13:00:00,48.12,75.11,3.12,28.69,18.58,12.07,4.77,0.29,15.19,0.43,11.51,1.07,266.34,780.5,0.0,40.47
2023-03-06 13:00:00,2023-03-06 14:00:00,33.77,53.7,2.1,23.6,15.14,9.05,5.09,0.23,15.4,0.36,8.93,1.56,353.46,755.45,0.0,40.59
2023-03-06 14:00:00,2023-03-06 15:00:00,25.48,33.41,1.85,19.73,12.92,8.75,5.48,0.23,15.56,0.29,8.78,1.54,264.53,629.42,0.0,40.31
2023-03-06 15:00:00,2023-03-06 16:00:00,,,1.49,19.61,12.58,7.18,6.27,0.24,14.73,0.32,9.44,1.29,181.16,447.02,0.0,39.77
2023-03-06 16:00:00,2023-03-06 17:00:00,17.27,34.46,1.59,29.4,17.77,9.9,7.81,0.26,13.5,0.32,11.11,0.67,79.76,106.15,0.0,38.1
2023-03-06 17:00:00,2023-03-06 18:00:00,19.17,36.26,1.43,27.21,16.5,9.13,11.35,0.42,,0.44,15.85,0.67,304.04,45.83,0.0,35.52
2023-03-06 18:00:00,2023-03-06 19:00:00,27.86,30.84,2.1,39.88,23.65,13.88,10.59,0.47,,0.98,19.69,0.93,262.76,24.83,0.0,32.45
2023-03-06 19:00:00,2023-03-06 20:00:00,29.46,41.57,1.91,45.43,26.4,15.8,11.03,0.85,,1.84,27.82,0.79,175.86,24.55,0.0,30.35
2023-03-06 20:00:00,2023-03-06 21:00:00,37.18,68.2,2.41,53.98,31.25,20.65,10.15,1.31,,3.75,31.44,0.68,230.54,24.35,0.0,28.85
2023-03-06 21:00:00,2023-03-06 22:00:00,50.84,79.07,2.08,37.45,22.36,15.27,10.07,0.86,,2.95,29.62,0.92,219.78,24.5,0.0,28.32
2023-03-06 22:00:00,2023-03-06 23:00:00,62.63,65.16,6.95,45.9,30.53,20.74,8.21,1.19,,4.39,44.5,0.89,201.91,24.45,0.0,26.17
2023-03-06 23:00:00,2023-03-07 00:00:00,64.61,67.92,2.78,34.7,21.46,15.11,7.45,0.94,,3.25,43.01,0.53,322.7,24.3,0.0,25.9
2023-03-07 00:00:00,2023-03-07 01:00:00,,,2.93,32.82,20.6,14.19,7.46,0.89,,3.36,48.18,0.85,173.39,24.55,0.0,25.16
2023-03-07 01:00:00,2023-03-07 02:00:00,,,3.64,36.25,22.93,16.02,7.57,1.04,8.59,4.78,55.02,0.61,112.75,24.55,0.0,23.86
2023-03-07 02:00:00,2023-03-07 03:00:00,,,4.14,37.27,23.86,16.43,7.83,1.05,7.16,4.0,58.16,0.84,159.78,24.25,0.0,23.05
2023-03-07 03:00:00,2023-03-07 04:00:00,,,4.62,34.31,22.68,16.11,6.94,1.13,7.0,4.47,62.56,0.85,122.54,24.32,0.0,22.25
2023-03-07 04:00:00,2023-03-07 05:00:00,,,3.78,32.01,20.82,14.91,6.72,1.04,7.23,4.08,62.78,0.65,234.56,24.2,0.0,21.97
2023-03-07 05:00:00,2023-03-07 06:00:00,,,3.91,32.91,21.4,15.05,7.1,0.96,6.66,4.86,64.99,0.68,240.72,24.35,0.0,21.53
2023-03-07 06:00:00,2023-03-07 07:00:00,,,5.39,32.31,22.23,15.19,7.05,0.9,7.66,4.12,64.27,1.21,257.8,45.95,0.0,21.77
2023-03-07 07:00:00,2023-03-07 08:00:00,62.38,76.77,11.02,36.38,28.99,19.53,7.83,0.92,9.9,3.33,51.31,1.13,34.83,173.03,0.0,25.78
2023-03-07 08:00:00,2023-03-07 09:00:00,63.67,80.16,5.94,34.26,23.67,16.95,7.15,0.86,11.22,3.12,35.09,1.11,26.62,358.43,0.0,30.6
2023-03-07 09:00:00,2023-03-07 10:00:00,,,2.43,25.02,16.14,10.21,5.82,0.45,14.41,1.29,20.92,0.73,65.72,535.83,0.0,34.85
2023-03-07 10:00:00,2023-03-07 11:00:00,,,1.09,14.08,9.39,6.28,9.82,0.34,16.22,0.7,14.18,1.13,117.49,657.55,0.0,37.39
2023-03-07 11:00:00,2023-03-07 12:00:00,24.0,,,,,6.64,9.74,0.37,17.78,0.54,10.38,1.06,63.79,717.6,0.0,39.11
2023-03-07 12:00:00,2023-03-07 13:00:00,41.26,86.25,3.81,24.18,17.46,12.94,9.82,0.46,19.36,0.56,9.57,0.92,87.24,702.45,0.0,39.86
2023-03-07 13:00:00,2023-03-07 14:00:00,40.76,78.68,1.44,23.43,14.54,9.46,7.2,0.42,19.59,0.67,9.6,1.09,178.31,637.15,0.0,40.09
2023-03-07 14:00:00,2023-03-07 15:00:00,39.23,73.59,2.69,46.72,27.8,18.37,17.82,0.54,17.38,0.51,10.93,0.89,25.65,487.28,0.0,40.05
2023-03-07 15:00:00,2023-03-07 16:00:00,35.1,70.96,1.45,38.41,22.37,,64.46,0.51,17.29,0.49,12.13,1.51,181.28,334.8,0.0,38.87
2023-03-07 16:00:00,2023-03-07 17:00:00,30.41,68.01,1.33,41.26,23.77,24.89,30.41,0.46,16.75,0.49,14.13,1.48,267.75,121.0,0.0,37.4
2023-03-07 17:00:00,2023-03-07 18:00:00,29.84,68.56,1.11,28.47,16.91,12.47,33.38,0.49,17.29,0.5,15.69,1.4,264.91,46.22,0.0,36.03
2023-03-07 18:00:00,2023-03-07 19:00:00,31.04,72.55,1.13,26.33,15.81,10.82,27.88,0.61,17.17,0.73,17.85,1.15,268.56,24.47,0.0,35.04
2023-03-07 19:00:00,2023-03-07 20:00:00,35.26,89.12,1.14,24.25,14.73,8.89,32.89,0.96,17.2,0.64,24.02,2.09,268.05,24.77,0.0,34.09
2023-03-07 20:00:00,2023-03-07 21:00:00,37.15,95.64,1.25,25.74,15.6,9.53,30.42,1.12,16.43,0.49,28.54,1.63,178.19,24.42,0.0,32.97
2023-03-07 21:00:00,2023-03-07 22:00:00,35.83,92.0,1.24,23.07,14.2,8.88,19.8,0.61,15.44,0.67,33.08,1.71,355.82,24.65,0.0,31.38
2023-03-07 22:00:00,2023-03-07 23:00:00,32.95,82.53,1.21,21.06,13.12,7.69,15.13,0.63,14.58,0.55,36.41,2.26,354.73,24.48,0.0,30.2
2023-03-07 23:00:00,2023-03-08 00:00:00,31.75,81.9,1.21,21.94,13.58,7.26,16.7,0.92,14.4,0.38,37.35,1.97,353.09,24.25,0.0,29.45
2023-03-08 00:00:00,2023-03-08 01:00:00,31.82,68.75,1.34,26.94,16.29,9.3,14.38,0.74,14.31,0.46,36.98,1.79,354.62,24.13,0.0,29.04
2023-03-08 01:00:00,2023-03-08 02:00:00,27.36,59.99,1.4,26.23,15.96,7.86,15.49,0.82,14.74,0.47,34.6,2.04,179.48,23.88,0.0,29.03
2023-03-08 02:00:00,2023-03-08 03:00:00,25.02,59.74,1.36,26.31,15.97,8.4,17.25,0.9,14.2,0.37,34.61,1.57,92.79,24.52,0.0,28.72
2023-03-08 03:00:00,2023-03-08 04:00:00,28.59,63.9,2.15,32.5,19.82,11.48,13.29,0.4,11.78,0.52,50.35,2.04,265.81,25.48,0.1,26.63
2023-03-08 04:00:00,2023-03-08 05:00:00,28.45,66.09,1.6,27.78,16.93,9.3,11.59,0.55,13.97,0.48,75.19,1.29,184.28,24.82,0.55,23.61
2023-03-08 05:00:00,2023-03-08 06:00:00,27.45,59.26,1.75,28.28,17.31,10.28,9.37,0.36,13.32,0.47,78.65,1.11,142.23,25.05,0.05,23.24
2023-03-08 06:00:00,2023-03-08 07:00:00,23.11,47.35,3.0,36.85,22.75,15.27,7.54,0.45,8.49,0.54,87.25,0.77,175.19,37.47,0.0,22.59
2023-03-08 07:00:00,2023-03-08 08:00:00,29.22,46.16,4.23,36.09,23.3,16.26,7.97,0.54,14.65,1.46,71.24,0.83,206.34,118.52,0.0,24.95
2023-03-08 08:00:00,2023-03-08 09:00:00,32.2,47.59,2.68,29.86,18.86,14.02,5.99,0.47,15.9,1.09,53.81,0.91,139.39,338.25,0.0,28.9
2023-03-08 09:00:00,2023-03-08 10:00:00,30.36,43.95,2.2,27.53,17.27,12.6,4.63,0.39,17.95,0.87,39.68,0.95,96.07,565.0,0.0,32.71
2023-03-08 10:00:00,2023-03-08 11:00:00,27.26,36.88,1.62,24.42,15.19,11.03,3.33,0.38,20.32,0.68,29.16,1.05,165.48,759.92,0.0,35.34
2023-03-08 11:00:00,2023-03-08 12:00:00,25.88,32.47,1.39,21.21,13.34,10.15,2.79,0.37,20.76,0.6,23.59,0.76,257.59,873.98,0.0,36.91
2023-03-08 12:00:00,2023-03-08 13:00:00,22.45,31.07,1.29,18.91,12.06,9.32,3.85,0.34,21.91,0.49,20.3,0.71,195.37,913.92,0.0,37.62
2023-03-08 13:00:00,2023-03-08 14:00:00,20.97,32.14,1.43,21.92,13.75,10.66,4.53,0.39,22.09,0.53,18.32,0.91,132.19,847.88,0.0,38.53
2023-03-08 14:00:00,2023-03-08 15:00:00,22.89,31.75,1.32,23.9,14.69,10.61,5.32,0.43,23.65,0.6,18.11,0.85,250.64,644.82,0.0,38.52
2023-03-08 15:00:00,2023-03-08 16:00:00,24.27,35.58,1.19,20.33,12.72,9.38,4.95,0.38,20.42,0.78,17.32,0.57,129.66,446.65,0.0,38.29
2023-03-08 16:00:00,2023-03-08 17:00:00,24.1,33.89,1.21,20.34,12.74,9.18,4.75,0.3,17.32,0.56,17.09,0.46,199.41,128.8,0.0,36.76
2023-03-08 17:00:00,2023-03-08 18:00:00,21.21,32.54,1.23,23.13,14.21,9.77,4.47,0.28,15.33,0.39,20.75,0.71,257.65,52.95,0.0,34.2
2023-03-08 18:00:00,2023-03-08 19:00:00,20.45,31.97,1.38,30.1,17.98,12.22,4.71,0.39,14.28,0.57,29.23,1.04,254.16,25.4,0.0,30.79
2023-03-08 19:00:00,2023-03-08 20:00:00,26.63,42.57,1.8,38.35,22.61,16.0,5.37,0.63,11.43,2.24,38.39,1.0,171.95,24.5,0.0,28.82
2023-03-08 20:00:00,2023-03-08 21:00:00,29.61,42.96,2.11,39.77,23.59,16.86,5.1,0.84,11.42,1.85,42.35,0.81,119.98,24.57,0.0,27.8
2023-03-08 21:00:00,2023-03-08 22:00:00,31.34,51.64,3.16,42.26,25.7,18.69,5.65,0.86,8.78,2.77,57.58,0.89,153.25,24.83,0.0,26.1
2023-03-08 22:00:00,2023-03-08 23:00:00,35.11,62.38,3.5,38.04,23.76,17.51,5.57,0.71,10.99,3.48,62.84,0.88,171.11,24.35,0.0,25.21
2023-03-08 23:00:00,2023-03-09 00:00:00,36.77,60.31,3.96,37.44,23.81,16.87,6.37,0.68,10.31,1.92,67.69,1.06,211.23,24.6,0.0,24.38
2023-03-09 00:00:00,2023-03-09 01:00:00,35.16,52.92,3.16,33.94,21.35,15.1,7.07,0.57,11.25,2.11,69.83,0.72,148.84,24.47,0.0,23.84
2023-03-09 01:00:00,2023-03-09 02:00:00,34.12,49.22,3.0,32.33,20.39,14.43,7.78,0.55,12.23,1.22,67.36,1.1,234.9,24.35,0.0,23.87
2023-03-09 02:00:00,2023-03-09 03:00:00,,,,,,,,,,,,,,,,
2023-03-09 03:00:00,2023-03-09 04:00:00,,,,,,,,,,,,,,,,
2023-03-09 04:00:00,2023-03-09 05:00:00,,,,,,,,,,,,,,,,
2023-03-09 05:00:00,2023-03-09 06:00:00,,,,,,,,,,,,,,,,
2023-03-09 06:00:00,2023-03-09 07:00:00,,,,,,,,,,,,,,,,
2023-03-09 07:00:00,2023-03-09 08:00:00,,,,,,,,,,,,,,,,
2023-03-09 08:00:00,2023-03-09 09:00:00,,,,,,,,,,,,,,,,
2023-03-09 09:00:00,2023-03-09 10:00:00,,,,,,,,,,,,,,,,
2023-03-09 10:00:00,2023-03-09 11:00:00,,,,,,,,,,,,,,,,
2023-03-09 11:00:00,2023-03-09 12:00:00,,,,,,,,,,,,,,,,
2023-03-09 12:00:00,2023-03-09 13:00:00,,,,,,,,,,,,,,,,
2023-03-09 13:00:00,2023-03-09 14:00:00,,,,,,,,,,,,,,,,
2023-03-09 14:00:00,2023-03-09 15:00:00,,,,,,,,,,,,,,,,
2023-03-09 15:00:00,2023-03-09 16:00:00,,,,,,,,,,,,,,,,
2023-03-09 16:00:00,2023-03-09 17:00:00,,,,,,,,,,,,,,,,
2023-03-09 17:00:00,2023-03-09 18:00:00,24.7,32.14,1.24,22.14,13.71,8.99,35.45,0.53,19.11,0.34,17.05,1.18,183.88,55.0,0.0,35.35
2023-03-09 18:00:00,2023-03-09 19:00:00,25.75,29.91,1.34,22.68,14.07,8.31,8.73,0.48,15.86,0.59,23.27,0.71,316.63,25.23,0.0,32.65
2023-03-09 19:00:00,2023-03-09 20:00:00,27.09,36.52,1.75,32.99,19.77,13.32,8.0,0.62,12.22,1.48,30.9,0.82,187.45,24.85,0.0,30.39
2023-03-09 20:00:00,2023-03-09 21:00:00,25.77,42.28,1.74,33.72,20.14,13.05,5.03,0.76,12.78,1.65,37.6,0.8,247.97,24.82,0.0,28.3
2023-03-09 21:00:00,2023-03-09 22:00:00,27.28,42.2,2.16,38.58,23.0,15.13,5.78,0.97,11.49,2.52,40.61,1.08,255.64,24.38,0.0,27.45
2023-03-09 22:00:00,2023-03-09 23:00:00,31.43,43.65,2.26,31.03,19.14,11.9,5.6,0.55,12.62,1.86,41.59,1.25,344.58,24.23,0.0,27.61
2023-03-09 23:00:00,2023-03-10 00:00:00,30.85,43.44,2.24,29.43,18.29,11.09,6.35,0.57,12.12,0.77,47.48,0.96,171.82,24.68,0.0,26.31
2023-03-10 00:00:00,2023-03-10 01:00:00,29.4,39.62,2.26,27.93,17.52,10.7,6.76,0.42,12.89,1.1,44.78,0.8,162.0,24.17,0.0,26.49
2023-03-10 01:00:00,2023-03-10 02:00:00,27.06,34.91,2.25,26.87,16.96,10.24,6.49,0.35,12.86,0.79,46.28,0.9,316.34,24.55,0.0,25.94
2023-03-10 02:00:00,2023-03-10 03:00:00,24.53,31.16,2.27,26.29,16.68,9.64,6.8,0.32,12.3,0.51,48.72,0.89,299.69,24.77,0.0,25.3
2023-03-10 03:00:00,2023-03-10 04:00:00,23.43,26.34,2.49,28.15,17.81,10.38,6.97,0.36,10.31,0.68,57.48,0.81,299.86,24.8,0.0,23.79
2023-03-10 04:00:00,2023-03-10 05:00:00,22.09,28.05,2.95,29.82,19.04,11.13,6.74,0.39,9.46,1.65,65.02,0.72,204.52,24.75,0.0,22.51
2023-03-10 05:00:00,2023-03-10 06:00:00,20.96,25.63,3.15,28.49,18.5,10.76,7.62,0.39,9.48,1.55,67.84,0.8,257.99,24.62,0.0,21.68
2023-03-10 06:00:00,2023-03-10 07:00:00,21.69,24.98,13.26,39.51,32.07,20.96,8.0,0.48,7.86,1.05,69.5,0.69,115.74,49.2,0.0,22.47
2023-03-10 07:00:00,2023-03-10 08:00:00,25.6,39.35,8.84,33.37,25.45,16.02,7.59,0.52,9.22,1.94,61.31,1.17,87.02,177.08,0.0,24.88
2023-03-10 08:00:00,2023-03-10 09:00:00,27.66,39.1,5.85,30.42,21.6,12.83,6.41,0.47,13.12,1.07,41.48,0.93,80.35,383.27,0.0,30.27
2023-03-10 09:00:00,2023-03-10 10:00:00,28.18,34.06,2.07,23.59,15.11,9.14,4.45,0.42,17.07,0.85,27.71,1.1,126.01,582.65,0.0,34.75
2023-03-10 10:00:00,2023-03-10 11:00:00,29.38,38.48,1.34,19.18,12.24,8.08,5.39,0.45,19.12,0.94,25.09,1.12,155.01,748.7,0.0,36.54
2023-03-10 11:00:00,2023-03-10 12:00:00,30.71,36.42,4.8,39.87,25.72,18.85,13.67,0.45,16.05,0.74,22.41,1.08,90.93,798.83,0.0,38.09
2023-03-10 12:00:00,2023-03-10 13:00:00,31.46,42.61,10.44,57.94,40.01,28.12,8.24,0.62,14.66,0.69,16.85,0.55,240.04,892.57,0.0,39.65
2023-03-10 13:00:00,2023-03-10 14:00:00,31.14,43.01,3.98,47.35,29.05,19.89,17.55,0.45,16.46,0.47,13.76,0.85,178.49,838.45,0.0,39.96
2023-03-10 14:00:00,2023-03-10 15:00:00,31.76,42.68,2.22,44.29,26.04,18.87,44.64,0.42,16.23,0.43,12.45,0.68,235.44,514.3,0.0,39.79
2023-03-10 15:00:00,2023-03-10 16:00:00,27.1,40.02,1.24,20.53,12.87,8.73,10.46,0.38,18.39,0.5,12.67,0.5,215.52,289.43,0.0,38.83
2023-03-10 16:00:00,2023-03-10 17:00:00,30.25,41.7,1.65,21.52,13.7,9.45,7.94,0.65,17.72,0.6,19.5,1.69,265.38,123.35,0.0,36.08
2023-03-10 17:00:00,2023-03-10 18:00:00,30.76,46.24,1.23,22.07,13.66,7.87,9.07,0.74,16.08,0.34,23.4,1.05,301.87,51.0,0.0,34.16
2023-03-10 18:00:00,2023-03-10 19:00:00,28.94,48.47,1.61,29.96,18.08,10.72,7.12,0.62,13.53,0.89,30.12,0.98,315.51,25.15,0.0,31.63
2023-03-10 19:00:00,2023-03-10 20:00:00,31.36,50.61,1.62,32.1,19.21,12.84,7.28,0.7,13.36,1.58,36.29,0.59,279.58,24.72,0.0,29.56
2023-03-10 20:00:00,2023-03-10 21:00:00,36.62,52.18,1.78,38.57,22.71,15.45,5.37,0.91,11.38,2.45,40.7,0.59,143.21,24.52,0.0,28.46
2023-03-10 21:00:00,2023-03-10 22:00:00,41.37,55.12,1.96,40.44,23.82,16.78,6.11,0.96,12.21,2.81,43.04,0.77,100.37,24.45,0.0,27.64
2023-03-10 22:00:00,2023-03-10 23:00:00,42.7,58.0,2.28,36.4,21.97,15.35,6.0,0.91,10.6,2.41,48.89,0.83,202.4,24.6,0.0,26.19
2023-03-10 23:00:00,2023-03-11 00:00:00,45.05,59.01,3.62,36.38,22.98,15.51,6.63,1.0,8.55,2.62,57.05,0.52,244.19,24.57,0.0,25.11
2023-03-11 00:00:00,2023-03-11 01:00:00,45.31,59.64,2.91,36.32,22.41,15.45,8.59,0.89,10.72,3.98,51.03,0.97,182.32,23.7,0.0,25.83
2023-03-11 01:00:00,2023-03-11 02:00:00,43.81,58.2,2.68,34.78,21.43,14.76,8.05,0.85,11.33,3.92,50.28,0.69,232.73,24.75,0.0,25.94
2023-03-11 02:00:00,2023-03-11 03:00:00,45.0,59.32,2.75,30.55,19.27,13.21,7.56,0.73,10.31,2.39,60.39,1.0,90.0,24.77,0.0,23.83
2023-03-11 03:00:00,2023-03-11 04:00:00,44.48,56.96,2.82,27.93,17.95,12.29,8.46,0.71,10.78,2.09,62.0,0.95,87.73,24.38,0.0,23.22
2023-03-11 04:00:00,2023-03-11 05:00:00,39.92,49.94,2.82,27.4,17.67,12.06,7.65,0.71,9.44,2.06,66.2,0.97,125.13,24.43,0.0,22.39
2023-03-11 05:00:00,2023-03-11 06:00:00,38.32,45.97,3.92,30.28,20.03,13.87,8.45,0.71,9.9,1.77,67.68,0.86,257.49,24.55,0.0,22.31
2023-03-11 06:00:00,2023-03-11 07:00:00,38.32,43.18,6.93,36.14,25.42,16.4,8.75,0.61,7.87,1.83,66.11,0.8,180.15,50.12,0.0,22.74
2023-03-11 07:00:00,2023-03-11 08:00:00,42.95,55.24,9.62,37.77,28.35,18.52,8.0,0.76,9.95,2.35,56.9,1.11,217.15,181.47,0.0,25.87
2023-03-11 08:00:00,2023-03-11 09:00:00,43.77,52.77,3.65,27.15,18.19,12.45,7.85,0.49,14.25,1.17,41.13,1.35,184.85,407.5,0.0,30.15
2023-03-11 09:00:00,2023-03-11 10:00:00,38.04,44.11,4.75,30.12,20.59,14.41,7.26,0.94,17.6,0.87,30.18,1.13,8.48,615.35,0.0,34.32
2023-03-11 10:00:00,2023-03-11 11:00:00,36.44,41.53,12.42,61.33,43.85,27.71,11.62,0.7,12.81,0.91,22.55,1.06,96.26,778.5,0.0,36.91
2023-03-11 11:00:00,2023-03-11 12:00:00,37.44,44.65,4.79,46.79,29.74,19.79,8.32,0.48,16.64,0.56,19.36,0.49,171.38,881.0,0.0,38.42
2023-03-11 12:00:00,2023-03-11 13:00:00,35.57,42.85,3.6,35.6,24.06,16.51,6.23,0.47,20.34,0.97,16.28,0.54,200.3,795.82,0.0,39.63
2023-03-11 13:00:00,2023-03-11 14:00:00,36.78,42.87,2.23,27.88,17.86,12.54,5.05,0.46,21.35,1.45,15.3,0.65,145.03,578.57,0.0,39.45
2023-03-11 14:00:00,2023-03-11 15:00:00,37.4,42.38,1.15,21.67,13.39,9.2,4.29,0.37,19.49,0.72,15.09,0.54,193.11,368.4,0.0,38.89
2023-03-11 15:00:00,2023-03-11 16:00:00,35.57,42.47,1.18,19.52,12.29,7.96,4.41,0.31,17.54,0.59,11.63,0.63,254.71,432.85,0.0,39.65
2023-03-11 16:00:00,2023-03-11 17:00:00,30.96,39.18,1.06,15.59,10.14,6.44,15.32,0.3,16.59,0.53,14.07,1.27,265.74,124.43,0.0,37.86
2023-03-11 17:00:00,2023-03-11 18:00:00,28.77,39.52,1.05,16.99,10.87,6.91,21.76,0.36,15.74,0.49,21.6,0.77,269.88,54.95,0.0,35.46
2023-03-11 18:00:00,2023-03-11 19:00:00,30.16,39.67,1.16,32.97,19.3,13.62,27.68,0.81,14.36,1.36,28.78,0.84,250.21,25.38,0.0,32.31
2023-03-11 19:00:00,2023-03-11 20:00:00,33.68,41.84,1.29,34.99,20.46,14.01,25.81,0.89,13.19,4.14,33.58,0.8,247.2,24.98,0.0,30.73
2023-03-11 20:00:00,2023-03-11 21:00:00,36.12,44.66,1.41,35.59,20.87,14.36,19.52,0.97,11.89,3.46,40.2,0.83,209.86,24.78,0.0,29.18
2023-03-11 21:00:00,2023-03-11 22:00:00,39.93,45.92,1.56,36.59,21.5,15.35,17.3,1.02,11.13,4.54,45.78,0.88,148.72,24.52,0.0,28.11
2023-03-11 22:00:00,2023-03-11 23:00:00,46.7,49.82,2.34,32.79,20.13,15.11,14.86,1.01,12.54,3.71,51.72,0.81,93.35,24.65,0.0,26.89
2023-03-11 23:00:00,2023-03-12 00:00:00,49.74,52.03,2.05,32.81,19.91,14.59,13.93,1.01,9.87,3.21,58.03,0.69,258.18,24.68,0.0,25.46
2023-03-12 00:00:00,2023-03-12 01:00:00,,,2.09,30.74,18.85,13.76,12.13,0.84,11.27,2.63,54.56,0.73,231.69,24.52,0.0,25.1
2023-03-12 01:00:00,2023-03-12 02:00:00,,,2.06,29.02,17.94,12.93,12.76,0.74,10.55,1.94,57.41,0.58,195.56,24.55,0.0,24.77
2023-03-12 02:00:00,2023-03-12 03:00:00,,,2.26,31.12,19.18,13.74,12.32,0.76,9.41,2.15,59.77,0.84,179.51,24.52,0.0,24.27
2023-03-12 03:00:00,2023-03-12 04:00:00,,,2.4,30.9,19.18,13.49,12.15,0.59,9.91,2.12,59.51,0.76,323.02,24.62,0.0,24.12
2023-03-12 04:00:00,2023-03-12 05:00:00,,,2.5,31.55,19.6,13.79,12.54,0.62,9.07,1.71,63.75,0.67,104.98,24.65,0.0,23.42
2023-03-12 05:00:00,2023-03-12 06:00:00,47.25,50.13,3.25,32.88,20.88,14.49,12.12,0.63,9.07,2.54,71.97,0.69,192.58,24.9,0.0,22.11
2023-03-12 06:00:00,2023-03-12 07:00:00,46.99,53.96,3.24,31.14,19.95,13.98,11.47,0.64,9.07,3.23,66.28,0.67,184.63,50.25,0.0,22.73
2023-03-12 07:00:00,2023-03-12 08:00:00,49.3,55.36,3.67,31.6,20.53,14.28,10.99,0.64,9.07,2.7,50.62,0.82,70.43,194.88,0.0,27.03
2023-03-12 08:00:00,2023-03-12 09:00:00,49.31,51.85,3.06,28.89,18.64,13.11,8.96,0.68,9.07,1.81,38.61,1.01,37.14,410.8,0.0,31.31
2023-03-12 09:00:00,2023-03-12 10:00:00,47.62,48.79,1.77,22.93,14.53,10.75,6.77,0.38,9.07,1.21,24.56,0.75,137.12,627.4,0.0,35.82
2023-03-12 10:00:00,2023-03-12 11:00:00,47.39,48.26,1.25,19.65,12.41,8.81,7.85,0.35,9.07,0.67,20.48,1.01,147.26,780.65,0.0,38.06
2023-03-12 11:00:00,2023-03-12 12:00:00,,,1.15,18.82,11.91,8.48,12.38,0.34,9.07,0.58,17.13,0.9,117.97,881.22,0.0,39.2
2023-03-12 12:00:00,2023-03-12 13:00:00,,,1.84,29.17,17.85,11.48,16.9,0.38,9.07,0.65,12.89,0.74,215.77,927.58,0.0,40.48
2023-03-12 13:00:00,2023-03-12 14:00:00,,,2.5,42.71,25.43,16.29,24.47,0.36,9.07,0.4,10.91,1.25,105.91,750.25,0.0,40.69
2023-03-12 14:00:00,2023-03-12 15:00:00,,,1.93,45.63,26.52,16.93,27.99,0.38,9.07,0.46,11.33,0.74,109.11,609.6,0.0,40.62
2023-03-12 15:00:00,2023-03-12 16:00:00,31.13,33.4,1.88,47.54,27.64,18.6,32.54,0.59,9.07,0.42,11.01,0.81,260.11,385.82,0.0,40.22
2023-03-12 16:00:00,2023-03-12 17:00:00,40.87,42.2,1.86,48.27,28.07,18.45,32.65,0.59,9.07,1.46,12.54,0.86,177.25,111.58,0.0,38.48
2023-03-12 17:00:00,2023-03-12 18:00:00,44.61,50.17,1.17,34.26,19.99,14.48,27.42,0.85,9.07,1.55,18.6,0.67,221.85,49.92,0.0,35.95
2023-03-12 18:00:00,2023-03-12 19:00:00,43.31,50.34,1.37,36.23,21.18,16.12,24.42,0.76,9.07,1.21,23.68,0.9,227.38,25.33,0.0,33.06
2023-03-12 19:00:00,2023-03-12 20:00:00,49.39,59.25,1.68,42.02,24.43,19.91,25.52,1.42,9.07,4.08,26.86,0.88,195.33,24.5,0.0,32.16
2023-03-12 20:00:00,2023-03-12 21:00:00,53.19,60.95,1.41,44.31,25.42,18.09,21.01,1.13,9.07,7.25,29.1,0.55,231.46,24.8,0.0,30.73
2023-03-12 21:00:00,2023-03-12 22:00:00,55.41,59.46,1.67,42.65,24.75,18.17,18.48,1.23,9.07,10.02,39.7,1.01,100.01,24.88,0.0,28.72
2023-03-12 22:00:00,2023-03-12 23:00:00,,,1.91,47.87,27.67,21.64,14.61,1.65,9.07,5.24,48.38,0.78,193.0,24.75,0.0,26.98
2023-03-12 23:00:00,2023-03-13 00:00:00,,,2.46,39.11,23.52,18.52,12.37,1.26,9.07,5.24,50.84,1.01,297.94,24.53,0.0,26.49
2023-03-13 00:00:00,2023-03-13 01:00:00,,,1.95,33.52,20.21,15.3,11.87,0.94,9.07,2.79,54.77,0.92,162.55,24.58,0.0,26.02
2023-03-13 01:00:00,2023-03-13 02:00:00,,,2.02,32.12,19.52,14.64,12.79,0.85,9.07,3.19,57.55,0.83,260.51,24.62,0.0,25.06
2023-03-13 02:00:00,2023-03-13 03:00:00,,,2.01,29.23,18.01,13.23,11.78,0.67,,2.15,59.92,0.53,197.91,24.62,0.0,24.62
2023-03-13 03:00:00,2023-03-13 04:00:00,,,2.15,31.39,19.24,13.94,12.2,0.7,,2.02,58.18,0.86,227.72,24.4,0.0,24.47
2023-03-13 04:00:00,2023-03-13 05:00:00,,,2.22,30.86,19.01,13.45,11.19,0.58,,6.64,50.63,0.71,291.13,24.35,0.0,24.65
2023-03-13 05:00:00,2023-03-13 06:00:00,,,2.52,32.62,20.17,14.43,12.06,0.72,,4.05,55.12,0.84,135.96,24.82,0.0,23.97
2023-03-13 06:00:00,2023-03-13 07:00:00,,,3.59,34.26,21.85,16.21,10.95,0.72,,3.33,53.25,0.3,174.03,52.58,0.0,24.11
2023-03-13 07:00:00,2023-03-13 08:00:00,,,14.67,39.94,33.44,22.77,10.46,0.83,,2.9,45.62,1.15,92.99,184.43,0.0,27.58
2023-03-13 08:00:00,2023-03-13 09:00:00,,,6.11,37.15,25.31,17.33,9.79,0.8,,2.66,35.25,1.22,12.82,393.93,0.0,31.46
2023-03-13 09:00:00,2023-03-13 10:00:00,,,2.17,29.71,18.38,13.1,9.78,0.61,,2.08,23.62,0.83,83.71,618.95,0.0,36.01
2023-03-13 10:00:00,2023-03-13 11:00:00,,,1.5,24.24,15.01,10.29,13.56,0.38,,1.12,16.09,1.33,147.8,797.52,0.0,38.97
2023-03-13 11:00:00,2023-03-13 12:00:00,,,1.4,22.17,13.84,9.33,13.04,0.34,,0.84,13.1,0.88,104.83,879.95,0.0,39.95
2023-03-13 12:00:00,2023-03-13 13:00:00,,,5.92,53.41,34.7,22.27,19.18,0.54,15.17,0.91,9.46,0.71,130.5,813.83,0.0,41.5
2023-03-13 13:00:00,2023-03-13 14:00:00,,,2.57,42.24,25.24,19.41,,0.38,16.55,0.71,8.01,1.02,182.77,753.05,0.0,41.48
2023-03-13 14:00:00,2023-03-13 15:00:00,28.12,107.06,1.54,35.85,21.11,,50.0,0.45,17.86,0.8,7.46,0.91,175.12,583.7,0.0,41.78
2023-03-13 15:00:00,2023-03-13 16:00:00,28.16,100.49,1.38,45.77,26.17,19.88,8.18,0.45,16.63,0.73,7.63,0.72,315.81,367.7,0.0,41.36
2023-03-13 16:00:00,2023-03-13 17:00:00,28.74,90.94,3.59,20.79,14.82,11.72,50.48,0.42,16.82,0.72,8.5,0.77,19.42,120.07,0.0,39.64
2023-03-13 17:00:00,2023-03-13 18:00:00,29.7,86.49,1.31,22.46,13.93,8.92,35.33,0.37,17.2,0.71,12.41,0.8,236.5,57.25,0.0,37.19
2023-03-13 18:00:00,2023-03-13 19:00:00,29.33,85.08,1.25,33.87,19.84,12.18,25.6,0.62,12.21,1.46,18.33,0.98,248.36,25.38,0.0,33.66
2023-03-13 19:00:00,2023-03-13 20:00:00,35.08,92.62,1.4,44.76,25.65,16.02,25.82,0.85,10.52,2.4,23.79,0.91,130.99,24.77,0.0,31.94
2023-03-13 20:00:00,2023-03-13 21:00:00,49.04,109.66,1.55,50.22,28.62,20.64,24.26,1.53,11.13,5.19,30.91,0.54,148.89,24.62,0.0,30.33
2023-03-13 21:00:00,2023-03-13 22:00:00,69.94,137.58,2.13,56.98,32.6,25.36,23.78,1.99,11.88,6.21,34.57,0.96,198.32,24.68,0.0,29.51
2023-03-13 22:00:00,2023-03-13 23:00:00,87.48,153.26,2.25,50.7,29.41,23.47,20.84,1.74,10.2,5.75,41.61,0.93,250.64,24.62,0.0,28.25
2023-03-13 23:00:00,2023-03-14 00:00:00,92.34,143.58,1.89,36.96,21.96,16.89,19.72,1.05,13.23,3.98,38.7,1.19,326.38,24.15,0.0,28.9
2023-03-14 00:00:00,2023-03-14 01:00:00,83.83,122.69,1.54,30.84,18.48,13.57,19.76,0.69,13.67,1.81,32.89,1.12,310.79,24.65,0.0,29.68
2023-03-14 01:00:00,2023-03-14 02:00:00,70.12,101.84,1.54,30.95,18.55,13.16,20.97,0.61,11.65,1.42,36.18,0.52,246.3,24.9,0.0,28.71
2023-03-14 02:00:00,2023-03-14 03:00:00,60.08,87.85,1.61,27.59,16.84,12.02,17.72,0.49,11.88,1.38,39.88,0.87,239.16,25.0,0.0,27.43
2023-03-14 03:00:00,2023-03-14 04:00:00,63.5,100.85,1.8,36.19,21.48,14.79,18.11,0.74,13.5,9.04,43.34,0.69,286.99,24.7,0.0,26.61
2023-03-14 04:00:00,2023-03-14 05:00:00,77.22,130.72,2.0,32.93,19.93,14.15,13.05,0.63,11.91,8.29,48.36,0.97,288.13,24.7,0.0,25.36
2023-03-14 05:00:00,2023-03-14 06:00:00,72.48,124.24,2.15,30.88,18.98,13.46,12.92,0.56,,4.22,53.87,0.71,247.74,24.93,0.0,24.4
2023-03-14 06:00:00,2023-03-14 07:00:00,66.29,118.25,3.46,35.27,22.29,17.48,11.6,0.79,,4.58,55.95,0.52,110.72,47.4,0.0,24.16
2023-03-14 07:00:00,2023-03-14 08:00:00,64.41,121.37,8.39,37.75,27.45,18.56,10.27,0.83,,3.59,48.2,0.94,22.4,173.7,0.0,27.42
2023-03-14 08:00:00,2023-03-14 09:00:00,66.72,131.04,4.43,39.61,25.3,18.25,12.8,1.0,,2.97,33.53,0.81,107.87,380.2,0.0,32.51
2023-03-14 09:00:00,2023-03-14 10:00:00,66.94,135.9,1.92,29.2,17.92,12.95,19.47,0.6,31.89,3.36,20.5,0.6,146.95,586.38,0.0,36.43
2023-03-14 10:00:00,2023-03-14 11:00:00,63.32,126.48,1.72,21.76,14.18,10.33,30.62,0.46,22.55,1.47,14.84,0.84,145.21,667.05,0.0,38.32
2023-03-14 11:00:00,2023-03-14 12:00:00,57.15,107.33,1.8,28.64,17.54,11.8,32.75,0.48,17.32,1.02,12.27,0.45,122.7,717.25,0.0,40.23
2023-03-14 12:00:00,2023-03-14 13:00:00,51.07,94.35,4.84,41.74,27.66,18.18,30.02,0.42,14.54,0.92,7.49,0.83,129.8,882.4,0.0,40.8
2023-03-14 13:00:00,2023-03-14 14:00:00,47.01,87.59,5.09,51.59,32.3,19.59,31.56,0.36,12.0,0.41,6.55,0.95,260.65,651.35,0.0,40.99
2023-03-14 14:00:00,2023-03-14 15:00:00,43.21,73.37,1.75,30.1,18.26,12.74,23.26,0.29,13.81,0.43,5.92,1.24,266.01,519.02,0.0,40.88
2023-03-14 15:00:00,2023-03-14 16:00:00,38.08,61.05,2.87,47.01,28.13,17.54,24.1,0.38,11.66,0.46,6.79,0.7,50.72,315.1,0.0,39.72
2023-03-14 16:00:00,2023-03-14 17:00:00,32.81,54.57,1.43,27.25,16.52,10.18,18.34,0.35,12.47,0.5,7.3,0.6,162.66,119.92,0.0,38.88
2023-03-14 17:00:00,2023-03-14 18:00:00,27.72,52.27,1.32,31.14,18.47,10.71,14.92,0.47,11.37,0.62,10.23,0.74,288.28,45.18,0.0,35.85
2023-03-14 18:00:00,2023-03-14 19:00:00,22.21,55.08,2.89,44.6,26.91,16.62,13.89,0.76,8.98,1.41,15.34,0.79,290.72,25.23,0.0,33.11
2023-03-14 19:00:00,2023-03-14 20:00:00,25.47,66.75,2.55,46.81,27.61,17.15,13.91,0.8,7.85,2.12,22.55,0.58,244.76,24.75,0.0,30.8
2023-03-14 20:00:00,2023-03-14 21:00:00,37.18,83.09,2.81,53.1,31.1,20.7,14.46,1.4,8.28,3.61,26.35,0.59,290.75,24.48,0.0,29.34
2023-03-14 21:00:00,2023-03-14 22:00:00,49.21,94.78,2.74,46.64,27.66,19.02,15.09,1.27,8.06,4.02,29.05,0.63,226.35,24.65,0.0,28.34
2023-03-14 22:00:00,2023-03-14 23:00:00,64.78,111.39,10.21,64.54,42.79,28.89,15.54,1.91,5.21,9.45,35.91,0.7,186.77,24.55,0.0,26.85
2023-03-14 23:00:00,2023-03-15 00:00:00,85.39,128.82,13.03,58.67,41.9,29.06,15.46,1.77,5.28,18.78,44.52,0.82,117.35,24.62,0.0,25.75
2023-03-15 00:00:00,2023-03-15 01:00:00,100.78,117.47,6.78,51.78,33.48,25.29,13.12,1.8,6.32,7.18,48.85,1.06,127.91,24.65,0.0,24.99
2023-03-15 01:00:00,2023-03-15 02:00:00,97.91,102.36,7.43,52.12,34.16,26.41,13.66,2.16,6.0,6.82,54.44,0.72,95.47,24.42,0.0,23.89
2023-03-15 02:00:00,2023-03-15 03:00:00,,,5.76,52.19,32.91,26.28,12.97,2.07,6.38,7.37,50.16,0.5,157.63,24.2,0.0,24.15
2023-03-15 03:00:00,2023-03-15 04:00:00,,,9.19,46.43,32.54,25.54,11.82,1.84,,6.8,55.72,0.57,95.89,24.65,0.0,24.27
2023-03-15 04:00:00,2023-03-15 05:00:00,,,9.06,41.63,29.94,23.77,8.86,1.75,,6.08,57.32,0.91,49.71,24.73,0.0,24.14
2023-03-15 05:00:00,2023-03-15 06:00:00,,,9.19,41.59,30.01,24.17,9.14,1.53,,5.82,54.0,0.62,266.76,24.85,0.0,24.45
2023-03-15 06:00:00,2023-03-15 07:00:00,,,14.3,40.9,33.6,25.25,8.23,1.39,,4.88,57.22,0.91,163.91,49.45,0.0,24.26
2023-03-15 07:00:00,2023-03-15 08:00:00,,,8.58,36.23,26.74,22.66,8.14,1.31,,5.61,51.33,1.11,113.18,163.62,0.0,26.47
2023-03-15 08:00:00,2023-03-15 09:00:00,,,9.42,37.61,28.82,23.41,8.59,1.18,,4.1,29.9,0.98,74.5,378.15,0.0,33.28
2023-03-15 09:00:00,2023-03-15 10:00:00,,,2.39,28.31,17.82,15.87,11.45,0.69,,2.67,16.86,0.8,68.17,582.4,0.0,36.95
2023-03-15 10:00:00,2023-03-15 11:00:00,,,2.25,36.78,22.14,15.7,40.51,0.48,23.85,1.63,12.53,1.29,159.22,728.1,0.0,38.97
2023-03-15 11:00:00,2023-03-15 12:00:00,50.75,55.59,2.04,31.74,19.35,14.23,53.29,0.43,19.02,2.31,11.07,1.25,133.94,774.52,0.0,39.96
2023-03-15 12:00:00,2023-03-15 13:00:00,49.98,61.81,4.34,33.08,21.97,16.77,30.73,0.45,18.12,1.07,8.88,0.65,129.86,779.17,0.0,40.85
2023-03-15 13:00:00,2023-03-15 14:00:00,44.99,59.22,2.08,26.61,16.8,12.74,19.77,0.36,17.59,0.84,7.3,0.91,170.57,757.3,0.0,41.63
2023-03-15 14:00:00,2023-03-15 15:00:00,34.46,49.19,1.39,23.96,14.78,11.37,16.4,0.3,17.3,0.64,6.79,0.82,181.65,604.0,0.0,41.76
2023-03-15 15:00:00,2023-03-15 16:00:00,26.71,60.33,1.25,25.47,15.45,10.92,15.32,0.35,16.59,0.47,7.86,0.66,267.45,336.25,0.0,40.85
2023-03-15 16:00:00,2023-03-15 17:00:00,25.61,78.59,1.16,24.51,14.89,10.54,14.24,0.38,16.94,0.62,9.79,0.48,194.77,128.7,0.0,39.08
2023-03-15 17:00:00,2023-03-15 18:00:00,25.93,103.0,1.27,49.54,28.34,18.3,14.36,0.92,14.64,1.51,16.16,0.82,257.5,50.1,0.0,36.55
2023-03-15 18:00:00,2023-03-15 19:00:00,30.3,145.41,1.29,48.48,27.84,20.61,15.54,0.9,12.91,3.04,21.31,0.62,313.9,25.2,0.0,34.43
2023-03-15 19:00:00,2023-03-15 20:00:00,36.89,193.24,1.38,36.05,21.09,15.74,15.35,0.71,13.81,2.44,26.36,0.68,267.11,24.98,0.0,32.28
2023-03-15 20:00:00,2023-03-15 21:00:00,40.45,213.56,1.41,45.66,26.13,19.45,14.37,1.27,11.62,2.68,30.23,0.91,111.92,24.52,0.0,30.93
2023-03-15 21:00:00,2023-03-15 22:00:00,47.82,234.45,1.54,43.19,24.94,20.03,14.55,1.4,13.38,4.49,32.07,0.74,111.52,24.58,0.0,29.97
2023-03-15 22:00:00,2023-03-15 23:00:00,55.05,235.29,1.59,37.2,21.85,17.84,12.93,1.29,11.17,3.66,41.36,0.82,159.45,24.75,0.0,28.33
2023-03-15 23:00:00,2023-03-16 00:00:00,56.91,215.59,1.8,42.39,24.72,19.86,12.06,1.38,9.78,4.82,43.35,0.9,275.22,24.48,0.0,27.55
2023-03-16 00:00:00,2023-03-16 01:00:00,60.71,209.72,1.97,43.92,25.65,20.35,11.51,1.17,11.28,10.65,40.97,0.85,254.67,24.7,0.0,27.8
2023-03-16 01:00:00,2023-03-16 02:00:00,62.87,212.61,2.04,35.48,21.3,18.0,11.56,1.28,9.57,5.76,50.62,1.05,123.38,24.65,0.0,26.68
2023-03-16 02:00:00,2023-03-16 03:00:00,63.42,193.69,2.04,32.82,19.91,17.16,10.08,1.22,10.74,3.81,47.93,0.81,144.97,24.65,0.0,26.72
2023-03-16 03:00:00,2023-03-16 04:00:00,62.94,173.48,2.13,33.23,20.2,17.42,9.31,1.25,9.32,4.19,52.65,0.74,222.22,24.87,0.0,26.4
2023-03-16 04:00:00,2023-03-16 05:00:00,63.56,167.86,2.29,34.68,21.07,17.84,7.06,1.24,9.64,4.76,50.37,0.59,256.46,24.6,0.0,26.33
2023-03-16 05:00:00,2023-03-16 06:00:00,64.16,171.56,2.52,38.34,23.16,19.16,7.48,1.2,10.67,4.96,47.78,0.74,334.77,24.75,0.0,26.34
2023-03-16 06:00:00,2023-03-16 07:00:00,59.45,181.43,5.75,41.74,27.43,23.45,6.85,1.15,15.18,4.34,56.77,0.76,101.58,39.3,0.0,25.52
2023-03-16 07:00:00,2023-03-16 08:00:00,60.35,206.61,10.1,40.06,29.65,23.96,6.37,1.28,12.83,4.46,55.11,0.81,130.63,99.23,0.0,26.58
2023-03-16 08:00:00,2023-03-16 09:00:00,66.13,233.46,4.68,36.57,23.9,20.63,7.99,1.18,12.54,4.08,44.4,1.0,129.7,172.73,0.0,29.71
2023-03-16 09:00:00,2023-03-16 10:00:00,66.49,229.16,2.47,32.56,20.11,17.58,11.05,1.0,13.73,3.26,32.24,0.58,221.58,209.48,0.0,32.87
2023-03-16 10:00:00,2023-03-16 11:00:00,64.34,240.05,1.65,28.78,17.49,15.9,18.7,0.6,14.7,2.37,32.76,1.08,161.12,65.75,0.0,31.14
2023-03-16 11:00:00,2023-03-16 12:00:00,60.27,270.22,1.43,24.51,15.09,12.99,20.41,0.67,16.51,1.0,39.35,1.4,264.89,108.12,0.0,30.05
2023-03-16 12:00:00,2023-03-16 13:00:00,52.73,242.16,2.81,29.69,18.86,15.91,8.34,0.37,15.8,0.76,62.55,1.15,197.0,69.58,0.1,26.75
2023-03-16 13:00:00,2023-03-16 14:00:00,45.35,185.49,3.08,29.11,18.78,15.99,8.02,0.33,17.89,0.64,62.26,1.2,111.4,191.47,0.0,27.27
2023-03-16 14:00:00,2023-03-16 15:00:00,35.88,134.29,1.75,27.61,16.96,15.28,6.8,0.34,17.84,0.66,54.07,0.99,120.11,136.42,0.0,28.72
2023-03-16 15:00:00,2023-03-16 16:00:00,29.02,78.8,1.48,24.63,15.2,14.2,5.95,0.32,17.43,0.58,47.31,0.74,75.29,230.53,0.0,30.62
2023-03-16 16:00:00,2023-03-16 17:00:00,29.83,40.8,1.28,21.29,13.3,12.94,4.79,0.38,19.57,0.65,43.95,0.82,78.08,147.65,0.0,31.3
2023-03-16 17:00:00,2023-03-16 18:00:00,34.12,49.51,2.53,28.11,18.08,16.41,5.33,0.43,15.98,0.74,52.6,0.78,238.04,51.75,0.0,29.5
2023-03-16 18:00:00,2023-03-16 19:00:00,35.66,53.41,1.94,41.92,24.58,20.3,5.07,0.74,12.04,1.81,59.36,0.42,245.78,25.27,0.0,27.65
2023-03-16 19:00:00,2023-03-16 20:00:00,42.15,72.8,2.13,45.14,26.41,23.51,5.7,1.06,13.97,6.71,59.1,0.55,199.65,24.77,0.0,27.07
2023-03-16 20:00:00,2023-03-16 21:00:00,55.72,102.06,2.26,46.85,27.41,24.15,4.83,0.96,13.37,7.04,56.32,0.93,182.59,24.85,0.0,26.56
2023-03-16 21:00:00,2023-03-16 22:00:00,59.62,107.09,2.25,33.89,20.63,18.86,4.78,0.69,14.53,3.89,59.32,0.78,149.14,24.82,0.0,26.11
2023-03-16 22:00:00,2023-03-16 23:00:00,56.0,95.08,2.45,37.01,22.41,19.68,4.55,0.7,11.95,2.09,64.0,0.89,94.65,25.0,0.0,25.55
2023-03-16 23:00:00,2023-03-17 00:00:00,51.63,88.88,2.54,32.92,20.35,18.11,4.83,0.58,11.28,1.51,68.84,0.89,221.49,24.7,0.0,24.56
2023-03-17 00:00:00,2023-03-17 01:00:00,49.86,77.23,2.42,31.14,19.32,17.64,3.45,0.5,11.9,1.68,63.03,0.85,131.97,24.65,0.0,25.32
2023-03-17 01:00:00,2023-03-17 02:00:00,48.79,68.95,2.38,29.55,18.46,17.33,4.17,0.48,12.49,1.51,63.6,0.68,171.13,24.85,0.0,25.51
2023-03-17 02:00:00,2023-03-17 03:00:00,47.03,65.92,2.46,29.3,18.39,17.16,3.92,0.48,11.29,1.68,64.74,0.91,217.09,25.07,0.0,25.39
2023-03-17 03:00:00,2023-03-17 04:00:00,43.45,59.98,2.73,31.71,19.86,18.14,3.55,0.5,8.13,1.68,70.05,0.95,142.03,24.92,0.0,24.67
2023-03-17 04:00:00,2023-03-17 05:00:00,42.53,57.39,2.61,29.32,18.52,17.5,6.27,0.56,12.24,1.89,60.72,0.84,146.03,24.57,0.0,25.58
2023-03-17 05:00:00,2023-03-17 06:00:00,42.78,65.99,2.44,30.24,18.86,17.79,7.36,0.6,18.13,2.85,60.25,1.06,119.52,24.92,0.0,25.76
2023-03-17 06:00:00,2023-03-17 07:00:00,44.79,72.66,4.17,38.38,24.46,22.48,7.08,0.75,8.93,4.95,68.13,0.98,184.6,32.02,0.0,25.09
2023-03-17 07:00:00,2023-03-17 08:00:00,48.01,80.69,9.47,36.24,27.44,23.42,6.54,0.73,12.88,3.51,72.0,0.87,208.62,44.23,0.0,25.02
2023-03-17 08:00:00,2023-03-17 09:00:00,48.34,93.41,8.75,37.89,27.74,24.12,6.06,0.81,10.85,2.46,63.16,1.28,128.3,159.05,0.0,26.75
2023-03-17 09:00:00,2023-03-17 10:00:00,50.72,103.54,3.54,33.72,21.53,19.89,8.36,0.65,16.63,2.21,43.41,1.38,162.59,363.75,0.0,30.52
2023-03-17 10:00:00,2023-03-17 11:00:00,51.4,99.0,2.37,32.33,19.9,19.36,15.77,0.54,20.09,1.17,34.27,1.35,151.36,687.0,0.0,33.39
2023-03-17 11:00:00,2023-03-17 12:00:00,49.69,89.87,1.71,26.82,16.52,16.91,6.52,0.53,29.71,1.12,30.15,1.18,196.17,732.62,0.0,34.91
2023-03-17 12:00:00,2023-03-17 13:00:00,50.09,88.67,4.1,33.87,22.64,20.29,4.74,0.55,20.84,1.16,27.11,0.45,156.16,786.72,0.0,36.91
2023-03-17 13:00:00,2023-03-17 14:00:00,48.55,89.07,1.96,33.12,20.0,19.22,4.12,0.51,20.53,0.88,27.36,0.89,147.2,441.02,0.0,36.25
2023-03-17 14:00:00,2023-03-17 15:00:00,40.66,78.1,1.27,24.88,15.16,16.36,3.71,0.51,23.67,1.97,26.11,1.26,176.21,591.5,0.0,36.84
2023-03-17 15:00:00,2023-03-17 16:00:00,35.66,78.35,1.18,23.86,14.56,14.49,3.45,0.46,24.2,1.0,26.27,0.85,163.81,336.57,0.0,36.41
2023-03-17 16:00:00,2023-03-17 17:00:00,37.95,71.26,1.07,22.47,13.75,14.18,8.73,0.6,23.23,1.56,31.73,1.71,150.95,115.67,0.0,34.62
2023-03-17 17:00:00,2023-03-17 18:00:00,42.8,80.12,1.02,21.04,12.97,13.53,8.8,0.62,22.73,4.91,35.2,1.66,140.84,39.52,0.0,33.23
2023-03-17 18:00:00,2023-03-17 19:00:00,51.39,99.09,1.19,22.81,14.02,14.36,5.82,0.59,20.38,1.71,50.34,1.18,95.04,24.95,0.0,30.29
2023-03-17 19:00:00,2023-03-17 20:00:00,48.69,95.08,1.16,24.16,14.7,14.56,5.99,0.59,21.77,1.29,44.06,1.26,135.31,24.3,0.0,30.29
2023-03-17 20:00:00,2023-03-17 21:00:00,45.29,81.33,2.88,34.28,21.51,18.73,4.46,0.58,15.83,1.22,52.04,1.71,265.93,25.3,0.0,28.86
2023-03-17 21:00:00,2023-03-17 22:00:00,44.67,77.91,1.49,29.73,17.86,17.04,5.06,0.57,15.64,0.43,73.94,1.12,53.16,25.02,0.15,26.12
2023-03-17 22:00:00,2023-03-17 23:00:00,35.81,63.83,1.8,27.3,16.84,17.42,3.21,0.42,12.98,0.68,86.53,1.06,344.46,24.88,0.0,24.65
2023-03-17 23:00:00,2023-03-18 00:00:00,24.23,44.34,2.12,30.79,18.91,20.38,3.49,0.46,12.29,0.59,86.03,0.59,134.01,24.65,0.05,24.88
2023-03-18 00:00:00,2023-03-18 01:00:00,19.11,32.14,2.13,32.17,19.63,21.06,4.92,0.51,14.7,0.57,87.54,1.43,198.23,25.75,2.0,23.81
2023-03-18 01:00:00,2023-03-18 02:00:00,,,1.76,26.52,16.4,18.45,4.87,0.33,17.77,0.39,96.92,1.11,114.42,25.08,0.65,22.4
2023-03-18 02:00:00,2023-03-18 03:00:00,,,1.93,28.15,17.39,18.05,4.43,0.34,14.41,0.46,97.28,1.19,125.8,25.1,0.0,22.45
2023-03-18 03:00:00,2023-03-18 04:00:00,,,2.2,27.3,17.15,18.31,4.55,0.35,13.14,0.47,96.41,1.1,152.05,24.98,0.05,22.59
2023-03-18 04:00:00,2023-03-18 05:00:00,,,2.31,30.16,18.72,19.2,3.54,0.35,13.1,0.62,84.67,1.59,146.38,25.98,0.0,23.26
2023-03-18 05:00:00,2023-03-18 06:00:00,,,2.57,33.21,20.52,20.23,3.45,0.33,10.09,0.48,86.22,0.79,192.31,25.88,0.0,22.93
2023-03-18 06:00:00,2023-03-18 07:00:00,13.73,18.48,3.15,30.22,19.41,19.77,3.16,0.38,8.32,0.77,89.2,1.04,262.67,54.3,0.0,22.96
2023-03-18 07:00:00,2023-03-18 08:00:00,14.93,20.1,4.22,32.02,21.17,21.72,3.02,0.51,9.33,1.0,81.62,0.55,109.75,159.22,0.0,24.96
2023-03-18 08:00:00,2023-03-18 09:00:00,16.94,20.85,3.73,27.93,18.65,19.34,2.83,0.38,13.79,1.29,63.61,0.88,39.76,277.27,0.0,27.89
2023-03-18 09:00:00,2023-03-18 10:00:00,18.05,20.2,3.14,27.71,18.09,19.48,2.17,0.37,13.58,0.52,62.95,0.59,204.92,117.33,0.0,27.84
2023-03-18 10:00:00,2023-03-18 11:00:00,17.23,20.1,3.44,40.17,24.83,24.46,2.47,0.76,11.75,1.31,72.05,0.84,343.36,116.0,0.0,26.95
2023-03-18 11:00:00,2023-03-18 12:00:00,25.93,31.12,2.25,35.36,21.4,22.7,7.6,0.57,13.71,2.26,85.05,1.12,106.41,105.95,0.05,24.62
2023-03-18 12:00:00,2023-03-18 13:00:00,24.96,28.84,1.97,29.17,17.94,20.01,7.58,0.52,13.92,0.87,82.8,0.6,247.53,116.65,0.0,25.06
2023-03-18 13:00:00,2023-03-18 14:00:00,22.77,24.71,1.65,25.71,15.89,18.52,4.79,0.4,14.75,1.11,88.33,1.14,349.77,83.58,0.65,23.19
2023-03-18 14:00:00,2023-03-18 15:00:00,20.62,26.24,1.7,22.54,14.27,16.99,4.73,0.33,14.56,0.42,94.69,1.05,183.43,104.78,0.05,22.63
2023-03-18 15:00:00,2023-03-18 16:00:00,18.65,25.89,1.95,22.13,14.25,16.99,4.93,0.33,13.86,0.42,91.92,1.12,110.47,119.32,0.05,23.34
2023-03-18 16:00:00,2023-03-18 17:00:00,18.77,24.04,2.04,23.36,14.96,18.11,4.78,0.38,12.83,1.33,88.62,1.02,164.31,102.22,0.0,23.78
2023-03-18 17:00:00,2023-03-18 18:00:00,19.43,24.62,3.12,30.59,19.58,20.82,4.9,0.44,10.76,2.25,88.02,1.04,221.41,66.05,0.0,23.94
2023-03-18 18:00:00,2023-03-18 19:00:00,18.79,34.46,2.82,27.12,17.53,19.64,4.57,0.49,9.62,0.98,93.42,0.67,178.48,25.55,0.0,23.15
2023-03-18 19:00:00,2023-03-18 20:00:00,18.49,43.61,3.72,29.4,19.42,20.42,4.57,0.63,7.3,1.25,96.97,0.74,160.55,24.45,0.0,22.49
2023-03-18 20:00:00,2023-03-18 21:00:00,22.34,43.94,7.05,36.18,25.53,24.8,3.09,0.95,5.0,2.92,97.23,0.69,145.52,24.52,0.0,22.12
2023-03-18 21:00:00,2023-03-18 22:00:00,29.91,49.69,6.44,35.34,24.62,24.37,3.25,1.0,4.87,4.13,97.23,0.55,246.2,24.48,0.0,21.85
2023-03-18 22:00:00,2023-03-18 23:00:00,35.83,52.52,8.36,38.74,27.88,26.07,3.1,0.94,3.78,3.61,97.23,0.62,271.52,24.55,0.0,21.9
2023-03-18 23:00:00,2023-03-19 00:00:00,35.57,51.95,10.5,39.15,29.75,26.77,2.82,0.82,2.92,2.8,97.23,0.86,86.25,24.8,0.0,21.61
2023-03-19 00:00:00,2023-03-19 01:00:00,31.76,50.13,6.68,29.37,21.68,20.34,3.35,0.49,4.33,1.21,97.23,1.01,139.68,24.62,0.0,21.37
2023-03-19 01:00:00,2023-03-19 02:00:00,30.07,45.06,6.83,29.64,21.95,20.68,3.87,0.58,5.63,3.03,97.22,0.79,271.99,24.75,0.0,21.44
2023-03-19 02:00:00,2023-03-19 03:00:00,30.42,40.47,8.74,32.29,24.8,22.22,3.32,0.66,3.21,2.45,97.23,0.69,174.41,24.7,0.0,21.38
2023-03-19 03:00:00,2023-03-19 04:00:00,28.79,40.58,8.47,34.11,25.54,22.86,3.57,0.63,3.62,2.97,97.23,0.62,191.69,24.7,0.0,21.05
2023-03-19 04:00:00,2023-03-19 05:00:00,28.35,36.24,9.87,32.72,25.91,22.79,3.72,0.57,2.95,2.57,97.26,1.08,84.41,24.72,0.0,20.87
2023-03-19 05:00:00,2023-03-19 06:00:00,28.29,32.08,8.15,28.92,22.59,20.07,3.69,0.43,3.71,1.07,97.27,0.81,173.26,24.92,0.0,20.76
2023-03-19 06:00:00,2023-03-19 07:00:00,25.82,29.59,7.6,28.66,22.02,19.83,3.77,0.42,4.26,0.74,97.26,0.52,147.86,50.03,0.0,21.04
2023-03-19 07:00:00,2023-03-19 08:00:00,23.43,28.88,7.5,28.1,21.66,19.45,3.32,0.43,5.62,0.81,97.09,0.78,119.46,42.38,0.0,22.07
2023-03-19 08:00:00,2023-03-19 09:00:00,22.59,29.35,7.61,28.98,22.21,20.34,3.51,0.59,7.45,1.75,91.95,0.84,94.91,39.92,0.0,23.71
2023-03-19 09:00:00,2023-03-19 10:00:00,,,6.71,29.28,21.67,20.09,3.81,0.52,11.17,1.89,75.87,0.73,77.34,243.93,0.0,25.74
2023-03-19 10:00:00,2023-03-19 11:00:00,,,5.55,29.23,20.75,19.64,4.29,0.51,16.12,1.36,63.14,0.91,135.06,417.25,0.0,28.01
2023-03-19 11:00:00,2023-03-19 12:00:00,,,7.6,39.43,27.65,24.85,4.85,0.43,13.75,0.57,57.77,0.59,141.58,420.85,0.0,29.19
2023-03-19 12:00:00,2023-03-19 13:00:00,,,4.9,33.99,22.72,21.4,4.05,0.36,15.38,0.7,54.85,0.32,164.1,467.33,0.0,30.63
2023-03-19 13:00:00,2023-03-19 14:00:00,,,3.7,31.45,20.47,19.85,3.47,0.34,16.58,0.49,52.62,0.56,274.93,424.2,0.0,31.26
2023-03-19 14:00:00,2023-03-19 15:00:00,,,2.72,28.55,18.2,19.51,3.38,0.32,17.81,0.45,50.7,0.59,144.25,437.45,0.0,31.26
2023-03-19 15:00:00,2023-03-19 16:00:00,,,2.43,28.64,18.02,19.43,3.35,0.29,18.38,0.41,45.5,0.56,152.35,507.45,0.0,32.04
2023-03-19 16:00:00,2023-03-19 17:00:00,17.16,19.29,3.08,38.53,23.69,23.25,3.6,0.3,15.61,0.61,49.21,0.85,155.77,119.07,0.0,30.92
2023-03-19 17:00:00,2023-03-19 18:00:00,16.57,19.83,2.46,38.82,23.36,23.04,3.25,0.36,14.01,1.26,54.0,0.9,192.5,47.75,0.0,29.36
2023-03-19 18:00:00,2023-03-19 19:00:00,,,2.68,41.66,25.02,24.57,2.97,0.61,11.46,2.24,65.04,1.02,309.54,25.22,0.0,27.09
2023-03-19 19:00:00,2023-03-19 20:00:00,,,3.83,49.4,29.95,28.15,3.13,0.8,7.93,2.63,70.45,0.99,293.94,24.57,0.0,25.97
2023-03-19 20:00:00,2023-03-19 21:00:00,,,4.79,46.85,29.37,27.68,2.58,0.91,7.67,3.48,76.5,0.7,126.81,24.28,0.0,25.56
2023-03-19 21:00:00,2023-03-19 22:00:00,28.41,34.63,3.86,33.93,21.89,18.0,3.3,0.3,15.77,0.96,92.75,0.93,159.31,27.13,1.67,21.16
2023-03-19 22:00:00,2023-03-19 23:00:00,22.35,33.39,2.54,33.6,20.7,18.67,3.16,0.35,12.34,0.33,97.26,1.02,90.96,24.6,0.47,20.48
2023-03-19 23:00:00,2023-03-20 00:00:00,17.33,30.09,2.43,30.26,18.87,17.18,2.92,0.27,10.93,0.26,97.27,0.94,144.84,24.38,0.05,20.43
2023-03-20 00:00:00,2023-03-20 01:00:00,12.68,22.76,2.79,31.51,19.8,17.4,3.93,0.29,8.79,0.25,97.27,0.49,299.69,24.3,0.0,20.54
2023-03-20 01:00:00,2023-03-20 02:00:00,9.88,16.83,3.43,32.54,20.84,17.65,4.33,0.34,7.8,0.64,97.26,0.6,270.41,24.07,0.0,20.56
2023-03-20 02:00:00,2023-03-20 03:00:00,9.54,12.42,3.88,33.67,21.77,18.49,4.28,0.6,7.23,1.02,97.26,0.67,164.93,24.0,0.0,20.73
2023-03-20 03:00:00,2023-03-20 04:00:00,10.29,10.56,4.23,31.33,20.82,17.16,4.13,0.41,6.73,2.03,97.27,1.18,120.12,24.25,0.0,20.64
2023-03-20 04:00:00,2023-03-20 05:00:00,,,4.41,30.06,20.3,16.41,3.62,0.32,7.8,0.34,97.27,0.71,133.15,24.53,0.0,20.78
2023-03-20 05:00:00,2023-03-20 06:00:00,,,4.66,30.65,20.79,16.48,4.34,0.34,6.64,0.4,97.29,0.75,229.91,24.6,0.0,20.48
2023-03-20 06:00:00,2023-03-20 07:00:00,,,5.34,31.39,21.71,17.37,4.08,0.41,6.29,1.0,97.3,0.94,160.93,54.8,0.0,20.45
2023-03-20 07:00:00,2023-03-20 08:00:00,,,4.94,28.62,19.95,16.89,4.1,0.36,8.37,1.79,97.3,0.94,138.38,116.05,0.0,21.01
2023-03-20 08:00:00,2023-03-20 09:00:00,,,4.72,28.12,19.52,16.42,1.54,0.3,11.33,0.91,95.18,0.98,150.89,217.98,0.0,22.66
2023-03-20 09:00:00,2023-03-20 10:00:00,,,4.69,28.57,19.73,17.25,1.52,0.31,11.92,1.43,80.25,0.66,173.16,475.25,0.0,25.27
2023-03-20 10:00:00,2023-03-20 11:00:00,,,7.03,35.34,25.08,21.65,2.74,0.35,13.56,0.49,62.2,0.72,142.77,758.65,0.0,28.73
2023-03-20 11:00:00,2023-03-20 12:00:00,,,6.61,36.05,25.13,21.26,2.48,0.34,14.5,0.62,50.42,0.55,104.8,793.68,0.0,31.36
2023-03-20 12:00:00,2023-03-20 13:00:00,,,5.1,34.13,22.95,20.04,3.29,0.27,15.27,0.49,45.99,0.37,76.34,801.3,0.0,32.76
2023-03-20 13:00:00,2023-03-20 14:00:00,15.7,28.44,2.96,29.24,18.74,17.12,1.75,0.28,18.46,0.45,38.67,0.59,240.06,811.45,0.0,34.19
2023-03-20 14:00:00,2023-03-20 15:00:00,12.57,28.04,2.21,25.94,16.45,15.32,2.8,0.21,18.46,0.35,31.95,0.41,273.0,770.27,0.0,35.64
2023-03-20 15:00:00,2023-03-20 16:00:00,13.82,34.23,2.92,30.68,19.47,18.65,8.02,0.48,18.37,0.27,41.13,1.45,93.96,481.5,0.0,32.44
2023-03-20 16:00:00,2023-03-20 17:00:00,15.54,34.41,2.55,30.06,18.86,18.05,4.74,0.25,16.34,0.26,38.64,0.91,29.3,117.93,0.0,31.75
2023-03-20 17:00:00,2023-03-20 18:00:00,12.81,30.32,1.66,23.8,14.9,15.01,4.84,0.23,14.19,0.34,48.39,0.85,90.44,51.65,0.0,30.26
2023-03-20 18:00:00,2023-03-20 19:00:00,13.88,29.2,1.66,24.53,15.28,14.88,3.89,0.22,13.52,0.34,58.74,1.03,117.8,24.95,0.0,28.02
2023-03-20 19:00:00,2023-03-20 20:00:00,15.58,28.73,2.48,28.12,17.79,16.11,4.45,0.3,12.36,0.54,66.71,1.01,118.07,24.45,0.0,26.64
2023-03-20 20:00:00,2023-03-20 21:00:00,16.58,26.24,2.69,28.14,17.96,16.3,2.5,0.33,12.3,0.72,71.98,1.24,102.55,24.13,0.0,25.91
2023-03-20 21:00:00,2023-03-20 22:00:00,17.73,27.15,2.88,30.24,19.21,17.43,3.25,0.3,9.26,0.48,75.76,0.98,154.68,24.23,0.0,25.01
2023-03-20 22:00:00,2023-03-20 23:00:00,16.23,28.78,3.35,33.63,21.34,18.97,3.68,0.36,6.61,0.43,79.34,0.8,108.67,24.25,0.0,24.1
2023-03-20 23:00:00,2023-03-21 00:00:00,15.05,27.0,4.23,33.21,21.81,18.32,3.57,0.35,6.75,0.54,79.87,0.71,147.33,24.2,0.0,24.25
2023-03-21 00:00:00,2023-03-21 01:00:00,17.1,26.47,4.37,32.73,21.66,18.5,4.25,0.33,5.42,0.68,83.91,0.59,234.84,24.53,0.0,23.63
2023-03-21 01:00:00,2023-03-21 02:00:00,17.35,28.11,4.71,31.27,21.16,18.06,4.18,0.33,6.32,0.45,85.85,0.98,270.86,24.33,0.0,23.14
2023-03-21 02:00:00,2023-03-21 03:00:00,15.25,29.76,4.54,29.01,19.85,17.3,4.03,0.33,5.39,0.52,88.28,0.69,288.0,24.28,0.0,22.78
2023-03-21 03:00:00,2023-03-21 04:00:00,13.4,28.37,4.73,29.11,20.05,17.4,3.89,0.41,4.86,0.56,91.42,0.63,144.34,24.15,0.0,22.3
2023-03-21 04:00:00,2023-03-21 05:00:00,13.52,26.24,5.98,35.66,24.44,19.93,4.86,0.49,5.43,0.85,93.76,0.95,180.78,24.43,0.65,22.74
2023-03-21 05:00:00,2023-03-21 06:00:00,18.02,25.46,4.91,30.64,20.98,17.91,5.39,0.4,8.16,1.81,97.06,0.78,184.58,24.87,0.0,22.58
2023-03-21 06:00:00,2023-03-21 07:00:00,20.58,24.61,5.08,27.1,19.27,16.97,5.02,0.39,6.21,0.64,97.25,0.96,298.88,34.62,0.0,22.8
2023-03-21 07:00:00,2023-03-21 08:00:00,21.84,26.4,6.25,32.67,23.08,20.09,5.38,0.91,5.91,2.71,97.15,0.75,196.11,52.28,0.0,23.52
2023-03-21 08:00:00,2023-03-21 09:00:00,26.12,29.2,9.76,34.66,26.83,23.12,3.46,0.91,5.25,4.37,94.98,0.38,232.24,139.4,0.0,24.58
2023-03-21 09:00:00,2023-03-21 10:00:00,,,8.19,36.1,26.38,23.17,3.88,0.79,5.33,3.92,87.17,1.46,137.33,119.85,0.0,25.05
2023-03-21 10:00:00,2023-03-21 11:00:00,,4.94,4.96,28.22,19.77,18.12,2.89,0.43,15.54,2.23,72.08,1.06,128.18,617.88,0.0,27.82
2023-03-21 11:00:00,2023-03-21 12:00:00,,,2.98,26.09,17.11,16.0,2.2,0.29,17.08,0.69,50.67,0.48,137.69,619.98,0.0,31.36
2023-03-21 12:00:00,2023-03-21 13:00:00,,,2.37,22.59,14.82,14.21,1.99,0.26,19.24,0.54,43.67,0.47,154.27,705.92,0.0,32.54
2023-03-21 13:00:00,2023-03-21 14:00:00,,,2.31,21.84,14.38,13.56,1.93,0.24,18.71,0.4,37.47,0.57,162.97,785.45,0.0,34.32
2023-03-21 14:00:00,2023-03-21 15:00:00,,,1.86,21.49,13.85,13.41,1.55,0.23,19.48,0.29,35.2,0.67,200.0,728.55,0.0,34.93
2023-03-21 15:00:00,2023-03-21 16:00:00,,,1.72,20.98,13.47,12.93,2.02,0.21,23.3,0.26,34.37,0.5,131.13,490.98,0.0,34.75
2023-03-21 16:00:00,2023-03-21 17:00:00,,,1.65,21.35,13.61,13.14,3.29,0.21,19.93,0.24,38.57,0.45,240.3,123.02,0.0,32.88
2023-03-21 17:00:00,2023-03-21 18:00:00,,,2.33,30.51,18.93,17.18,3.76,0.33,14.99,0.3,48.11,0.67,278.33,51.22,0.0,30.8
2023-03-21 18:00:00,2023-03-21 19:00:00,15.1,43.46,2.5,36.08,21.97,19.96,3.85,0.51,11.84,1.06,56.59,0.94,273.78,25.2,0.0,29.02
2023-03-21 19:00:00,2023-03-21 20:00:00,20.64,64.89,7.13,47.93,31.73,28.53,4.03,0.67,8.19,1.99,62.09,0.97,269.27,24.43,0.0,28.52
2023-03-21 20:00:00,2023-03-21 21:00:00,27.6,84.08,3.9,38.5,24.31,22.23,2.3,0.68,10.07,2.08,67.51,0.78,195.34,24.72,0.0,27.97
2023-03-21 21:00:00,2023-03-21 22:00:00,25.9,83.95,4.03,32.71,21.38,19.38,2.08,0.44,9.18,1.64,76.52,0.87,90.69,24.48,0.0,26.39
2023-03-21 22:00:00,2023-03-21 23:00:00,26.73,76.57,3.77,28.15,18.8,17.59,2.24,0.38,10.29,0.62,75.56,0.88,184.9,24.1,0.0,25.95
2023-03-21 23:00:00,2023-03-22 00:00:00,25.98,67.65,3.31,26.89,17.79,17.54,2.25,0.38,10.42,1.08,74.0,0.76,176.98,24.65,0.0,26.21
2023-03-22 00:00:00,2023-03-22 01:00:00,25.37,66.35,6.34,25.69,19.5,18.43,2.27,0.33,8.18,0.7,79.62,0.83,146.69,24.57,0.0,25.47
2023-03-22 01:00:00,2023-03-22 02:00:00,24.29,66.14,4.62,23.63,17.09,17.14,2.35,0.34,8.75,0.58,81.84,0.91,202.44,24.35,0.0,24.78
2023-03-22 02:00:00,2023-03-22 03:00:00,22.58,65.05,4.33,22.98,16.53,16.96,2.52,0.33,10.21,1.17,82.98,0.92,312.82,24.43,0.1,24.55
2023-03-22 03:00:00,2023-03-22 04:00:00,17.14,52.9,5.72,25.2,18.77,18.03,2.12,0.35,7.67,0.66,92.88,0.79,165.7,24.43,0.0,23.75
2023-03-22 04:00:00,2023-03-22 05:00:00,17.45,50.71,4.03,22.06,15.82,15.93,3.92,0.29,7.03,1.14,93.49,0.77,104.44,24.48,0.0,23.44
2023-03-22 05:00:00,2023-03-22 06:00:00,16.33,43.24,4.33,20.05,15.01,14.85,4.0,0.27,8.21,0.41,93.05,0.82,262.92,24.95,0.0,22.65
2023-03-22 06:00:00,2023-03-22 07:00:00,15.77,36.02,6.0,30.23,21.61,19.29,4.65,0.62,7.98,3.23,87.17,0.56,184.33,58.65,0.0,23.46
2023-03-22 07:00:00,2023-03-22 08:00:00,19.02,46.2,5.55,28.87,20.55,18.39,4.29,0.63,11.1,5.07,73.25,0.97,160.95,191.4,0.0,25.83
2023-03-22 08:00:00,2023-03-22 09:00:00,22.72,52.02,4.04,22.07,15.83,15.22,2.94,0.32,14.35,2.03,60.23,0.99,164.04,448.43,0.0,29.01
2023-03-22 09:00:00,2023-03-22 10:00:00,22.08,41.41,3.87,25.38,17.43,15.81,2.98,0.29,15.71,0.84,47.8,0.58,140.58,660.88,0.0,32.25
2023-03-22 10:00:00,2023-03-22 11:00:00,19.76,40.61,5.07,32.13,21.89,18.32,2.94,0.28,15.71,0.51,38.48,0.33,135.87,738.62,0.0,34.88
2023-03-22 11:00:00,2023-03-22 12:00:00,16.19,42.61,3.08,26.51,17.41,16.24,5.29,0.26,17.96,0.41,36.39,0.56,208.05,765.25,0.0,35.86
2023-03-22 12:00:00,2023-03-22 13:00:00,14.3,43.95,2.26,21.54,14.19,15.39,10.17,0.24,19.87,0.33,35.89,0.82,210.59,769.3,0.0,36.56
2023-03-22 13:00:00,2023-03-22 14:00:00,17.0,44.93,1.58,17.29,11.44,14.01,5.45,0.29,21.08,0.27,35.47,0.94,217.7,302.18,0.0,35.48
2023-03-22 14:00:00,2023-03-22 15:00:00,17.01,56.09,1.61,19.83,12.78,14.3,6.53,0.6,17.68,0.25,53.17,1.24,348.49,102.48,0.05,28.74
2023-03-22 15:00:00,2023-03-22 16:00:00,16.18,61.36,2.21,23.13,14.98,15.87,3.89,0.3,13.31,0.3,66.19,0.85,134.45,73.03,0.1,28.01
2023-03-22 16:00:00,2023-03-22 17:00:00,19.45,60.53,3.01,35.46,22.04,21.73,2.12,0.7,10.72,3.83,73.61,0.56,130.74,84.73,0.0,27.16
2023-03-22 17:00:00,2023-03-22 18:00:00,20.66,55.81,2.58,28.11,17.86,19.02,2.07,0.36,11.03,1.83,74.52,0.59,189.16,50.32,0.0,27.33
2023-03-22 18:00:00,2023-03-22 19:00:00,19.87,52.33,5.43,35.33,23.84,22.93,2.08,0.47,7.75,0.59,80.31,0.67,211.6,24.77,0.0,26.29
2023-03-22 19:00:00,2023-03-22 20:00:00,16.2,46.55,11.82,38.55,30.46,26.36,2.0,0.86,5.79,1.65,85.29,0.74,142.78,24.15,0.0,25.76
2023-03-22 20:00:00,2023-03-22 21:00:00,28.28,57.52,7.42,34.8,25.1,24.42,3.79,0.71,4.57,6.02,92.34,0.55,221.69,24.1,0.0,24.79
2023-03-22 21:00:00,2023-03-22 22:00:00,29.92,69.05,12.32,37.35,30.22,27.23,4.08,1.12,4.47,3.07,94.69,0.65,183.37,24.02,0.0,24.29
2023-03-22 22:00:00,2023-03-22 23:00:00,34.33,75.62,7.48,31.46,23.4,23.31,4.45,0.68,4.68,5.46,93.47,0.28,192.03,24.02,0.0,23.88
2023-03-22 23:00:00,2023-03-23 00:00:00,30.45,71.56,6.83,26.24,20.17,20.24,4.17,0.55,4.69,1.73,96.39,0.81,325.94,24.15,0.0,23.16
2023-03-23 00:00:00,2023-03-23 01:00:00,24.77,55.5,5.79,20.88,16.57,16.78,3.97,0.39,4.69,0.8,93.93,0.67,282.96,23.97,0.0,22.56
2023-03-23 01:00:00,2023-03-23 02:00:00,20.98,45.23,5.66,21.84,16.97,17.93,3.58,0.38,6.95,0.68,94.99,0.67,90.73,23.9,0.0,22.42
2023-03-23 02:00:00,2023-03-23 03:00:00,18.67,40.87,4.14,18.85,14.23,16.71,3.52,0.34,,0.53,94.71,0.73,196.23,23.95,0.0,22.12
2023-03-23 03:00:00,2023-03-23 04:00:00,16.36,37.4,4.63,20.58,15.51,16.87,3.41,0.34,,0.54,96.94,0.78,284.61,24.02,0.0,21.7
2023-03-23 04:00:00,2023-03-23 05:00:00,15.79,35.02,10.29,21.58,20.41,18.14,3.15,0.46,,0.87,97.23,0.75,142.96,24.07,0.0,21.58
2023-03-23 05:00:00,2023-03-23 06:00:00,23.13,50.84,18.75,25.83,29.17,23.5,3.23,0.58,,10.53,97.24,0.97,69.16,24.93,0.0,21.3
2023-03-23 06:00:00,2023-03-23 07:00:00,25.35,68.35,7.06,17.65,15.86,17.02,3.4,0.33,,1.89,96.17,0.85,143.39,67.65,0.0,21.65
2023-03-23 07:00:00,2023-03-23 08:00:00,25.36,72.86,9.16,24.29,20.95,19.27,3.33,0.56,,3.11,78.75,0.56,126.13,231.6,0.0,25.98
2023-03-23 08:00:00,2023-03-23 09:00:00,33.67,84.27,7.9,24.02,19.84,20.08,3.25,0.56,,3.46,64.59,0.85,39.25,430.23,0.0,29.36
2023-03-23 09:00:00,2023-03-23 10:00:00,37.33,89.8,4.25,22.76,16.36,17.46,2.53,0.4,,1.94,49.93,0.6,107.32,665.15,0.0,32.86
2023-03-23 10:00:00,2023-03-23 11:00:00,35.11,94.16,3.0,26.38,17.29,15.99,13.01,0.33,23.91,1.51,37.71,0.34,103.77,811.45,0.05,35.47
2023-03-23 11:00:00,2023-03-23 12:00:00,32.31,87.18,1.9,22.36,14.34,15.16,12.28,0.27,22.19,0.77,32.51,0.96,162.84,801.55,0.0,36.22
2023-03-23 12:00:00,2023-03-23 13:00:00,29.0,76.97,6.64,41.39,27.94,23.89,5.14,0.4,17.74,0.46,26.58,0.43,171.33,808.15,0.0,38.21
2023-03-23 13:00:00,2023-03-23 14:00:00,28.91,75.7,6.24,43.88,29.0,26.02,4.71,0.34,18.23,0.43,23.7,0.59,69.05,801.87,0.0,38.69
2023-03-23 14:00:00,2023-03-23 15:00:00,31.72,80.7,10.35,55.78,39.27,32.02,7.21,0.36,13.84,0.35,19.62,1.0,170.92,508.72,0.0,38.45
2023-03-23 15:00:00,2023-03-23 16:00:00,24.18,74.22,2.39,40.61,24.25,21.66,3.03,0.32,14.46,0.22,26.82,1.25,203.12,57.75,0.0,34.78
2023-03-23 16:00:00,2023-03-23 17:00:00,23.26,73.18,2.6,40.57,24.39,22.33,3.65,0.36,11.95,1.53,33.65,0.42,184.44,63.75,0.0,33.78
2023-03-23 17:00:00,2023-03-23 18:00:00,25.54,78.18,5.99,37.37,26.32,23.12,2.76,0.32,11.48,3.29,37.84,0.71,240.69,57.02,0.0,33.16
2023-03-23 18:00:00,2023-03-23 19:00:00,24.44,78.42,2.51,36.75,22.32,21.03,2.49,0.4,10.39,0.78,45.77,0.96,307.44,25.07,0.0,31.12
2023-03-23 19:00:00,2023-03-23 20:00:00,22.26,75.33,7.68,49.64,33.05,26.75,2.67,0.94,6.68,2.25,56.67,0.92,139.03,24.55,0.0,30.16
2023-03-23 20:00:00,2023-03-23 21:00:00,36.48,188.13,3.6,35.36,22.44,21.87,4.0,0.51,8.99,3.06,59.81,1.0,111.69,24.53,0.0,29.2
2023-03-23 21:00:00,2023-03-23 22:00:00,35.29,101.14,3.56,34.99,22.21,20.5,4.13,0.55,6.9,1.16,66.78,0.77,126.09,24.5,0.0,27.47
2023-03-23 22:00:00,2023-03-23 23:00:00,31.75,89.44,3.83,32.78,21.27,19.13,4.51,0.46,8.31,1.05,65.64,0.96,318.65,24.35,0.0,26.25
2023-03-23 23:00:00,2023-03-24 00:00:00,27.21,75.3,3.83,27.29,18.4,16.77,4.2,0.34,9.18,0.71,69.66,0.79,210.39,24.3,0.0,25.52
2023-03-24 00:00:00,2023-03-24 01:00:00,26.82,50.64,4.69,31.65,21.34,18.3,5.08,0.39,6.0,0.64,77.2,1.02,99.02,24.02,0.0,25.1
2023-03-24 01:00:00,2023-03-24 02:00:00,27.72,88.7,4.71,25.42,18.1,16.32,4.99,0.34,6.29,0.6,80.21,0.93,147.03,24.08,0.0,24.41
2023-03-24 02:00:00,2023-03-24 03:00:00,27.75,57.0,4.7,25.17,17.97,15.82,5.31,0.31,7.16,0.48,79.46,1.04,303.13,24.27,0.0,24.0
2023-03-24 03:00:00,2023-03-24 04:00:00,23.2,40.68,5.1,25.31,18.35,15.4,5.37,0.29,7.74,0.52,80.14,1.04,88.3,24.05,0.0,23.61
2023-03-24 04:00:00,2023-03-24 05:00:00,21.7,39.13,4.7,24.21,17.46,15.1,2.6,0.27,6.8,0.41,81.28,0.43,168.75,24.15,0.0,23.15
2023-03-24 05:00:00,2023-03-24 06:00:00,21.37,52.98,5.49,25.16,18.57,15.71,2.67,0.3,5.28,0.55,88.08,0.87,312.07,25.08,0.0,22.57
2023-03-24 06:00:00,2023-03-24 07:00:00,19.92,55.01,5.95,24.98,18.83,15.97,2.59,0.26,6.62,0.9,84.52,0.89,111.11,67.25,0.0,23.47
2023-03-24 07:00:00,2023-03-24 08:00:00,18.27,56.5,6.92,23.5,18.8,15.52,2.65,0.23,8.38,0.9,64.23,0.96,122.41,239.73,0.0,27.6
2023-03-24 08:00:00,2023-03-24 09:00:00,18.84,53.24,5.5,23.84,17.88,14.69,3.18,0.23,13.44,0.52,40.97,0.74,117.07,462.2,0.0,32.91
2023-03-24 09:00:00,2023-03-24 10:00:00,19.11,51.81,2.1,17.17,11.78,11.12,2.29,0.28,19.25,0.4,28.98,1.38,156.98,683.35,0.0,35.94
2023-03-24 10:00:00,2023-03-24 11:00:00,10.21,17.71,1.98,22.08,14.25,12.27,7.21,0.18,20.04,0.36,23.89,1.0,202.65,779.72,0.0,37.83
2023-03-24 11:00:00,2023-03-24 12:00:00,10.21,17.71,1.41,18.34,11.85,10.85,0.2,0.18,20.54,0.37,23.09,0.71,80.27,780.6,0.0,38.62
2023-03-24 12:00:00,2023-03-24 13:00:00,16.14,32.69,1.91,25.32,15.89,13.53,4.24,0.22,18.79,0.4,19.94,0.39,161.87,788.53,0.0,40.57
2023-03-24 13:00:00,2023-03-24 14:00:00,18.46,41.65,1.51,21.32,13.48,12.18,3.56,0.24,19.48,0.44,18.08,0.49,197.6,747.55,0.0,41.27
2023-03-24 14:00:00,2023-03-24 15:00:00,17.82,48.1,2.15,23.34,15.12,13.19,3.99,0.29,20.07,0.37,20.7,0.74,242.95,375.98,0.0,39.59
2023-03-24 15:00:00,2023-03-24 16:00:00,18.76,60.54,1.34,17.16,11.18,,7.17,0.2,15.65,0.28,28.17,1.22,269.75,62.65,0.0,34.29
2023-03-24 16:00:00,2023-03-24 17:00:00,20.26,78.8,,,,23.64,7.82,0.2,14.19,0.29,30.88,0.85,68.84,115.52,0.0,34.51
2023-03-24 17:00:00,2023-03-24 18:00:00,20.87,72.78,5.02,21.71,17.44,17.29,9.18,0.27,12.06,0.46,37.9,0.55,194.05,69.27,0.0,33.69
2023-03-24 18:00:00,2023-03-24 19:00:00,26.87,67.48,1.69,24.4,15.24,13.97,5.35,0.32,11.3,0.61,47.97,0.83,270.34,25.0,0.0,31.06
2023-03-24 19:00:00,2023-03-24 20:00:00,27.1,61.64,1.84,24.62,15.47,13.88,5.94,0.34,11.03,0.7,52.11,0.77,156.12,24.22,0.0,30.44
2023-03-24 20:00:00,2023-03-24 21:00:00,25.44,57.21,2.3,31.5,19.41,16.05,1.84,0.45,9.71,0.99,55.4,0.78,215.49,24.32,0.0,29.04
2023-03-24 21:00:00,2023-03-24 22:00:00,29.73,63.23,2.94,31.01,19.66,15.21,1.69,0.38,10.66,0.95,56.68,0.65,191.3,24.15,0.0,28.45
2023-03-24 22:00:00,2023-03-24 23:00:00,29.3,67.66,3.2,29.54,19.09,14.05,1.88,0.31,11.03,0.61,59.27,0.86,206.59,24.38,0.0,27.53
2023-03-24 23:00:00,2023-03-25 00:00:00,27.85,58.85,4.48,30.92,20.8,15.21,1.8,0.35,6.44,0.63,75.57,0.77,189.62,24.2,0.0,26.37
2023-03-25 00:00:00,2023-03-25 01:00:00,29.6,59.48,4.4,27.45,18.92,13.85,3.72,0.29,9.4,0.51,70.94,0.7,195.77,24.12,0.0,26.12
2023-03-25 01:00:00,2023-03-25 02:00:00,28.54,56.58,5.31,29.78,20.85,15.08,3.61,0.3,6.98,0.58,76.68,0.58,241.08,24.1,0.0,25.51
2023-03-25 02:00:00,2023-03-25 03:00:00,27.16,52.8,8.25,28.91,22.66,16.38,3.77,0.32,3.86,0.76,87.16,0.64,202.97,24.18,0.0,24.65
2023-03-25 03:00:00,2023-03-25 04:00:00,24.98,45.19,7.28,27.31,21.07,14.67,3.93,0.28,6.44,0.57,83.92,0.9,112.78,24.05,0.0,24.33
2023-03-25 04:00:00,2023-03-25 05:00:00,27.62,45.34,8.45,27.39,22.02,14.86,3.09,0.24,4.99,0.61,85.07,0.91,121.56,24.05,0.0,23.96
2023-03-25 05:00:00,2023-03-25 06:00:00,25.26,43.73,7.83,27.86,21.8,14.18,3.04,0.25,8.03,0.36,78.04,0.9,246.19,25.05,0.0,24.26
2023-03-25 06:00:00,2023-03-25 07:00:00,26.05,39.38,8.68,31.2,24.19,16.8,3.21,0.51,6.23,0.65,78.12,0.78,262.26,68.72,0.0,24.81
2023-03-25 07:00:00,2023-03-25 08:00:00,29.57,49.1,10.82,32.65,26.61,18.77,3.07,0.51,7.8,2.2,63.4,0.91,110.19,195.82,0.0,29.01
2023-03-25 08:00:00,2023-03-25 09:00:00,37.41,70.02,6.32,27.73,20.55,14.47,3.79,0.43,19.09,1.09,41.33,1.66,153.43,431.93,0.0,33.4
2023-03-25 09:00:00,2023-03-25 10:00:00,36.79,87.04,3.13,28.68,18.59,13.14,3.76,0.46,20.0,0.88,36.16,1.51,158.93,631.62,0.0,35.94
2023-03-25 10:00:00,2023-03-25 11:00:00,38.64,84.96,1.59,23.31,14.59,12.4,12.18,0.5,23.1,0.98,32.75,1.25,165.86,765.5,0.0,37.8
2023-03-25 11:00:00,2023-03-25 12:00:00,38.45,82.88,1.63,24.78,15.39,13.99,15.62,0.42,22.68,0.95,28.5,0.53,128.52,784.9,0.0,39.86
2023-03-25 12:00:00,2023-03-25 13:00:00,40.62,80.98,1.45,19.1,12.28,12.56,8.59,0.35,23.44,0.55,23.58,0.3,182.66,787.98,0.0,41.77
2023-03-25 13:00:00,2023-03-25 14:00:00,41.77,81.89,1.56,19.31,12.47,11.83,1.65,0.3,22.61,0.36,18.61,0.27,124.82,733.48,0.0,42.27
2023-03-25 14:00:00,2023-03-25 15:00:00,38.13,82.11,1.25,17.96,11.53,9.84,2.21,0.3,22.76,0.32,19.04,0.7,177.04,497.0,0.0,41.03
2023-03-25 15:00:00,2023-03-25 16:00:00,34.24,74.8,1.2,17.75,11.38,9.9,2.77,0.32,23.48,0.31,20.99,0.79,110.77,394.53,0.0,40.62
2023-03-25 16:00:00,2023-03-25 17:00:00,37.76,213.16,1.22,20.21,12.68,10.21,7.58,0.75,23.8,0.35,35.8,2.33,266.43,131.5,0.0,35.07
2023-03-25 17:00:00,2023-03-25 18:00:00,48.34,377.85,1.21,19.85,12.49,9.98,4.85,0.41,20.95,0.37,35.89,1.13,115.18,54.1,0.0,34.17
2023-03-25 18:00:00,2023-03-25 19:00:00,48.27,175.86,1.29,21.47,13.4,10.55,3.63,0.38,17.92,0.62,39.93,0.84,107.82,24.62,0.0,32.8
2023-03-25 19:00:00,2023-03-25 20:00:00,45.53,78.44,1.47,25.06,15.41,11.86,3.62,0.51,15.23,0.75,40.44,0.77,173.06,24.35,0.0,32.32
2023-03-25 20:00:00,2023-03-25 21:00:00,42.78,89.76,1.51,28.68,17.33,13.98,3.72,0.64,12.29,1.81,49.11,0.63,239.08,24.23,0.0,31.06
2023-03-25 21:00:00,2023-03-25 22:00:00,48.62,123.92,1.85,35.42,21.11,16.95,3.46,0.84,9.2,2.46,53.99,0.68,202.98,24.23,0.0,30.41
2023-03-25 22:00:00,2023-03-25 23:00:00,59.84,166.88,4.3,49.15,30.18,22.57,3.51,1.12,5.93,7.49,58.29,0.95,236.24,24.35,0.0,29.48
2023-03-25 23:00:00,2023-03-26 00:00:00,64.49,181.11,3.82,41.24,25.68,20.11,3.21,0.75,5.27,5.76,66.31,0.41,147.27,24.18,0.0,28.76
2023-03-26 00:00:00,2023-03-26 01:00:00,67.61,152.58,3.74,37.74,23.79,18.33,2.62,0.67,7.28,2.92,68.4,1.15,338.58,24.35,0.0,28.29
2023-03-26 01:00:00,2023-03-26 02:00:00,65.21,121.77,3.39,25.02,16.88,13.13,2.21,0.36,11.18,1.18,74.63,0.96,234.73,24.25,0.0,27.01
2023-03-26 02:00:00,2023-03-26 03:00:00,55.51,66.47,3.28,23.79,16.15,12.61,2.77,0.34,10.84,0.5,77.19,0.73,318.19,24.0,0.0,26.44
2023-03-26 03:00:00,2023-03-26 04:00:00,37.85,39.53,3.23,25.78,17.15,13.02,2.5,0.38,10.86,0.48,75.39,1.12,230.58,23.9,0.0,26.3
2023-03-26 04:00:00,2023-03-26 05:00:00,37.08,52.53,3.87,26.55,18.05,13.16,3.59,0.36,8.73,0.58,81.73,0.59,198.38,24.12,0.0,25.24
2023-03-26 05:00:00,2023-03-26 06:00:00,35.81,69.19,4.67,27.62,19.22,13.79,3.77,0.37,5.97,0.74,85.64,0.8,249.56,25.08,0.0,24.67
2023-03-26 06:00:00,2023-03-26 07:00:00,34.25,60.04,5.34,27.38,19.61,14.1,3.82,0.4,6.15,1.06,81.6,0.87,252.47,70.92,0.0,25.27
2023-03-26 07:00:00,2023-03-26 08:00:00,39.08,67.35,5.84,29.19,20.95,15.07,4.08,0.61,11.21,3.43,59.62,0.93,129.56,212.4,0.0,29.81
2023-03-26 08:00:00,2023-03-26 09:00:00,46.79,89.01,5.31,27.9,19.87,14.12,2.53,0.56,16.7,2.95,48.4,1.03,71.49,411.85,0.0,33.3
2023-03-26 09:00:00,2023-03-26 10:00:00,51.27,107.57,4.29,29.46,19.89,14.27,3.14,0.66,18.3,1.3,40.06,1.1,95.95,606.35,0.0,35.75
2023-03-26 10:00:00,2023-03-26 11:00:00,50.45,111.85,16.88,58.66,44.95,32.62,6.86,0.47,11.27,0.52,24.42,0.76,3.66,762.7,0.0,39.52
2023-03-26 11:00:00,2023-03-26 12:00:00,46.02,114.21,43.27,74.01,73.94,52.09,17.92,0.75,8.62,0.3,20.99,0.94,11.1,767.77,0.0,40.57
2023-03-26 12:00:00,2023-03-26 13:00:00,47.4,127.6,15.13,51.53,39.79,28.3,9.69,0.36,16.22,0.25,23.97,1.45,182.07,615.18,0.0,40.07
2023-03-26 13:00:00,2023-03-26 14:00:00,56.92,282.21,3.38,32.69,20.87,13.17,5.98,0.69,19.93,0.3,35.5,2.03,266.08,572.25,0.0,35.45
2023-03-26 14:00:00,2023-03-26 15:00:00,57.04,431.76,1.86,27.49,16.98,12.06,3.95,0.45,18.99,0.26,28.88,1.43,12.77,695.28,0.0,38.33
2023-03-26 15:00:00,2023-03-26 16:00:00,44.2,153.68,2.1,27.51,17.18,12.42,3.73,0.37,20.36,0.22,27.93,0.95,46.31,448.3,0.0,38.34
2023-03-26 16:00:00,2023-03-26 17:00:00,36.88,55.47,1.35,21.96,13.7,9.44,2.56,0.27,17.66,0.24,29.64,0.87,84.41,116.82,0.0,36.76
2023-03-26 17:00:00,2023-03-26 18:00:00,34.13,56.49,1.49,22.79,14.24,9.66,2.51,0.34,16.96,0.35,33.77,0.93,30.46,43.67,0.0,35.27
2023-03-26 18:00:00,2023-03-26 19:00:00,33.19,63.6,1.44,24.85,15.28,9.88,4.27,0.43,17.34,0.55,38.39,1.62,183.88,25.0,0.0,33.48
2023-03-26 19:00:00,2023-03-26 20:00:00,35.1,93.56,3.39,34.5,21.82,15.66,4.46,0.3,13.14,0.27,51.29,0.78,216.08,23.88,0.0,30.9
2023-03-26 20:00:00,2023-03-26 21:00:00,32.25,80.4,2.01,29.0,17.89,12.07,0.94,0.36,13.54,0.68,51.78,0.45,170.6,24.05,0.0,30.11
2023-03-26 21:00:00,2023-03-26 22:00:00,27.82,52.6,2.19,28.4,17.72,11.5,1.19,0.34,14.09,1.72,58.53,0.89,143.67,24.4,0.0,28.93
2023-03-26 22:00:00,2023-03-26 23:00:00,28.65,45.9,3.05,31.32,19.91,13.32,1.0,0.35,16.94,0.51,63.65,0.66,337.12,24.1,0.0,28.04
2023-03-26 23:00:00,2023-03-27 00:00:00,26.65,40.11,2.99,28.71,18.5,11.73,1.03,0.3,11.91,0.52,64.54,0.63,329.06,24.05,0.0,28.49
2023-03-27 00:00:00,2023-03-27 01:00:00,23.22,40.93,2.8,25.91,16.88,10.76,1.6,0.26,12.34,0.25,66.02,0.75,348.12,24.0,0.0,28.13
2023-03-27 01:00:00,2023-03-27 02:00:00,21.91,40.04,3.17,30.71,19.67,13.12,1.63,0.44,10.02,0.47,68.05,0.68,185.88,24.2,0.0,27.88
2023-03-27 02:00:00,2023-03-27 03:00:00,18.64,45.83,3.81,36.16,23.02,16.63,1.6,0.65,7.0,2.27,73.31,0.81,145.6,24.3,0.0,27.36
2023-03-27 03:00:00,2023-03-27 04:00:00,18.03,59.48,4.51,34.07,22.46,15.91,1.56,0.62,6.54,2.31,74.84,0.65,142.23,24.25,0.0,27.12
2023-03-27 04:00:00,2023-03-27 05:00:00,22.28,65.66,5.19,33.26,22.57,15.7,2.69,0.57,6.24,1.89,78.19,0.55,181.12,24.3,0.0,26.46
2023-03-27 05:00:00,2023-03-27 06:00:00,22.39,73.58,5.95,31.48,22.23,15.01,2.71,0.46,5.76,1.92,83.29,0.98,111.47,25.17,0.0,25.51
2023-03-27 06:00:00,2023-03-27 07:00:00,21.26,67.58,6.67,28.47,21.2,14.32,2.68,0.46,8.81,0.94,78.59,0.59,258.1,75.17,0.0,26.18
2023-03-27 07:00:00,2023-03-27 08:00:00,24.57,60.12,8.05,32.84,24.57,17.39,3.2,0.71,10.11,2.2,66.19,0.98,98.63,215.47,0.0,29.39
2023-03-27 08:00:00,2023-03-27 09:00:00,37.58,87.69,6.64,29.82,21.89,14.89,4.18,0.47,13.9,2.4,54.06,0.91,43.29,445.72,0.0,32.01
2023-03-27 09:00:00,2023-03-27 10:00:00,43.77,102.04,3.02,29.11,18.73,13.47,6.65,0.43,17.5,1.05,43.03,0.82,182.51,640.17,0.0,34.88
2023-03-27 10:00:00,2023-03-27 11:00:00,39.91,103.93,3.12,36.62,22.73,16.73,5.1,0.44,16.91,1.32,32.57,0.45,239.87,756.85,0.0,37.61
2023-03-27 11:00:00,2023-03-27 12:00:00,38.01,86.1,4.09,36.4,23.36,17.69,5.52,0.32,16.9,0.67,28.65,0.4,312.5,761.85,0.0,39.22
2023-03-27 12:00:00,2023-03-27 13:00:00,35.7,79.86,2.12,30.02,18.5,13.93,15.88,0.3,18.43,0.41,27.75,0.32,251.23,793.57,0.0,39.75
2023-03-27 13:00:00,2023-03-27 14:00:00,32.95,75.86,1.78,27.26,16.8,13.91,7.88,0.31,22.08,0.41,26.8,0.33,195.34,805.97,0.0,40.24
2023-03-27 14:00:00,2023-03-27 15:00:00,29.79,72.94,1.46,22.27,13.95,10.32,3.19,0.27,22.87,0.32,26.06,0.48,260.31,767.33,0.0,39.92
2023-03-27 15:00:00,2023-03-27 16:00:00,24.53,64.3,1.35,19.39,12.35,9.31,3.37,0.26,21.65,0.23,23.89,0.35,183.58,523.55,0.0,39.9
2023-03-27 16:00:00,2023-03-27 17:00:00,22.28,55.55,1.38,20.0,12.7,8.82,2.4,0.29,45.78,0.29,23.47,0.5,205.8,106.05,0.0,38.22
2023-03-27 17:00:00,2023-03-27 18:00:00,24.88,58.26,1.39,22.48,14.0,8.91,2.68,0.57,30.38,0.36,30.86,1.21,260.19,53.5,0.0,35.41
2023-03-27 18:00:00,2023-03-27 19:00:00,25.73,70.89,1.95,27.98,17.3,12.55,3.08,0.51,34.86,0.57,40.77,0.85,322.34,25.03,0.0,32.68
2023-03-27 19:00:00,2023-03-27 20:00:00,28.61,78.19,2.42,34.02,20.83,14.66,2.17,0.51,14.86,0.99,47.91,0.84,303.7,24.2,0.0,30.97
2023-03-27 20:00:00,2023-03-27 21:00:00,28.25,84.34,2.13,30.48,18.76,12.65,1.15,0.51,21.17,1.54,50.32,0.91,297.87,24.5,0.0,30.06
2023-03-27 21:00:00,2023-03-27 22:00:00,32.04,84.05,2.52,35.79,21.83,15.23,1.53,0.74,17.85,1.58,57.72,0.55,175.01,24.45,0.0,29.05
2023-03-27 22:00:00,2023-03-27 23:00:00,35.28,78.96,2.99,33.37,20.93,13.96,1.56,0.53,18.87,1.61,57.78,0.92,169.92,24.5,0.0,28.19
2023-03-27 23:00:00,2023-03-28 00:00:00,36.68,79.56,3.34,31.64,20.29,13.08,1.44,0.6,10.89,2.28,63.02,0.79,67.45,24.4,0.0,27.54
2023-03-28 00:00:00,2023-03-28 01:00:00,38.07,77.77,3.71,28.35,18.86,10.96,2.26,0.3,10.43,0.72,64.37,0.79,163.19,24.4,0.0,26.75
2023-03-28 01:00:00,2023-03-28 02:00:00,34.02,65.76,4.02,28.76,19.31,10.91,2.03,0.28,10.29,0.48,66.46,0.79,245.5,24.57,0.0,26.2
2023-03-28 02:00:00,2023-03-28 03:00:00,31.19,58.22,4.51,29.27,19.96,11.36,2.02,0.27,9.79,0.48,68.85,0.77,136.95,24.3,0.0,25.89
2023-03-28 03:00:00,2023-03-28 04:00:00,28.71,54.18,4.94,30.12,20.74,11.73,2.47,0.28,8.97,0.5,72.84,0.93,321.51,24.42,0.0,25.42
2023-03-28 04:00:00,2023-03-28 05:00:00,26.22,53.19,5.3,29.49,20.69,11.42,2.87,0.28,7.87,0.45,77.62,0.46,263.96,24.43,0.0,24.78
2023-03-28 05:00:00,2023-03-28 06:00:00,26.91,47.15,5.4,28.5,20.25,11.42,2.58,0.27,7.41,0.49,80.0,0.75,279.68,25.93,0.0,24.23
2023-03-28 06:00:00,2023-03-28 07:00:00,25.02,41.82,6.98,29.31,21.89,13.21,2.98,0.29,16.65,0.62,77.72,0.81,79.49,72.35,0.0,25.04
2023-03-28 07:00:00,2023-03-28 08:00:00,24.5,47.57,7.22,28.43,21.62,12.22,2.83,0.32,10.79,0.85,60.44,0.72,160.56,245.72,0.0,29.19
2023-03-28 08:00:00,2023-03-28 09:00:00,27.11,60.89,5.4,26.5,19.21,9.67,3.19,0.24,15.32,0.49,38.27,0.52,85.16,468.45,0.0,34.19
2023-03-28 09:00:00,2023-03-28 10:00:00,25.45,65.79,2.47,22.27,14.73,7.35,3.08,0.2,18.23,0.36,28.84,1.49,132.05,680.35,0.0,36.26
2023-03-28 10:00:00,2023-03-28 11:00:00,24.3,70.08,1.36,17.99,11.63,6.51,2.83,0.21,21.94,0.28,27.78,1.49,137.12,790.55,0.0,37.63
2023-03-28 11:00:00,2023-03-28 12:00:00,24.88,67.1,1.46,19.64,12.57,7.14,2.81,0.24,20.76,0.33,26.27,0.81,135.17,808.38,0.0,39.52
2023-03-28 12:00:00,2023-03-28 13:00:00,24.05,64.0,1.41,20.69,13.08,7.46,3.91,0.23,22.55,0.42,20.74,0.62,172.23,834.45,0.0,40.85
2023-03-28 13:00:00,2023-03-28 14:00:00,23.14,60.32,1.65,24.33,15.17,8.05,3.55,0.22,20.56,0.35,12.34,0.51,127.5,826.62,0.0,42.35
2023-03-28 14:00:00,2023-03-28 15:00:00,25.38,58.57,1.47,22.53,14.09,8.0,11.89,0.24,21.38,0.32,12.7,0.81,176.61,649.58,0.0,41.87
2023-03-28 15:00:00,2023-03-28 16:00:00,28.81,57.56,1.19,18.22,11.62,6.74,13.48,0.27,21.1,0.33,13.15,0.5,175.15,415.72,0.0,41.37
2023-03-28 16:00:00,2023-03-28 17:00:00,30.59,63.66,1.23,27.08,16.29,9.66,21.49,0.29,19.06,0.43,12.96,0.28,198.34,143.82,0.0,39.97
2023-03-28 17:00:00,2023-03-28 18:00:00,28.67,71.84,2.01,30.93,18.9,11.58,6.12,0.3,16.72,0.52,14.11,0.44,340.96,54.73,0.0,37.66
2023-03-28 18:00:00,2023-03-28 19:00:00,29.03,85.5,1.54,36.33,21.35,12.7,2.69,0.38,12.76,0.84,22.39,0.8,303.59,24.98,0.0,34.24
2023-03-28 19:00:00,2023-03-28 20:00:00,36.14,102.66,1.72,33.39,19.96,11.33,3.19,0.38,12.55,1.13,25.52,1.07,276.46,24.0,0.0,33.05
2023-03-28 20:00:00,2023-03-28 21:00:00,46.26,108.02,1.71,33.39,19.95,12.04,2.98,0.53,11.62,1.29,33.66,0.52,123.19,24.2,0.0,31.63
2023-03-28 21:00:00,2023-03-28 22:00:00,50.22,110.98,2.0,34.93,20.98,13.05,2.64,0.66,11.15,1.71,38.76,0.69,238.36,24.18,0.0,30.21
2023-03-28 22:00:00,2023-03-28 23:00:00,56.4,125.1,2.69,39.02,23.65,15.58,2.83,0.86,8.41,5.03,46.34,0.81,190.53,24.05,0.0,29.17
2023-03-28 23:00:00,2023-03-29 00:00:00,66.89,144.76,3.56,38.02,23.8,15.57,2.76,0.67,7.05,3.62,57.67,1.04,194.3,24.05,0.0,27.88
2023-03-29 00:00:00,2023-03-29 01:00:00,61.57,133.48,3.5,31.3,20.24,11.48,2.53,0.42,11.29,1.16,55.19,0.79,301.32,23.93,0.0,27.5
2023-03-29 01:00:00,2023-03-29 02:00:00,53.29,108.5,4.51,35.0,22.95,13.93,3.0,0.51,9.18,0.79,57.87,1.07,254.07,23.8,0.0,27.03
2023-03-29 02:00:00,2023-03-29 03:00:00,50.0,105.92,4.85,38.05,24.81,15.44,2.74,0.59,9.88,6.25,56.41,0.82,289.18,24.1,0.0,26.74
2023-03-29 03:00:00,2023-03-29 04:00:00,50.77,112.86,4.96,39.34,25.57,16.0,3.09,0.65,6.89,2.13,58.88,0.6,209.01,23.95,0.0,26.4
2023-03-29 04:00:00,2023-03-29 05:00:00,45.3,97.05,5.56,33.76,23.11,12.24,2.39,0.34,8.84,2.36,63.7,0.83,88.66,24.12,0.0,25.36
2023-03-29 05:00:00,2023-03-29 06:00:00,44.38,85.94,5.93,32.61,22.8,11.4,2.59,0.33,9.22,0.81,64.02,0.37,230.0,25.38,0.0,24.94
2023-03-29 06:00:00,2023-03-29 07:00:00,43.58,78.19,5.72,33.24,22.97,11.67,2.39,0.38,9.8,0.84,59.56,0.26,152.53,72.03,0.0,25.97
2023-03-29 07:00:00,2023-03-29 08:00:00,41.3,79.28,7.06,37.72,26.34,16.45,2.51,0.49,3.62,1.52,44.9,0.96,22.13,227.35,0.0,30.48
2023-03-29 08:00:00,2023-03-29 09:00:00,41.45,92.42,5.3,38.11,25.19,16.62,0.93,0.48,3.12,2.12,28.23,1.15,123.83,442.3,0.0,34.79
2023-03-29 09:00:00,2023-03-29 10:00:00,44.84,106.46,1.99,35.8,21.43,14.37,0.92,0.43,4.31,1.9,22.97,1.89,149.91,642.8,0.0,36.33
2023-03-29 10:00:00,2023-03-29 11:00:00,38.85,99.92,1.19,22.07,13.63,8.9,4.18,0.32,9.85,1.42,21.86,1.37,131.59,775.17,0.0,38.29
2023-03-29 11:00:00,2023-03-29 12:00:00,32.0,94.36,1.21,23.05,14.16,9.12,3.92,0.33,7.83,0.86,21.3,1.21,170.53,811.75,0.0,39.52
2023-03-29 12:00:00,2023-03-29 13:00:00,36.03,93.21,1.33,25.74,15.66,10.22,3.43,0.36,4.56,0.86,20.82,1.05,149.06,813.9,0.0,40.4
2023-03-29 13:00:00,2023-03-29 14:00:00,37.11,87.97,1.36,27.17,16.43,10.77,3.03,0.36,3.97,0.89,16.73,0.36,275.86,789.88,0.0,42.31
2023-03-29 14:00:00,2023-03-29 15:00:00,40.05,86.02,1.35,28.66,17.2,11.47,3.62,0.37,4.59,0.91,17.17,0.74,163.45,620.53,0.0,41.92
2023-03-29 15:00:00,2023-03-29 16:00:00,39.59,89.73,1.36,30.95,18.41,12.4,5.2,0.39,4.72,0.91,19.04,0.86,254.99,315.6,0.0,41.11
2023-03-29 16:00:00,2023-03-29 17:00:00,41.09,92.95,1.41,33.75,19.91,13.52,4.61,0.42,4.03,0.94,19.46,0.34,140.79,123.1,0.0,39.98
2023-03-29 17:00:00,2023-03-29 18:00:00,41.26,97.82,1.51,35.2,20.74,13.78,3.45,0.43,3.65,0.96,22.03,0.65,264.24,56.05,0.0,37.89
2023-03-29 18:00:00,2023-03-29 19:00:00,43.25,111.08,1.71,37.51,22.1,14.59,3.44,0.47,2.83,1.1,26.8,1.07,255.45,25.27,0.0,35.2
2023-03-29 19:00:00,2023-03-29 20:00:00,53.82,139.68,2.42,41.88,24.93,16.5,2.67,0.6,3.92,1.55,37.27,0.86,126.63,24.0,0.0,33.33
2023-03-29 20:00:00,2023-03-29 21:00:00,64.98,166.87,2.86,42.97,25.84,17.34,2.42,0.66,3.92,1.97,41.27,0.76,132.66,24.02,0.0,32.55
2023-03-29 21:00:00,2023-03-29 22:00:00,67.66,172.78,2.87,42.43,25.56,17.34,2.26,0.7,3.92,2.17,44.48,0.96,116.7,24.17,0.0,31.99
2023-03-29 22:00:00,2023-03-29 23:00:00,66.72,161.39,2.7,41.35,24.87,16.92,2.41,0.7,3.92,2.27,46.23,0.99,111.91,24.05,0.0,31.15
2023-03-29 23:00:00,2023-03-30 00:00:00,63.83,146.44,2.65,39.91,24.08,16.34,1.89,0.69,3.92,2.3,48.48,0.72,92.41,24.12,0.0,30.38
2023-03-30 00:00:00,2023-03-30 01:00:00,63.02,132.53,2.84,39.24,23.88,15.83,1.28,0.61,3.92,2.18,55.67,1.16,322.01,24.27,0.0,29.42
2023-03-30 01:00:00,2023-03-30 02:00:00,61.09,121.75,3.37,39.04,24.18,16.17,1.59,0.61,47.66,2.12,55.68,0.95,314.97,24.07,0.0,29.56
2023-03-30 02:00:00,2023-03-30 03:00:00,60.16,115.76,3.43,38.91,24.16,16.1,1.42,0.6,9.83,1.98,59.73,0.81,107.88,24.05,0.0,28.95
2023-03-30 03:00:00,2023-03-30 04:00:00,59.83,126.32,4.07,39.21,24.82,16.51,1.27,0.61,3.59,2.22,61.16,0.71,182.95,24.18,0.0,28.42
2023-03-30 04:00:00,2023-03-30 05:00:00,64.28,150.55,5.41,39.74,26.12,17.37,3.31,0.65,2.59,3.53,66.54,0.81,87.81,24.13,0.0,27.36
2023-03-30 05:00:00,2023-03-30 06:00:00,63.09,151.06,5.77,39.17,26.11,17.25,2.96,0.65,,3.58,60.84,0.95,124.06,25.88,0.0,27.67
2023-03-30 06:00:00,2023-03-30 07:00:00,58.38,142.84,4.9,39.27,25.48,17.04,3.33,0.64,,3.4,50.08,1.53,155.57,74.1,0.0,29.92
2023-03-30 07:00:00,2023-03-30 08:00:00,54.91,131.87,3.1,38.66,23.78,15.85,3.74,0.64,,3.15,51.92,1.42,169.4,165.15,0.0,31.64
2023-03-30 08:00:00,2023-03-30 09:00:00,55.26,131.11,2.53,38.48,23.24,15.44,2.65,0.67,,3.0,51.46,0.3,252.81,280.0,0.0,32.68
2023-03-30 09:00:00,2023-03-30 10:00:00,,,,,,,,,,,,,,,,
2023-03-30 10:00:00,2023-03-30 11:00:00,,,,,,,,,,,,,,,,
2023-03-30 11:00:00,2023-03-30 12:00:00,54.93,119.27,1.18,18.68,11.85,6.75,6.92,0.32,11.47,1.2,26.66,0.21,211.79,811.0,0.0,41.67
2023-03-30 12:00:00,2023-03-30 13:00:00,50.53,111.57,1.15,15.48,10.16,6.32,5.11,0.37,10.8,0.98,25.92,0.3,144.92,814.62,0.0,42.22
2023-03-30 13:00:00,2023-03-30 14:00:00,43.76,91.18,1.23,19.08,12.1,6.09,3.31,0.37,5.4,0.72,23.39,0.3,244.3,760.7,0.0,42.91
2023-03-30 14:00:00,2023-03-30 15:00:00,44.48,83.94,1.25,20.92,13.08,6.0,2.82,0.39,4.73,0.71,22.8,0.69,217.53,692.4,0.0,42.63
2023-03-30 15:00:00,2023-03-30 16:00:00,42.66,70.44,1.23,20.6,12.9,5.29,2.73,0.38,4.66,0.66,25.31,0.62,155.94,447.97,0.0,41.56
2023-03-30 16:00:00,2023-03-30 17:00:00,36.8,67.3,1.23,20.3,12.74,4.63,0.75,0.38,3.96,0.61,28.33,0.42,266.69,70.45,0.0,39.58
2023-03-30 17:00:00,2023-03-30 18:00:00,36.26,211.76,1.24,20.15,12.66,4.21,1.04,0.41,,0.57,44.36,1.84,174.12,31.8,0.0,34.18
2023-03-30 18:00:00,2023-03-30 19:00:00,36.72,506.37,1.26,18.92,12.04,4.41,0.22,0.36,,0.57,59.23,1.16,72.79,24.68,0.0,30.0
2023-03-30 19:00:00,2023-03-30 20:00:00,36.36,377.1,1.32,18.8,12.03,4.37,,0.35,,0.57,54.52,1.3,95.08,24.43,0.0,30.4
2023-03-30 20:00:00,2023-03-30 21:00:00,32.91,36.07,1.35,18.91,12.1,4.44,1.48,0.31,,0.55,51.08,0.97,180.2,24.23,0.0,30.46
2023-03-30 21:00:00,2023-03-30 22:00:00,28.89,43.76,1.41,19.63,12.53,4.78,1.31,0.32,,0.59,55.4,0.63,166.17,24.65,0.0,29.92
2023-03-30 22:00:00,2023-03-30 23:00:00,30.34,59.27,1.54,20.8,13.25,5.36,1.41,0.33,,0.72,62.47,0.57,206.74,24.5,0.0,28.53
2023-03-30 23:00:00,2023-03-31 00:00:00,27.95,59.06,1.68,21.72,13.83,5.89,1.45,0.35,,0.89,66.84,0.57,111.87,24.3,0.0,27.87
2023-03-31 00:00:00,2023-03-31 01:00:00,25.78,59.65,1.62,21.66,13.76,6.41,2.15,0.35,,1.35,70.37,0.83,142.05,24.43,0.0,27.23
2023-03-31 01:00:00,2023-03-31 02:00:00,26.59,49.26,1.76,21.3,13.67,6.59,2.56,0.37,42.06,1.3,71.5,0.8,98.73,24.2,0.0,26.83
2023-03-31 02:00:00,2023-03-31 03:00:00,27.66,56.13,1.76,21.01,13.52,6.55,2.89,0.35,42.38,1.23,75.91,1.0,284.3,24.3,0.0,27.19
2023-03-31 03:00:00,2023-03-31 04:00:00,25.37,35.38,1.79,20.96,13.51,6.67,3.01,0.37,2.95,1.11,75.06,1.39,124.68,24.6,0.0,27.39
2023-03-31 04:00:00,2023-03-31 05:00:00,21.0,38.88,1.87,20.72,13.46,6.42,1.14,0.35,27.14,0.98,75.28,1.05,173.44,24.55,0.0,26.74
2023-03-31 05:00:00,2023-03-31 06:00:00,21.63,39.1,2.02,21.15,13.79,6.59,1.71,0.35,7.22,1.05,74.62,1.18,209.22,25.58,0.0,26.48
2023-03-31 06:00:00,2023-03-31 07:00:00,19.34,40.83,2.12,21.75,14.19,7.02,1.52,0.36,2.44,1.46,71.86,1.06,91.3,71.15,0.0,27.11
2023-03-31 07:00:00,2023-03-31 08:00:00,19.01,36.18,1.89,21.18,13.71,6.54,1.28,0.35,4.1,1.3,59.53,1.92,151.34,221.1,0.0,29.51
2023-03-31 08:00:00,2023-03-31 09:00:00,20.43,32.06,1.33,19.1,12.19,5.35,1.73,0.31,3.72,1.05,47.25,2.33,151.89,436.2,0.0,32.09
2023-03-31 09:00:00,2023-03-31 10:00:00,18.77,29.22,1.24,17.13,11.09,6.43,5.77,0.29,6.1,0.74,41.47,1.77,144.85,628.05,0.0,34.06
2023-03-31 10:00:00,2023-03-31 11:00:00,8.14,43.03,,,,13.66,9.94,0.28,8.04,0.61,38.07,1.84,153.89,753.7,0.0,35.45
2023-03-31 11:00:00,2023-03-31 12:00:00,10.16,42.8,7.57,15.83,17.09,38.57,13.55,0.39,11.37,0.75,39.79,1.98,154.7,793.77,0.0,36.08
2023-03-31 12:00:00,2023-03-31 13:00:00,19.6,42.36,1.22,19.96,12.55,53.33,6.11,0.35,8.82,0.94,39.61,1.51,157.77,703.17,0.0,36.82
2023-03-31 13:00:00,2023-03-31 14:00:00,23.09,45.76,1.33,22.17,13.79,45.13,2.91,0.37,4.85,0.94,38.12,1.84,144.62,586.1,0.0,37.33
2023-03-31 14:00:00,2023-03-31 15:00:00,31.57,53.7,1.25,21.13,13.19,,18.96,0.41,10.16,0.93,38.14,1.54,141.37,390.0,0.0,37.12
2023-03-31 15:00:00,2023-03-31 16:00:00,28.74,51.26,1.18,20.09,12.59,,16.12,0.42,11.8,0.73,38.43,1.09,138.01,357.33,0.0,36.98
2023-03-31 16:00:00,2023-03-31 17:00:00,31.12,53.97,1.17,16.75,10.83,39.71,12.88,0.43,13.61,1.0,39.03,0.83,179.4,139.55,0.0,36.61
2023-03-31 17:00:00,2023-03-31 18:00:00,32.16,62.17,1.19,20.27,12.68,32.79,6.07,0.45,16.21,0.72,44.36,1.38,123.95,52.3,0.0,33.86
2023-03-31 18:00:00,2023-03-31 19:00:00,29.03,63.69,1.42,23.14,14.37,28.66,4.74,0.46,4.98,0.75,51.49,1.51,184.04,25.5,0.0,30.72
2023-03-31 19:00:00,2023-03-31 20:00:00,21.97,68.82,1.67,24.36,15.19,28.27,2.97,0.45,3.19,0.71,53.83,1.65,129.77,24.5,0.0,29.77
2023-03-31 20:00:00,2023-03-31 21:00:00,18.89,64.94,1.52,23.98,14.88,27.07,3.5,0.39,4.22,1.12,85.91,1.01,104.13,26.58,2.6,25.74
2023-03-31 21:00:00,2023-03-31 22:00:00,20.16,77.14,1.72,25.19,15.67,27.88,3.55,0.35,3.31,1.34,92.31,0.78,225.18,24.7,0.0,24.59
2023-03-31 22:00:00,2023-03-31 23:00:00,18.6,56.48,2.47,26.64,17.01,28.69,3.27,0.35,2.66,1.21,92.24,0.99,224.82,24.17,0.0,24.91
2023-03-31 23:00:00,2023-04-01 00:00:00,19.41,49.63,2.98,27.57,17.89,29.13,3.15,0.36,2.63,1.43,88.77,1.16,165.98,24.4,0.07,25.25
