From Date,To Date,PM2.5 (ug/m3),PM10 (ug/m3),NO (ug/m3),NO2 (ug/m3),NOx (ppb),NH3 (ug/m3),SO2 (ug/m3),CO (mg/m3),Ozone (ug/m3),Benzene (ug/m3),Toluene (ug/m3),Eth-Benzene (ug/m3),MP-Xylene (ug/m3),O Xylene (ug/m3),RH (%),WS (m/s),WD (degree),SR (W/mt2),AT (degree C),RF (mm),Xylene (ug/m3)
2023-02-28 13:00:00,2023-02-28 14:00:00,90.25,647.5,2.93,14.98,10.32,,3.75,0.41,39.18,1.97,5.95,0.72,1.05,0.88,46.25,1.85,128.75,97.5,24.22,,
2023-02-28 14:00:00,2023-02-28 15:00:00,,,,,,,,,,,,,,,,,,,,,
2023-02-28 15:00:00,2023-02-28 16:00:00,,,,,,,,,,,,,,,,,,,,,
2023-02-28 16:00:00,2023-02-28 17:00:00,,,,,,,,,,,,,,,,,,,,,
2023-02-28 17:00:00,2023-02-28 18:00:00,,,,,,,,,,,,,,,,,,,,,
2023-02-28 18:00:00,2023-02-28 19:00:00,,,,,,,,,,,,,,,,,,,,,
2023-02-28 19:00:00,2023-02-28 20:00:00,,,,,,,,,,,,,,,,,,,,,
2023-02-28 20:00:00,2023-02-28 21:00:00,,,,,,,,,,,,,,,,,,,,,
2023-02-28 21:00:00,2023-02-28 22:00:00,,,,,,,,,,,,,,,,,,,,,
2023-02-28 22:00:00,2023-02-28 23:00:00,,,,,,,,,,,,,,,,,,,,,
2023-02-28 23:00:00,2023-03-01 00:00:00,,,,,,,,,,,,,,,,,,,,,
2023-03-01 00:00:00,2023-03-01 01:00:00,,,,,,,,,,,,,,,,,,,,,
2023-03-01 01:00:00,2023-03-01 02:00:00,,,,,,,,,,,,,,,,,,,,,
2023-03-01 02:00:00,2023-03-01 03:00:00,,,,,,,,,,,,,,,,,,,,,
2023-03-01 03:00:00,2023-03-01 04:00:00,,,,,,,,,,,,,,,,,,,,,
2023-03-01 04:00:00,2023-03-01 05:00:00,,,,,,,,,,,,,,,,,,,,,
2023-03-01 05:00:00,2023-03-01 06:00:00,,,,,,,,,,,,,,,,,,,,,
2023-03-01 06:00:00,2023-03-01 07:00:00,,,,,,,,,,,,,,,,,,,,,
2023-03-01 07:00:00,2023-03-01 08:00:00,,,,,,,,,,,,,,,,,,,,,
2023-03-01 08:00:00,2023-03-01 09:00:00,,,,,,,,,,,,,,,,,,,,,
2023-03-01 09:00:00,2023-03-01 10:00:00,,,,,,,,,,,,,,,,,,,,,
2023-03-01 10:00:00,2023-03-01 11:00:00,,,,,,,,,,,,,,,,,,,,,
2023-03-01 11:00:00,2023-03-01 12:00:00,,,,,,,,,,,,,,,,,,,,,
2023-03-01 12:00:00,2023-03-01 13:00:00,,,,,,,,,,,,,,,,,,,,,
2023-03-01 13:00:00,2023-03-01 14:00:00,,,,,,,,,,,,,,,,,,,,,
2023-03-01 14:00:00,2023-03-01 15:00:00,,,,,,,,,,,,,,,,,,,,,
2023-03-01 15:00:00,2023-03-01 16:00:00,,,,,,,,,,,,,,,,,,,,,
2023-03-01 16:00:00,2023-03-01 17:00:00,,,,,,,,,,,,,,,,,,,,,
2023-03-01 17:00:00,2023-03-01 18:00:00,,,,,,,,,,,,,,,,,,,,,
2023-03-01 18:00:00,2023-03-01 19:00:00,,,,,,,,,,,,,,,,,,,,,
2023-03-01 19:00:00,2023-03-01 20:00:00,,,,,,,,,,,,,,,,,,,,,
2023-03-01 20:00:00,2023-03-01 21:00:00,,,,,,,,,,,,,,,,,,,,,
2023-03-01 21:00:00,2023-03-01 22:00:00,,,,,,,,,,,,,,,,,,,,,
2023-03-01 22:00:00,2023-03-01 23:00:00,,,,,,,,,,,,,,,,,,,,,
2023-03-01 23:00:00,2023-03-02 00:00:00,,,,,,,,,,,,,,,,,,,,,
2023-03-02 00:00:00,2023-03-02 01:00:00,,,,,,,,,,,,,,,,,,,,,
2023-03-02 01:00:00,2023-03-02 02:00:00,,,,,,,,,,,,,,,,,,,,,
2023-03-02 02:00:00,2023-03-02 03:00:00,,,,,,,,,,,,,,,,,,,,,
2023-03-02 03:00:00,2023-03-02 04:00:00,,,,,,,,,,,,,,,,,,,,,
2023-03-02 04:00:00,2023-03-02 05:00:00,,,,,,,,,,,,,,,,,,,,,
2023-03-02 05:00:00,2023-03-02 06:00:00,,,,,,,,,,,,,,,,,,,,,
2023-03-02 06:00:00,2023-03-02 07:00:00,,,,,,,,,,,,,,,,,,,,,
2023-03-02 07:00:00,2023-03-02 08:00:00,,,,,,,,,,,,,,,,,,,,,
2023-03-02 08:00:00,2023-03-02 09:00:00,,,,,,,,,,,,,,,,,,,,,
2023-03-02 09:00:00,2023-03-02 10:00:00,,,,,,,,,,,,,,,,,,,,,
2023-03-02 10:00:00,2023-03-02 11:00:00,,,,,,,,,,,,,,,,,,,,,
2023-03-02 11:00:00,2023-03-02 12:00:00,,,,,,,,,,,,,,,,,,,,,
2023-03-02 12:00:00,2023-03-02 13:00:00,,,,,,,,,,,,,,,,,,,,,
2023-03-02 13:00:00,2023-03-02 14:00:00,,,,,,,,,,,,,,,,,,,,,
2023-03-02 14:00:00,2023-03-02 15:00:00,,,,,,,,,,,,,,,,,,,,,
2023-03-02 15:00:00,2023-03-02 16:00:00,,,,,,,,,,,,,,,,,,,,,
2023-03-02 16:00:00,2023-03-02 17:00:00,,,,,,,,,,,,,,,,,,,,,
2023-03-02 17:00:00,2023-03-02 18:00:00,,,,,,,,,,,,,,,,,,,,,
2023-03-02 18:00:00,2023-03-02 19:00:00,,,,,,,,,,,,,,,,,,,,,
2023-03-02 19:00:00,2023-03-02 20:00:00,,,,,,,,,,,,,,,,,,,,,
2023-03-02 20:00:00,2023-03-02 21:00:00,,,,,,,,,,,,,,,,,,,,,
2023-03-02 21:00:00,2023-03-02 22:00:00,,,,,,,,,,,,,,,,,,,,,
2023-03-02 22:00:00,2023-03-02 23:00:00,,,,,,,,,,,,,,,,,,,,,
2023-03-02 23:00:00,2023-03-03 00:00:00,,,,,,,,,,,,,,,,,,,,,
2023-03-03 00:00:00,2023-03-03 01:00:00,,,,,,,,,,,,,,,,,,,,,
2023-03-03 01:00:00,2023-03-03 02:00:00,,,,,,,,,,,,,,,,,,,,,
2023-03-03 02:00:00,2023-03-03 03:00:00,,,,,,,,,,,,,,,,,,,,,
2023-03-03 03:00:00,2023-03-03 04:00:00,,,,,,,,,,,,,,,,,,,,,
2023-03-03 04:00:00,2023-03-03 05:00:00,,,,,,,,,,,,,,,,,,,,,
2023-03-03 05:00:00,2023-03-03 06:00:00,,,,,,,,,,,,,,,,,,,,,
2023-03-03 06:00:00,2023-03-03 07:00:00,,,,,,,,,,,,,,,,,,,,,
2023-03-03 07:00:00,2023-03-03 08:00:00,,,,,,,,,,,,,,,,,,,,,
2023-03-03 08:00:00,2023-03-03 09:00:00,,,,,,,,,,,,,,,,,,,,,
2023-03-03 09:00:00,2023-03-03 10:00:00,,,,,,,,,,,,,,,,,,,,,
2023-03-03 10:00:00,2023-03-03 11:00:00,,,,,,,,,,,,,,,,,,,,,
2023-03-03 11:00:00,2023-03-03 12:00:00,,,,,,,,,,,,,,,,,,,,,
2023-03-03 12:00:00,2023-03-03 13:00:00,,,,,,,,,,,,,,,,,,,,,
2023-03-03 13:00:00,2023-03-03 14:00:00,,,,,,,,,,,,,,,,,,,,,
2023-03-03 14:00:00,2023-03-03 15:00:00,,,,,,,,,,,,,,,,,,,,,
2023-03-03 15:00:00,2023-03-03 16:00:00,,,,,,,,,,,,,,,,,,,,,
2023-03-03 16:00:00,2023-03-03 17:00:00,,,,,,,,,,,,,,,,,,,,,
2023-03-03 17:00:00,2023-03-03 18:00:00,,,,,,,,,,,,,,,,,,,,,
2023-03-03 18:00:00,2023-03-03 19:00:00,,,,,,,,,,,,,,,,,,,,,
2023-03-03 19:00:00,2023-03-03 20:00:00,,,,,,,,,,,,,,,,,,,,,
2023-03-03 20:00:00,2023-03-03 21:00:00,,,,,,,,,,,,,,,,,,,,,
2023-03-03 21:00:00,2023-03-03 22:00:00,,,,,,,,,,,,,,,,,,,,,
2023-03-03 22:00:00,2023-03-03 23:00:00,,,,,,,,,,,,,,,,,,,,,
2023-03-03 23:00:00,2023-03-04 00:00:00,,,,,,,,,,,,,,,,,,,,,
2023-03-04 00:00:00,2023-03-04 01:00:00,,,,,,,,,,,,,,,,,,,,,
2023-03-04 01:00:00,2023-03-04 02:00:00,,,,,,,,,,,,,,,,,,,,,
2023-03-04 02:00:00,2023-03-04 03:00:00,,,,,,,,,,,,,,,,,,,,,
2023-03-04 03:00:00,2023-03-04 04:00:00,,,,,,,,,,,,,,,,,,,,,
2023-03-04 04:00:00,2023-03-04 05:00:00,,,,,,,,,,,,,,,,,,,,,
2023-03-04 05:00:00,2023-03-04 06:00:00,,,,,,,,,,,,,,,,,,,,,
2023-03-04 06:00:00,2023-03-04 07:00:00,,,,,,,,,,,,,,,,,,,,,
2023-03-04 07:00:00,2023-03-04 08:00:00,,,,,,,,,,,,,,,,,,,,,
2023-03-04 08:00:00,2023-03-04 09:00:00,,,,,,,,,,,,,,,,,,,,,
2023-03-04 09:00:00,2023-03-04 10:00:00,,,,,,,,,,,,,,,,,,,,,
2023-03-04 10:00:00,2023-03-04 11:00:00,,,,,,,,,,,,,,,,,,,,,
2023-03-04 11:00:00,2023-03-04 12:00:00,,,,,,,,,,,,,,,,,,,,,
2023-03-04 12:00:00,2023-03-04 13:00:00,54.5,161.5,1.95,14.7,9.4,,13.7,0.53,53.75,3.8,8.15,0.35,1.2,0.95,44.5,1.05,128.5,74.5,24.65,,
2023-03-04 13:00:00,2023-03-04 14:00:00,44.5,143.0,2.27,19.0,11.95,,9.22,0.55,55.15,2.7,7.48,0.55,1.07,0.9,41.0,0.73,128.5,82.0,25.0,,
2023-03-04 14:00:00,2023-03-04 15:00:00,34.25,79.0,1.55,17.88,10.77,,6.88,0.53,55.83,2.58,8.2,0.88,1.53,1.27,41.5,0.6,128.25,99.75,25.2,,
2023-03-04 15:00:00,2023-03-04 16:00:00,30.5,59.0,1.85,18.08,11.1,,5.5,0.53,51.05,2.4,7.93,0.72,1.3,1.18,40.0,0.5,128.5,132.0,25.3,,
2023-03-04 16:00:00,2023-03-04 17:00:00,23.25,109.75,,12.07,6.28,,4.47,0.47,50.3,1.67,8.2,1.3,0.97,1.22,41.75,0.77,128.5,144.5,25.0,,
2023-03-04 17:00:00,2023-03-04 18:00:00,38.0,150.75,0.9,16.68,9.62,,12.88,0.65,35.62,6.95,6.45,0.93,0.23,0.57,50.5,0.65,128.5,72.0,24.6,,
2023-03-04 18:00:00,2023-03-04 19:00:00,55.25,430.5,2.25,22.65,13.9,,15.38,0.65,30.95,7.0,7.5,1.62,0.25,0.8,54.75,0.38,128.5,15.75,23.42,,
2023-03-04 19:00:00,2023-03-04 20:00:00,65.75,717.25,19.45,58.1,46.75,,16.05,1.4,14.4,13.38,12.57,1.3,3.7,3.4,56.0,0.2,128.5,11.0,23.05,,
2023-03-04 20:00:00,2023-03-04 21:00:00,100.0,746.0,11.78,46.72,34.42,,13.38,1.35,10.23,16.68,23.38,15.95,1.67,10.1,59.75,0.4,128.5,11.75,22.9,,
2023-03-04 21:00:00,2023-03-04 22:00:00,125.75,704.75,5.1,41.78,26.38,,9.7,0.92,12.28,9.1,15.55,8.7,0.5,4.45,62.75,0.25,128.5,11.75,22.7,,
2023-03-04 22:00:00,2023-03-04 23:00:00,111.75,671.25,2.12,36.12,20.98,,7.6,1.03,11.25,11.5,13.47,1.12,2.45,2.0,66.75,0.25,128.5,12.0,22.4,,
2023-03-04 23:00:00,2023-03-05 00:00:00,136.0,619.0,1.73,28.62,16.65,,8.62,0.87,9.57,12.93,11.9,1.6,0.68,1.0,70.25,0.4,128.5,11.5,22.15,,
2023-03-05 00:00:00,2023-03-05 01:00:00,123.0,525.5,3.3,29.5,18.4,,12.92,0.77,8.32,11.3,10.62,1.02,0.43,0.67,72.5,0.2,128.5,11.0,21.93,,
2023-03-05 01:00:00,2023-03-05 02:00:00,121.0,482.75,0.95,28.65,16.0,,12.8,0.86,7.52,11.88,10.0,0.62,0.55,0.48,73.25,0.2,128.5,11.5,21.85,,
2023-03-05 02:00:00,2023-03-05 03:00:00,120.75,526.5,9.12,32.08,24.45,,12.27,0.63,7.03,11.85,10.52,1.25,0.4,0.65,75.0,0.55,128.5,11.0,21.73,,
2023-03-05 03:00:00,2023-03-05 04:00:00,102.25,350.0,2.1,25.9,15.48,,13.3,0.64,11.48,9.75,8.93,0.8,0.3,0.47,72.5,0.35,128.25,11.0,21.72,,
2023-03-05 04:00:00,2023-03-05 05:00:00,86.0,242.5,0.95,20.25,11.55,,13.1,0.55,10.2,10.35,8.93,0.78,0.28,0.43,75.0,0.28,128.5,11.0,21.58,,
2023-03-05 05:00:00,2023-03-05 06:00:00,85.25,241.25,0.65,22.55,12.53,,11.6,0.73,8.07,10.18,8.78,0.5,0.43,17.7,77.5,0.3,128.5,11.0,21.38,,
2023-03-05 06:00:00,2023-03-05 07:00:00,100.0,253.0,8.68,39.08,27.83,,12.5,0.83,3.28,14.15,10.57,0.93,1.27,0.93,77.25,0.23,128.5,12.5,21.37,,
2023-03-05 07:00:00,2023-03-05 08:00:00,136.0,259.5,8.62,37.12,26.75,,13.28,0.94,7.7,12.38,11.57,1.5,1.7,1.57,74.0,0.43,128.5,28.75,21.6,,
2023-03-05 08:00:00,2023-03-05 09:00:00,137.0,366.25,5.05,30.45,20.32,,19.75,0.99,20.73,11.47,12.4,2.85,1.9,2.2,65.75,0.5,128.5,43.5,22.28,,
2023-03-05 09:00:00,2023-03-05 10:00:00,173.0,352.0,3.55,30.08,18.88,,21.1,1.07,43.25,12.85,9.95,1.75,0.8,0.9,59.0,0.6,128.5,70.75,23.15,,
2023-03-05 10:00:00,2023-03-05 11:00:00,190.0,292.75,1.25,14.1,8.53,,24.08,0.58,48.98,12.35,8.72,0.95,0.4,0.55,56.25,0.67,128.5,68.5,23.88,,
2023-03-05 11:00:00,2023-03-05 12:00:00,80.75,196.5,0.8,11.23,6.42,,23.7,0.6,59.38,10.48,7.53,0.55,0.42,0.53,48.75,0.93,128.5,84.75,24.42,,
2023-03-05 12:00:00,2023-03-05 13:00:00,62.25,155.5,0.35,8.45,4.8,,15.75,0.41,64.2,4.15,5.4,0.57,0.17,0.3,45.0,1.07,128.5,72.5,24.7,,
2023-03-05 13:00:00,2023-03-05 14:00:00,31.0,128.0,0.55,8.97,5.2,,13.4,0.37,62.7,3.07,4.2,0.28,0.2,0.22,41.5,1.15,128.25,93.75,25.03,,
2023-03-05 14:00:00,2023-03-05 15:00:00,29.0,94.0,0.5,10.8,6.15,,11.38,0.34,61.33,2.03,3.8,0.17,0.28,0.25,37.25,1.3,128.5,102.5,25.23,,
2023-03-05 15:00:00,2023-03-05 16:00:00,23.5,75.5,1.2,11.75,7.25,,9.8,0.33,61.33,1.55,4.12,0.17,0.3,0.25,37.25,1.2,128.5,151.75,25.2,,
2023-03-05 16:00:00,2023-03-05 17:00:00,29.5,112.0,2.1,16.12,10.28,,10.5,0.37,58.88,1.6,5.78,1.4,0.33,0.8,39.25,1.38,128.5,241.0,25.05,,
2023-03-05 17:00:00,2023-03-05 18:00:00,26.0,107.75,4.6,23.92,16.45,,11.5,0.53,53.0,1.8,6.7,0.23,1.15,1.0,44.5,1.27,128.5,78.75,24.75,,
2023-03-05 18:00:00,2023-03-05 19:00:00,28.25,120.5,11.12,46.97,34.05,,11.55,1.03,34.1,3.05,13.15,6.55,1.73,4.62,50.5,0.8,128.5,14.0,24.25,,
2023-03-05 19:00:00,2023-03-05 20:00:00,41.5,146.0,6.9,47.15,30.7,,11.97,1.18,26.83,5.92,21.95,19.25,0.3,10.67,55.25,0.65,128.5,12.0,23.98,,
2023-03-05 20:00:00,2023-03-05 21:00:00,62.25,172.5,1.73,44.35,25.0,,11.82,0.9,20.18,5.6,16.22,2.17,4.72,5.53,61.0,0.23,128.25,12.0,23.58,,
2023-03-05 21:00:00,2023-03-05 22:00:00,76.0,145.5,6.05,61.15,37.42,,11.02,0.96,5.25,5.18,12.9,3.27,1.5,3.03,67.75,0.1,128.5,12.0,23.17,,
2023-03-05 22:00:00,2023-03-05 23:00:00,92.25,233.25,5.0,50.05,30.7,,10.75,0.72,9.82,7.45,14.85,5.48,1.25,3.52,71.0,0.2,128.5,12.0,22.98,,
2023-03-05 23:00:00,2023-03-06 00:00:00,101.5,224.5,2.02,46.35,26.27,,8.82,0.79,10.9,5.05,11.38,1.98,1.15,1.45,73.5,0.17,128.5,11.75,22.77,,
2023-03-06 00:00:00,2023-03-06 01:00:00,126.25,217.0,0.65,35.05,19.18,,4.57,0.8,10.6,6.83,11.6,2.27,0.4,1.12,75.25,0.15,128.5,11.25,22.57,,
2023-03-06 01:00:00,2023-03-06 02:00:00,167.25,225.0,0.95,42.75,23.55,,4.53,0.84,9.08,8.2,11.48,1.27,0.58,0.92,76.5,0.15,128.5,11.0,22.42,,
2023-03-06 02:00:00,2023-03-06 03:00:00,184.0,284.75,0.67,33.65,18.3,,6.0,1.12,9.6,14.5,12.35,2.75,,1.0,77.5,0.2,128.5,11.25,22.28,,
2023-03-06 03:00:00,2023-03-06 04:00:00,261.0,462.5,4.57,51.12,30.95,,8.53,1.33,3.12,19.38,13.52,3.23,,1.18,79.5,0.2,128.5,11.0,22.1,,
2023-03-06 04:00:00,2023-03-06 05:00:00,306.33,636.33,2.82,38.45,22.77,,8.53,0.75,8.15,12.0,11.5,2.02,,0.8,84.5,0.7,128.5,11.0,21.8,,
2023-03-06 05:00:00,2023-03-06 06:00:00,128.0,244.5,0.7,21.73,11.83,,7.2,0.66,23.3,7.53,10.28,1.6,0.03,0.65,81.75,0.35,128.5,11.25,21.85,,
2023-03-06 06:00:00,2023-03-06 07:00:00,107.0,178.0,0.67,33.48,18.35,,8.22,0.73,20.62,8.57,9.93,1.15,0.17,0.55,80.5,0.45,128.5,12.75,21.9,,
2023-03-06 07:00:00,2023-03-06 08:00:00,179.0,268.0,1.12,28.1,15.87,,8.42,0.9,22.35,11.03,10.38,0.9,0.53,0.57,80.5,0.7,128.5,27.75,21.52,,
2023-03-06 08:00:00,2023-03-06 09:00:00,185.75,272.75,1.23,21.03,12.18,,8.95,0.99,28.2,12.0,10.4,0.75,0.68,0.62,74.75,0.73,128.5,43.0,22.12,,
2023-03-06 09:00:00,2023-03-06 10:00:00,186.75,270.5,1.55,19.38,11.5,,9.03,0.68,49.65,8.92,9.73,1.18,0.38,0.65,65.5,0.88,128.25,66.0,23.15,,
2023-03-06 10:00:00,2023-03-06 11:00:00,125.5,212.0,0.35,9.73,5.45,,10.38,0.43,58.4,4.95,7.38,0.73,0.2,0.38,54.5,0.95,128.5,63.5,23.92,,
2023-03-06 11:00:00,2023-03-06 12:00:00,54.33,117.0,0.65,9.97,5.38,,11.45,0.41,64.5,3.02,5.45,0.43,0.12,0.28,47.75,1.15,128.5,75.25,24.45,,
2023-03-06 12:00:00,2023-03-06 13:00:00,34.75,62.0,0.45,8.45,4.85,,9.28,0.35,66.15,3.2,4.15,0.53,,0.22,37.75,1.02,128.5,66.75,24.8,,
2023-03-06 13:00:00,2023-03-06 14:00:00,19.0,79.0,0.7,7.45,4.53,,5.3,0.3,64.3,2.23,3.8,0.3,0.05,0.18,35.25,1.1,128.5,87.25,25.05,,
2023-03-06 14:00:00,2023-03-06 15:00:00,16.5,75.75,0.28,7.65,4.28,,1.48,0.28,60.95,1.45,3.95,0.5,,0.23,31.25,1.23,128.5,100.75,25.32,,
2023-03-06 15:00:00,2023-03-06 16:00:00,17.75,103.75,0.65,9.0,5.0,,4.8,0.32,64.65,1.12,3.82,0.15,0.17,0.23,32.5,0.98,128.5,165.0,25.23,,
2023-03-06 16:00:00,2023-03-06 17:00:00,24.0,99.0,2.93,13.7,9.68,,5.9,0.44,61.53,1.4,4.55,0.8,,0.35,33.25,0.8,128.5,273.25,25.25,,
2023-03-06 17:00:00,2023-03-06 18:00:00,32.75,89.0,3.85,25.75,16.8,,6.73,0.67,52.85,2.23,8.95,5.1,0.03,2.27,32.75,0.67,128.5,91.75,25.15,,
2023-03-06 18:00:00,2023-03-06 19:00:00,42.5,165.5,10.0,50.28,34.83,,6.4,1.1,34.83,3.35,14.8,11.18,0.15,5.33,42.25,0.7,128.5,14.5,24.55,,
2023-03-06 19:00:00,2023-03-06 20:00:00,49.75,223.0,2.48,37.67,22.1,,7.75,1.01,36.4,5.72,13.3,8.72,0.12,3.88,53.25,1.05,128.5,12.5,24.05,,
2023-03-06 20:00:00,2023-03-06 21:00:00,75.5,,3.2,46.2,27.18,,7.03,1.13,30.62,5.3,13.85,7.28,0.12,3.2,54.5,0.67,128.5,12.0,23.82,,
2023-03-06 21:00:00,2023-03-06 22:00:00,82.25,,2.88,53.2,30.62,,6.08,1.04,19.15,6.67,17.85,11.45,0.22,5.3,58.75,0.4,128.5,12.0,23.48,,
2023-03-06 22:00:00,2023-03-06 23:00:00,93.75,,1.23,48.62,26.87,,6.03,0.91,19.75,6.55,15.4,8.3,0.1,3.65,62.25,0.17,128.25,11.75,23.17,,
2023-03-06 23:00:00,2023-03-07 00:00:00,82.25,,0.83,41.53,22.73,,5.05,0.74,22.15,5.72,12.25,4.08,0.05,1.6,66.0,0.15,128.5,11.25,22.8,,
2023-03-07 00:00:00,2023-03-07 01:00:00,74.5,,0.3,25.5,13.53,,5.05,0.62,26.5,5.12,11.15,2.65,,1.07,68.5,0.17,128.5,11.0,22.47,,
2023-03-07 01:00:00,2023-03-07 02:00:00,76.75,,1.18,36.35,20.27,,4.35,0.65,15.42,6.22,10.83,1.93,,0.8,70.75,0.12,128.5,11.25,22.27,,
2023-03-07 02:00:00,2023-03-07 03:00:00,78.25,,0.2,24.7,13.12,,4.2,0.56,24.27,5.25,11.3,2.08,,0.88,72.5,0.23,128.5,11.0,22.12,,
2023-03-07 03:00:00,2023-03-07 04:00:00,79.75,134.0,0.2,15.4,8.15,,3.73,0.66,28.48,4.65,10.35,1.57,,0.62,74.0,0.5,128.5,11.0,21.85,,
2023-03-07 04:00:00,2023-03-07 05:00:00,99.75,153.0,0.85,32.25,17.43,,14.12,0.86,17.45,12.28,9.78,1.27,,0.58,72.25,0.45,128.5,11.0,21.8,,
2023-03-07 05:00:00,2023-03-07 06:00:00,163.25,229.5,1.07,34.3,18.9,,33.23,1.38,18.23,21.55,10.32,1.35,,0.5,72.25,0.15,128.33,11.0,21.73,,
2023-03-07 06:00:00,2023-03-07 07:00:00,205.75,353.75,0.55,30.7,16.48,,31.05,1.02,18.25,24.33,10.83,1.57,,0.62,69.25,0.23,128.5,12.75,21.85,,
2023-03-07 07:00:00,2023-03-07 08:00:00,169.75,295.5,5.67,41.23,26.55,,17.65,1.16,14.4,15.72,12.35,3.12,,1.0,68.75,0.28,128.5,29.5,21.85,,
2023-03-07 08:00:00,2023-03-07 09:00:00,164.0,339.25,5.27,38.7,24.88,,16.2,1.39,28.95,19.43,16.9,7.38,0.8,3.58,59.75,0.5,128.5,45.75,22.62,,
2023-03-07 09:00:00,2023-03-07 10:00:00,225.25,411.0,1.22,27.9,15.85,,26.32,1.25,50.35,17.98,13.65,3.5,0.33,1.47,57.25,0.7,128.5,63.0,23.32,,
2023-03-07 10:00:00,2023-03-07 11:00:00,194.5,289.0,0.85,17.68,10.1,,33.02,0.68,53.55,24.27,10.83,1.02,0.72,0.88,52.0,0.62,128.5,69.5,24.0,,
2023-03-07 11:00:00,2023-03-07 12:00:00,115.0,230.25,1.68,21.73,12.95,,16.2,0.66,59.2,7.67,12.62,4.55,0.85,2.7,43.25,0.58,128.25,79.25,24.65,,
2023-03-07 12:00:00,2023-03-07 13:00:00,46.75,138.5,1.4,13.45,8.3,,9.35,0.49,64.5,5.45,10.12,2.92,0.48,1.48,38.0,0.62,128.5,72.0,24.92,,
2023-03-07 13:00:00,2023-03-07 14:00:00,31.75,123.0,2.17,17.68,11.18,,4.78,0.43,62.08,3.65,8.28,2.45,,1.0,32.0,0.57,128.5,87.75,25.18,,
2023-03-07 14:00:00,2023-03-07 15:00:00,23.0,,0.78,14.93,8.57,,3.2,0.37,58.65,2.42,7.7,2.18,0.03,0.95,29.25,0.65,128.5,98.5,25.35,,
2023-03-07 15:00:00,2023-03-07 16:00:00,14.25,,2.02,18.5,11.47,,3.8,0.42,54.6,2.02,7.65,2.6,0.03,1.05,31.75,0.65,128.5,153.0,25.43,,
2023-03-07 16:00:00,2023-03-07 17:00:00,16.5,,2.47,19.75,12.5,,5.82,0.41,55.15,2.03,8.0,2.1,0.25,1.1,32.0,0.65,128.5,261.75,25.3,,
2023-03-07 17:00:00,2023-03-07 18:00:00,20.5,,2.87,30.62,18.62,,6.17,0.54,48.12,2.3,9.07,2.4,0.45,1.85,34.0,0.4,128.5,85.5,25.08,,
2023-03-07 18:00:00,2023-03-07 19:00:00,22.75,,7.57,60.47,38.33,,5.72,0.93,28.77,3.08,13.85,8.77,0.17,4.15,38.0,0.28,128.5,14.0,24.55,,
2023-03-07 19:00:00,2023-03-07 20:00:00,37.25,,6.15,58.48,36.08,,6.3,1.29,18.65,5.4,18.45,14.32,0.17,7.03,45.5,0.28,128.5,12.0,24.0,,
2023-03-07 20:00:00,2023-03-07 21:00:00,69.25,,3.0,71.9,40.7,,7.62,1.18,8.6,7.33,19.5,14.3,0.2,7.07,50.5,0.15,128.5,12.0,23.6,,
2023-03-07 21:00:00,2023-03-07 22:00:00,71.75,,4.12,54.77,32.47,,7.52,0.97,11.95,5.5,16.53,9.6,0.15,4.28,54.25,0.15,128.5,11.5,23.35,,
2023-03-07 22:00:00,2023-03-07 23:00:00,70.75,,2.55,48.15,27.65,,7.2,0.86,16.48,6.05,17.12,9.7,0.15,4.43,53.75,0.6,128.5,11.5,23.12,,
2023-03-07 23:00:00,2023-03-08 00:00:00,78.75,,0.17,18.02,9.75,,12.6,0.7,30.18,8.22,11.33,3.57,,1.25,56.0,0.48,128.5,11.25,22.77,,
2023-03-08 00:00:00,2023-03-08 01:00:00,103.0,,0.72,25.52,14.15,,20.62,0.75,22.92,11.82,9.35,1.33,0.2,0.65,56.75,0.2,128.25,11.25,22.62,,
2023-03-08 01:00:00,2023-03-08 02:00:00,102.5,,0.85,27.55,15.33,,15.82,0.56,20.02,11.35,9.85,0.83,0.35,0.4,56.75,0.12,128.5,11.0,22.5,,
2023-03-08 02:00:00,2023-03-08 03:00:00,73.75,,0.27,23.73,12.75,,9.5,0.42,20.58,7.6,11.75,1.88,0.3,0.95,57.0,0.15,128.5,11.0,22.42,,
2023-03-08 03:00:00,2023-03-08 04:00:00,58.25,,0.15,21.27,11.32,,6.8,0.42,25.68,4.32,10.6,1.4,0.23,0.65,57.25,0.22,128.5,11.0,22.32,,
2023-03-08 04:00:00,2023-03-08 05:00:00,56.0,,0.1,19.7,10.43,,8.43,0.37,27.15,4.68,9.62,1.1,0.22,0.65,59.25,0.25,128.5,11.0,22.15,,
2023-03-08 05:00:00,2023-03-08 06:00:00,55.0,,0.3,19.95,10.57,,8.45,0.46,17.8,5.2,9.62,1.5,,0.55,64.5,0.28,128.5,11.0,21.95,,
2023-03-08 06:00:00,2023-03-08 07:00:00,59.75,,0.32,19.62,10.7,,10.75,0.6,16.88,8.55,9.38,1.18,,0.5,67.75,0.3,128.5,12.75,21.62,,
2023-03-08 07:00:00,2023-03-08 08:00:00,93.25,,8.45,36.25,26.18,,17.3,0.88,14.1,11.4,9.35,0.8,0.15,0.4,63.0,0.53,128.5,26.0,21.88,,
2023-03-08 08:00:00,2023-03-08 09:00:00,152.25,,1.25,19.78,11.53,,14.15,0.73,32.2,11.12,10.85,1.58,0.23,0.6,54.5,0.93,128.5,48.5,22.55,,
2023-03-08 09:00:00,2023-03-08 10:00:00,119.25,,0.82,13.03,7.6,,13.82,0.49,43.8,7.2,8.28,0.6,0.4,0.42,50.0,0.77,128.5,55.75,23.27,,
2023-03-08 10:00:00,2023-03-08 11:00:00,60.75,,1.35,11.85,7.4,,14.65,0.44,47.92,5.3,7.75,0.5,0.65,0.65,43.5,0.9,128.5,71.25,23.9,,
2023-03-08 11:00:00,2023-03-08 12:00:00,39.5,,1.7,12.88,8.22,,14.1,0.53,54.98,4.0,6.25,0.82,0.22,0.55,41.5,0.72,128.5,84.25,24.55,,
2023-03-08 12:00:00,2023-03-08 13:00:00,35.0,,0.3,10.45,5.85,,14.1,0.43,65.3,3.88,8.28,1.25,1.57,1.57,37.75,0.8,128.5,75.0,24.98,,
2023-03-08 13:00:00,2023-03-08 14:00:00,30.5,,1.15,14.4,8.57,,9.72,0.39,65.38,3.03,6.15,0.8,0.15,0.5,33.25,0.7,128.25,114.0,25.35,,
2023-03-08 14:00:00,2023-03-08 15:00:00,21.5,,0.5,10.27,5.67,,7.1,0.3,68.32,2.05,6.38,0.43,0.9,0.83,29.25,0.7,128.5,118.75,25.6,,
2023-03-08 15:00:00,2023-03-08 16:00:00,14.0,,0.42,11.85,6.67,,7.9,0.32,67.88,1.92,4.9,0.43,0.35,0.42,29.75,0.65,128.5,168.25,25.58,,
2023-03-08 16:00:00,2023-03-08 17:00:00,17.5,,0.68,12.72,7.35,,8.03,0.33,67.28,1.75,5.05,0.53,0.15,0.35,32.25,0.68,128.5,256.75,25.5,,
2023-03-08 17:00:00,2023-03-08 18:00:00,23.5,,0.27,12.58,6.87,,7.93,0.32,67.35,1.67,4.97,0.45,0.25,0.4,34.5,0.85,128.5,86.0,25.12,,
2023-03-08 18:00:00,2023-03-08 19:00:00,28.0,,,22.85,12.0,,8.3,0.44,53.6,1.73,5.42,0.92,,0.47,36.25,0.2,128.5,15.0,24.58,,
2023-03-08 19:00:00,2023-03-08 20:00:00,33.0,,1.6,44.62,24.67,,16.57,1.12,36.83,4.17,10.68,4.92,0.35,2.67,42.5,0.2,128.5,12.0,24.1,,
2023-03-08 20:00:00,2023-03-08 21:00:00,63.0,,1.77,52.85,29.55,,13.7,1.13,24.25,12.8,14.45,3.3,2.8,3.55,44.5,0.15,128.5,12.0,23.75,,
2023-03-08 21:00:00,2023-03-08 22:00:00,95.75,,24.1,85.28,64.98,,12.38,1.38,3.47,8.45,17.68,9.2,1.27,4.97,48.5,0.1,128.5,12.0,23.32,,
2023-03-08 22:00:00,2023-03-08 23:00:00,102.75,,13.38,72.6,49.5,,10.85,1.04,4.2,6.57,19.45,12.22,0.28,5.78,51.75,0.17,128.33,11.75,23.12,,
2023-03-08 23:00:00,2023-03-09 00:00:00,75.75,,1.4,46.5,25.85,,8.93,0.93,18.75,5.32,16.05,5.58,1.25,3.5,55.25,0.15,128.5,11.5,22.9,,
2023-03-09 00:00:00,2023-03-09 01:00:00,79.25,,1.38,45.95,25.57,,12.55,0.95,21.35,21.07,12.6,1.42,0.8,1.07,56.5,0.22,128.5,11.0,22.7,,
2023-03-09 01:00:00,2023-03-09 02:00:00,83.5,,0.3,17.62,9.47,,5.65,0.5,36.1,6.65,10.57,1.25,0.4,0.8,59.5,0.22,128.5,11.5,22.42,,
2023-03-09 02:00:00,2023-03-09 03:00:00,64.25,,0.3,14.62,7.75,,5.58,0.48,38.28,4.88,9.52,0.72,0.32,0.58,60.75,0.2,128.25,11.5,22.2,,
2023-03-09 03:00:00,2023-03-09 04:00:00,79.0,,0.15,17.25,9.32,,7.78,0.49,36.85,5.08,9.07,0.83,0.12,0.43,60.75,0.12,128.5,11.0,22.1,,
2023-03-09 04:00:00,2023-03-09 05:00:00,86.0,,0.43,26.25,14.32,,9.4,0.54,29.93,6.12,9.18,1.1,0.12,0.48,60.0,0.12,128.5,11.75,22.1,,
2023-03-09 05:00:00,2023-03-09 06:00:00,94.0,,0.25,22.12,11.97,,9.62,0.64,31.62,9.85,10.18,1.25,0.2,0.57,60.75,0.1,128.5,11.5,22.02,,
2023-03-09 06:00:00,2023-03-09 07:00:00,96.0,,0.3,19.3,10.43,,10.05,0.59,32.32,6.88,9.2,0.88,0.32,0.55,60.75,0.18,128.33,13.0,21.95,,
2023-03-09 07:00:00,2023-03-09 08:00:00,93.5,,6.6,52.62,33.38,,11.57,0.94,14.57,7.8,10.57,1.28,0.88,1.07,60.5,0.3,128.5,32.0,22.12,,
2023-03-09 08:00:00,2023-03-09 09:00:00,117.25,,2.5,25.82,15.8,,11.22,0.83,31.77,8.6,12.32,1.1,1.3,1.38,54.75,0.53,128.5,49.0,22.65,,
2023-03-09 09:00:00,2023-03-09 10:00:00,118.5,,1.2,15.2,9.05,,15.1,0.9,41.35,10.0,9.85,1.05,0.45,0.6,53.5,0.78,128.5,67.5,23.38,,
2023-03-09 10:00:00,2023-03-09 11:00:00,97.5,,0.7,11.73,6.8,,10.75,0.56,48.75,8.03,8.5,0.57,0.28,0.4,48.25,1.23,128.5,76.5,24.05,,
2023-03-09 11:00:00,2023-03-09 12:00:00,60.25,,0.23,11.07,6.05,,13.35,0.61,57.62,6.38,6.12,0.42,0.12,0.28,46.0,0.93,128.5,91.75,24.62,,
2023-03-09 12:00:00,2023-03-09 13:00:00,57.0,,1.15,10.2,6.35,,10.25,0.46,69.53,4.08,6.07,0.33,0.17,0.22,37.25,0.95,128.5,79.5,25.07,,
2023-03-09 13:00:00,2023-03-09 14:00:00,29.5,,0.5,10.12,5.78,,6.62,0.43,73.82,1.85,1.38,0.2,0.25,0.27,34.0,1.27,128.5,130.25,25.4,,
2023-03-09 14:00:00,2023-03-09 15:00:00,25.5,,0.85,12.88,7.53,,4.83,0.46,72.05,1.52,2.98,0.65,,0.25,31.0,0.95,128.5,136.25,25.6,,
2023-03-09 15:00:00,2023-03-09 16:00:00,22.75,,1.07,14.65,8.68,,3.5,0.49,70.4,1.63,5.45,0.85,0.3,0.55,33.5,1.0,128.25,186.25,25.52,,
2023-03-09 16:00:00,2023-03-09 17:00:00,22.25,,2.88,21.25,13.63,,3.22,0.56,66.02,1.77,6.7,1.38,0.28,0.75,30.75,1.3,128.5,244.75,25.5,,
2023-03-09 17:00:00,2023-03-09 18:00:00,27.25,,3.1,25.22,15.98,,3.65,0.6,62.53,1.77,7.85,1.83,0.3,0.95,32.5,1.35,128.5,85.5,25.23,,
2023-03-09 18:00:00,2023-03-09 19:00:00,29.75,,9.85,60.5,40.2,,4.42,1.24,30.85,3.27,12.7,3.7,1.32,2.52,47.25,0.42,128.5,13.25,24.48,,
2023-03-09 19:00:00,2023-03-09 20:00:00,45.0,,2.77,62.38,35.45,,5.97,1.07,22.38,6.68,22.45,18.52,0.33,9.93,54.75,0.18,128.5,11.5,24.23,,
2023-03-09 20:00:00,2023-03-09 21:00:00,65.75,,1.12,67.6,36.85,,8.02,1.11,14.0,10.88,17.1,11.27,0.1,5.1,59.0,0.2,128.5,11.5,23.82,,
2023-03-09 21:00:00,2023-03-09 22:00:00,92.5,,3.93,61.08,35.7,,5.58,1.14,11.1,7.68,18.02,11.8,0.17,5.5,60.5,0.1,128.5,12.0,23.62,,
2023-03-09 22:00:00,2023-03-09 23:00:00,89.25,,0.8,41.15,22.52,,5.27,0.77,24.57,6.7,14.43,6.6,0.1,2.6,62.25,0.1,128.5,11.75,23.38,,
2023-03-09 23:00:00,2023-03-10 00:00:00,78.5,,0.2,35.02,18.73,,5.35,0.59,31.22,4.42,10.82,2.67,0.03,1.03,63.0,0.17,128.5,11.5,23.2,,
2023-03-10 00:00:00,2023-03-10 01:00:00,79.5,,1.7,37.08,21.1,,6.15,0.69,26.3,5.75,10.47,2.0,,0.7,65.5,0.22,128.5,11.5,23.0,,
2023-03-10 01:00:00,2023-03-10 02:00:00,103.0,,0.2,22.3,11.97,,4.6,0.58,30.8,5.92,10.12,1.62,,0.55,69.75,0.12,128.5,10.75,22.6,,
2023-03-10 02:00:00,2023-03-10 03:00:00,94.5,,0.3,29.38,15.67,,5.23,0.54,29.68,4.7,9.65,0.82,0.28,0.53,69.5,0.1,128.5,11.0,22.52,,
2023-03-10 03:00:00,2023-03-10 04:00:00,95.0,,0.3,43.92,23.37,,4.88,0.62,19.88,4.77,9.53,1.12,,0.38,68.25,0.23,128.5,11.25,22.5,,
2023-03-10 04:00:00,2023-03-10 05:00:00,110.25,,3.4,50.35,29.52,,6.85,0.64,15.6,7.02,10.07,1.35,,0.5,69.25,0.2,128.25,11.25,22.43,,
2023-03-10 05:00:00,2023-03-10 06:00:00,136.75,,0.45,22.4,12.3,,5.75,0.75,20.85,6.95,10.05,1.37,,0.58,77.0,0.15,128.5,11.25,21.98,,
2023-03-10 06:00:00,2023-03-10 07:00:00,164.25,,1.07,30.0,16.83,,6.47,0.83,18.4,7.2,9.88,1.5,0.03,0.55,77.0,0.45,128.5,13.5,21.9,,
2023-03-10 07:00:00,2023-03-10 08:00:00,177.75,,1.67,32.0,18.35,,8.6,0.95,25.87,11.77,10.95,1.55,0.17,0.6,72.25,0.88,128.5,31.0,21.83,,
2023-03-10 08:00:00,2023-03-10 09:00:00,185.75,362.0,7.2,26.2,19.8,,12.4,0.96,44.95,7.18,9.27,1.3,,0.38,66.75,1.32,128.5,47.5,22.47,,
2023-03-10 09:00:00,2023-03-10 10:00:00,193.0,409.5,0.9,19.2,10.95,,27.18,1.52,44.95,22.02,16.55,5.25,0.65,1.68,64.75,0.82,128.5,80.0,23.35,,
2023-03-10 10:00:00,2023-03-10 11:00:00,258.67,427.33,0.35,12.85,7.12,,31.4,0.69,53.98,23.85,9.72,1.3,0.12,0.45,54.25,1.15,128.5,86.5,24.23,,
2023-03-10 11:00:00,2023-03-10 12:00:00,109.0,242.0,0.4,10.07,5.7,,21.85,0.57,67.45,10.45,7.0,0.45,0.15,0.23,43.25,1.12,128.5,90.75,24.85,,
2023-03-10 12:00:00,2023-03-10 13:00:00,62.5,,,8.4,4.3,,12.57,0.48,73.47,5.9,5.23,0.47,0.2,0.33,35.75,1.3,128.5,72.0,25.22,,
2023-03-10 13:00:00,2023-03-10 14:00:00,33.5,91.0,0.4,7.9,4.53,,8.0,0.46,73.08,3.0,3.53,0.25,0.08,0.1,29.0,1.18,128.5,134.25,25.55,,
2023-03-10 14:00:00,2023-03-10 15:00:00,22.75,83.0,0.2,6.92,3.73,,6.05,0.42,72.55,1.53,2.82,0.23,,0.2,22.5,1.23,128.5,182.25,25.77,,
2023-03-10 15:00:00,2023-03-10 16:00:00,12.0,67.25,,7.75,4.08,,2.48,0.42,70.22,0.98,2.78,0.2,0.03,0.1,18.0,0.98,128.5,216.5,25.98,,
2023-03-10 16:00:00,2023-03-10 17:00:00,10.25,54.5,0.23,9.55,5.28,19.3,4.5,0.41,69.28,0.97,3.48,0.48,,0.17,21.75,0.9,128.5,281.75,25.93,,
2023-03-10 17:00:00,2023-03-10 18:00:00,11.0,68.25,0.3,11.43,6.1,,3.95,0.45,68.2,1.3,4.1,0.35,0.05,0.25,20.75,0.78,128.25,100.25,25.35,,
2023-03-10 18:00:00,2023-03-10 19:00:00,16.25,89.0,24.85,58.2,51.12,,7.3,1.48,34.88,2.58,6.98,0.65,1.35,1.25,27.25,0.15,128.5,16.5,25.12,,
2023-03-10 19:00:00,2023-03-10 20:00:00,53.25,305.0,91.07,112.78,134.07,,9.12,3.16,2.33,9.8,33.33,29.4,1.15,18.72,33.5,0.22,128.5,12.75,24.35,,
2023-03-10 20:00:00,2023-03-10 21:00:00,108.75,657.5,35.35,90.35,76.78,,7.15,2.16,2.75,10.88,37.95,38.1,0.5,23.05,42.0,0.22,128.5,12.25,23.83,,
2023-03-10 21:00:00,2023-03-10 22:00:00,101.5,413.0,20.1,85.65,61.92,,8.6,1.81,4.38,9.58,29.33,24.85,0.33,14.75,45.5,0.15,128.5,12.0,23.45,,
2023-03-10 22:00:00,2023-03-10 23:00:00,96.5,322.75,34.55,70.35,65.52,,8.03,1.45,10.6,9.38,27.7,22.32,0.45,12.83,49.75,0.33,128.5,12.0,23.42,,
2023-03-10 23:00:00,2023-03-11 00:00:00,99.0,338.0,0.53,36.92,19.95,,8.43,0.82,28.32,6.43,17.4,10.35,0.2,4.75,54.75,0.27,128.5,12.0,23.27,,
2023-03-11 00:00:00,2023-03-11 01:00:00,77.5,169.5,0.25,30.67,16.42,,8.1,0.67,25.35,5.57,13.75,4.83,0.08,1.95,57.75,0.22,128.5,11.0,22.92,,
2023-03-11 01:00:00,2023-03-11 02:00:00,78.75,145.0,0.43,36.88,19.9,,8.12,0.65,18.77,5.08,13.02,3.65,0.08,1.38,56.75,0.2,128.5,12.0,22.68,,
2023-03-11 02:00:00,2023-03-11 03:00:00,74.25,177.75,0.2,25.75,13.78,,10.9,0.61,29.1,5.67,12.88,3.27,0.1,1.3,52.25,0.23,128.5,12.0,22.82,,
2023-03-11 03:00:00,2023-03-11 04:00:00,76.5,159.25,0.67,33.73,18.35,,9.38,0.62,21.05,5.45,12.22,2.25,0.3,1.0,54.75,0.22,128.5,12.0,22.52,,
2023-03-11 04:00:00,2023-03-11 05:00:00,74.25,161.75,0.45,29.3,15.93,,10.07,0.57,26.95,6.33,11.73,2.28,,0.85,55.5,0.2,128.5,11.75,22.45,,
2023-03-11 05:00:00,2023-03-11 06:00:00,70.0,133.0,0.3,16.7,9.03,,12.43,0.62,35.77,9.45,11.75,2.05,,0.72,57.5,0.25,128.25,11.0,22.32,,
2023-03-11 06:00:00,2023-03-11 07:00:00,,129.5,0.5,18.38,10.18,,13.55,0.6,33.22,5.83,10.12,0.97,0.2,0.53,60.25,0.22,128.5,14.0,22.1,,
2023-03-11 07:00:00,2023-03-11 08:00:00,,178.75,1.35,32.02,18.15,,16.43,0.71,34.8,8.7,10.83,1.15,0.4,0.72,57.25,0.4,128.5,32.0,22.18,,
2023-03-11 08:00:00,2023-03-11 09:00:00,,174.5,1.77,21.47,12.88,,15.57,0.7,43.2,7.0,11.95,2.7,0.03,1.03,54.25,0.5,128.75,48.25,22.93,,
2023-03-11 09:00:00,2023-03-11 10:00:00,,169.75,2.4,24.7,15.07,,14.2,0.79,45.45,6.68,12.85,4.1,,1.67,52.5,0.57,128.5,81.0,23.78,,
2023-03-11 10:00:00,2023-03-11 11:00:00,,240.0,0.72,13.97,8.03,,12.7,0.42,58.7,4.8,11.6,3.62,0.03,1.47,43.0,0.73,128.5,90.75,24.75,,
2023-03-11 11:00:00,2023-03-11 12:00:00,,163.5,1.1,13.72,8.0,,9.45,0.39,63.6,2.85,7.45,1.23,0.15,0.6,35.25,0.85,128.5,107.5,25.35,,
2023-03-11 12:00:00,2023-03-11 13:00:00,32.0,141.75,1.15,12.6,7.65,,11.2,0.37,66.22,2.6,6.1,0.72,0.4,0.57,29.5,0.7,128.25,81.5,25.9,,
2023-03-11 13:00:00,2023-03-11 14:00:00,32.0,131.75,0.38,11.45,6.35,,20.15,0.34,74.03,2.75,5.32,0.5,0.53,0.55,25.75,1.02,128.5,129.5,26.05,,
2023-03-11 14:00:00,2023-03-11 15:00:00,31.25,109.5,0.47,9.88,5.67,,14.7,0.3,78.58,1.38,4.08,0.23,0.23,0.28,24.0,0.9,128.5,210.0,26.23,,
2023-03-11 15:00:00,2023-03-11 16:00:00,45.25,256.5,0.67,13.75,7.85,,16.75,0.45,74.85,1.4,4.17,0.55,0.15,0.28,23.75,0.75,128.5,233.75,26.32,,
2023-03-11 16:00:00,2023-03-11 17:00:00,65.75,491.0,0.7,14.25,8.15,,12.0,0.4,73.1,1.62,5.38,1.57,,0.62,22.75,0.57,128.5,267.75,26.38,,
2023-03-11 17:00:00,2023-03-11 18:00:00,25.5,150.25,2.8,40.22,23.68,,10.3,0.71,51.73,2.02,7.65,3.0,0.03,1.32,28.5,0.47,128.5,93.75,26.23,,
2023-03-11 18:00:00,2023-03-11 19:00:00,28.5,185.25,10.47,69.48,45.45,,12.0,1.24,25.22,4.4,21.2,18.0,0.28,9.55,39.75,0.52,128.5,17.25,25.38,,
2023-03-11 19:00:00,2023-03-11 20:00:00,45.25,272.75,7.07,65.0,40.3,,10.12,1.29,25.77,5.5,20.17,14.18,2.02,11.05,42.25,0.55,128.5,14.0,24.85,,
2023-03-11 20:00:00,2023-03-11 21:00:00,65.0,302.75,2.9,44.3,25.92,5.1,6.5,0.96,29.33,6.72,19.57,6.12,6.2,7.03,43.0,0.57,128.5,14.0,24.5,,
2023-03-11 21:00:00,2023-03-11 22:00:00,73.75,220.0,2.48,37.12,21.75,,5.65,0.8,29.62,5.53,14.9,8.03,0.12,3.27,44.75,0.65,128.5,13.0,24.08,,
2023-03-11 22:00:00,2023-03-11 23:00:00,66.75,180.0,1.25,30.62,17.27,,5.78,0.59,26.67,5.4,11.55,4.97,0.08,1.87,50.25,0.42,128.5,13.5,23.78,,
2023-03-11 23:00:00,2023-03-12 00:00:00,79.75,203.5,0.47,27.9,15.25,,5.33,0.66,22.7,6.82,9.25,2.73,0.12,1.18,56.5,0.25,128.5,13.0,23.47,,
2023-03-12 00:00:00,2023-03-12 01:00:00,91.75,150.0,0.85,27.9,15.55,,8.07,0.55,29.2,5.0,7.95,2.48,0.03,1.0,60.0,0.25,128.25,13.0,23.37,,
2023-03-12 01:00:00,2023-03-12 02:00:00,58.5,121.75,0.25,19.25,10.42,,9.18,0.55,36.85,5.4,7.95,2.05,,0.8,61.0,0.28,128.5,13.0,23.25,,
2023-03-12 02:00:00,2023-03-12 03:00:00,67.0,157.25,0.5,18.15,9.77,,11.43,0.53,38.1,4.85,7.4,1.52,,0.65,60.75,0.28,128.5,13.0,23.08,,
2023-03-12 03:00:00,2023-03-12 04:00:00,77.5,139.0,0.5,14.52,7.6,,10.45,0.49,42.83,6.08,7.72,1.45,,0.67,59.0,0.3,128.5,12.75,23.08,,
2023-03-12 04:00:00,2023-03-12 05:00:00,93.0,140.5,0.2,21.53,11.55,,3.25,0.7,35.83,5.4,7.8,0.75,0.17,0.4,62.5,0.43,128.5,13.0,22.77,,
2023-03-12 05:00:00,2023-03-12 06:00:00,128.0,204.5,0.28,20.92,11.33,,2.58,0.64,27.73,11.2,8.68,1.12,,0.43,65.75,0.3,128.5,13.0,22.5,,
2023-03-12 06:00:00,2023-03-12 07:00:00,161.5,199.0,0.7,35.8,19.6,,6.05,0.67,26.42,8.2,8.33,1.2,,0.47,60.0,0.28,128.5,15.75,22.68,,
2023-03-12 07:00:00,2023-03-12 08:00:00,142.0,188.25,1.4,29.6,16.85,,11.43,0.74,31.77,7.77,8.43,1.43,,0.57,57.5,0.35,128.5,38.5,22.88,,
2023-03-12 08:00:00,2023-03-12 09:00:00,140.25,231.75,1.68,29.22,16.88,,23.45,0.8,42.9,8.4,9.12,2.42,0.12,0.93,50.75,0.5,128.5,62.75,23.6,,
2023-03-12 09:00:00,2023-03-12 10:00:00,105.0,163.5,3.27,31.8,19.57,,18.22,0.85,47.15,8.4,12.4,4.3,0.85,2.42,45.5,0.5,128.5,103.0,24.27,,
2023-03-12 10:00:00,2023-03-12 11:00:00,97.5,153.0,3.88,36.45,22.55,,15.73,0.87,49.85,8.62,13.3,4.7,0.95,2.8,43.0,0.5,128.5,149.5,25.03,,
2023-03-12 11:00:00,2023-03-12 12:00:00,89.75,242.25,2.77,28.9,17.68,,13.85,0.72,55.18,8.6,14.98,8.03,0.12,3.42,44.0,0.6,128.5,155.5,25.52,,
2023-03-12 12:00:00,2023-03-12 13:00:00,70.0,208.0,1.05,11.6,7.0,,5.25,0.55,61.58,6.3,10.52,1.9,1.17,1.77,38.75,0.7,128.5,103.5,25.92,,
2023-03-12 13:00:00,2023-03-12 14:00:00,53.25,178.75,0.82,12.05,7.08,,3.0,0.39,60.6,5.0,8.78,1.92,0.15,0.8,29.25,0.85,128.25,148.5,26.38,,
2023-03-12 14:00:00,2023-03-12 15:00:00,39.5,140.0,0.1,6.82,3.65,,2.0,0.23,67.8,2.97,6.1,1.22,0.07,0.5,27.25,1.05,128.5,205.0,26.35,,
2023-03-12 15:00:00,2023-03-12 16:00:00,30.5,131.75,0.2,7.28,4.0,,1.97,0.23,65.85,1.9,3.85,0.47,,0.23,27.0,0.77,128.5,237.75,26.38,,
2023-03-12 16:00:00,2023-03-12 17:00:00,24.75,100.0,1.0,17.6,10.18,,10.3,0.42,64.8,1.88,3.58,0.65,0.05,0.28,25.5,0.57,128.25,187.5,26.52,,
2023-03-12 17:00:00,2023-03-12 18:00:00,31.0,114.0,1.47,27.05,15.55,,12.68,0.57,57.75,3.5,7.4,3.98,0.08,1.68,34.75,0.38,128.5,91.25,26.23,,
2023-03-12 18:00:00,2023-03-12 19:00:00,33.0,111.0,7.83,57.45,36.95,,11.02,1.15,37.42,4.95,8.07,4.47,,1.93,39.5,0.33,128.5,17.25,25.53,,
2023-03-12 19:00:00,2023-03-12 20:00:00,47.75,221.25,5.2,38.68,24.8,,10.97,1.01,30.82,6.7,18.57,15.93,0.3,8.6,49.75,1.25,128.5,14.0,25.0,,
2023-03-12 20:00:00,2023-03-12 21:00:00,75.5,307.25,1.35,25.0,14.38,,7.45,0.7,38.85,5.65,10.7,4.22,1.23,9.7,52.5,1.23,128.5,14.0,24.7,,
2023-03-12 21:00:00,2023-03-12 22:00:00,68.5,222.5,0.83,23.2,13.0,,3.9,0.62,30.52,5.25,10.65,1.35,2.08,2.25,55.0,1.15,128.5,13.75,24.48,,
2023-03-12 22:00:00,2023-03-12 23:00:00,78.0,223.0,0.93,18.12,10.4,,3.2,0.46,35.02,7.0,9.98,2.2,0.33,1.18,58.75,1.18,128.5,13.0,24.15,,
2023-03-12 23:00:00,2023-03-13 00:00:00,80.0,198.5,0.45,14.65,8.15,,2.97,0.45,25.88,4.62,8.27,1.75,0.03,0.7,62.75,1.0,128.5,13.0,23.82,,
2023-03-13 00:00:00,2023-03-13 01:00:00,80.0,189.5,0.3,16.48,8.88,,0.85,0.56,25.0,4.0,7.5,1.33,1.32,0.35,65.75,0.5,128.5,13.0,23.55,,
2023-03-13 01:00:00,2023-03-13 02:00:00,,113.5,0.92,21.38,12.12,,0.65,0.63,7.03,7.3,7.0,1.45,,0.6,71.25,0.3,128.5,12.5,23.17,,
2023-03-13 02:00:00,2023-03-13 03:00:00,,85.75,1.08,19.57,11.28,,1.9,0.68,17.38,5.12,6.67,1.07,,0.47,72.25,0.25,128.5,13.0,23.05,,
2023-03-13 03:00:00,2023-03-13 04:00:00,,172.5,0.88,16.82,9.65,,7.93,0.64,21.57,8.78,7.35,1.18,,0.43,73.25,0.3,128.5,12.75,22.92,,
2023-03-13 04:00:00,2023-03-13 05:00:00,,132.5,0.3,15.85,8.47,,6.2,0.62,15.6,6.02,8.45,1.4,0.2,4.9,75.75,0.27,128.5,12.75,22.62,,
2023-03-13 05:00:00,2023-03-13 06:00:00,,112.0,1.02,21.45,12.23,,1.9,0.67,14.5,6.27,9.7,1.38,0.35,0.9,78.0,0.4,128.25,12.75,22.47,,
2023-03-13 06:00:00,2023-03-13 07:00:00,,234.5,1.68,19.65,11.8,,2.0,0.7,8.8,8.43,11.45,2.88,0.03,1.05,80.25,0.3,128.5,14.75,22.3,,
2023-03-13 07:00:00,2023-03-13 08:00:00,,176.5,5.6,26.58,18.67,,1.25,0.92,7.33,6.6,11.1,3.17,0.03,1.25,77.75,0.42,128.5,28.5,22.57,,
2023-03-13 08:00:00,2023-03-13 09:00:00,,264.0,9.07,40.35,28.8,,1.93,1.6,11.37,12.25,15.28,7.58,0.93,2.3,72.5,0.57,128.5,48.25,23.02,,
2023-03-13 09:00:00,2023-03-13 10:00:00,,539.75,12.97,65.35,45.3,,1.58,1.41,13.15,14.73,17.62,11.8,0.22,4.4,68.25,0.9,128.5,76.75,23.43,,
2023-03-13 10:00:00,2023-03-13 11:00:00,,329.0,5.07,36.35,23.48,,7.02,0.83,37.52,11.57,17.23,12.43,0.22,5.97,56.5,0.55,128.5,113.25,24.3,,
2023-03-13 11:00:00,2023-03-13 12:00:00,,212.75,2.82,21.17,13.55,,14.8,0.67,50.45,6.62,12.25,6.52,0.12,2.75,48.25,0.65,128.5,150.25,25.12,,
2023-03-13 12:00:00,2023-03-13 13:00:00,,181.0,3.65,24.35,15.9,,13.0,0.66,62.92,4.3,9.57,3.95,0.12,1.7,37.0,0.75,128.5,112.5,25.62,,
2023-03-13 13:00:00,2023-03-13 14:00:00,44.0,160.0,2.05,20.07,12.33,,4.0,0.64,61.9,2.9,9.57,0.77,2.05,3.18,37.5,0.65,128.5,177.25,25.88,,
2023-03-13 14:00:00,2023-03-13 15:00:00,42.5,165.25,1.6,16.85,10.25,,2.15,0.58,64.7,2.35,7.08,2.25,0.23,1.0,37.75,0.7,128.5,244.75,26.1,,
2023-03-13 15:00:00,2023-03-13 16:00:00,41.25,166.75,0.67,10.85,6.32,,2.92,0.52,64.05,2.1,4.92,1.33,0.33,0.55,38.5,0.7,128.5,238.75,25.88,,
2023-03-13 16:00:00,2023-03-13 17:00:00,46.0,172.0,0.57,13.33,7.6,,0.1,0.58,59.9,2.1,4.38,0.7,0.33,0.4,38.25,0.5,128.5,226.25,25.85,,
2023-03-13 17:00:00,2023-03-13 18:00:00,42.75,144.0,0.38,13.95,7.75,,6.75,0.59,47.05,3.1,5.4,1.93,0.1,0.77,40.25,0.35,128.5,71.75,25.5,,
2023-03-13 18:00:00,2023-03-13 19:00:00,41.0,115.67,1.67,39.3,22.3,,11.33,1.05,51.1,3.77,6.07,2.03,0.03,0.9,42.33,0.2,128.33,13.67,24.93,,
2023-03-13 19:00:00,2023-03-13 20:00:00,,,,,,,,,,,,,,,,,,,,,
2023-03-13 20:00:00,2023-03-13 21:00:00,,,,,,,,,,,,,,,,,,,,,
2023-03-13 21:00:00,2023-03-13 22:00:00,,,,,,,,,,,,,,,,,,,,,
2023-03-13 22:00:00,2023-03-13 23:00:00,,,,,,,,,,,,,,,,,,,,,
2023-03-13 23:00:00,2023-03-14 00:00:00,,,,,,,,,,,,,,,,,,,,,
2023-03-14 00:00:00,2023-03-14 01:00:00,,,,,,,,,,,,,,,,,,,,,
2023-03-14 01:00:00,2023-03-14 02:00:00,,,,,,,,,,,,,,,,,,,,,
2023-03-14 02:00:00,2023-03-14 03:00:00,,,,,,,,,,,,,,,,,,,,,
2023-03-14 03:00:00,2023-03-14 04:00:00,,,,,,,,,,,,,,,,,,,,,
2023-03-14 04:00:00,2023-03-14 05:00:00,,,,,,,,,,,,,,,,,,,,,
2023-03-14 05:00:00,2023-03-14 06:00:00,,,,,,,,,,,,,,,,,,,,,
2023-03-14 06:00:00,2023-03-14 07:00:00,,,,,,,,,,,,,,,,,,,,,
2023-03-14 07:00:00,2023-03-14 08:00:00,,,,,,,,,,,,,,,,,,,,,
2023-03-14 08:00:00,2023-03-14 09:00:00,,,,,,,,,,,,,,,,,,,,,
2023-03-14 09:00:00,2023-03-14 10:00:00,,,,,,,,,,,,,,,,,,,,,
2023-03-14 10:00:00,2023-03-14 11:00:00,,,,,,,,,,,,,,,,,,,,,
2023-03-14 11:00:00,2023-03-14 12:00:00,,,,,,,,,,,,,,,,,,,,,
2023-03-14 12:00:00,2023-03-14 13:00:00,,,,,,,,,,,,,,,,,,,,,
2023-03-14 13:00:00,2023-03-14 14:00:00,,,,,,,,,,,,,,,,,,,,,
2023-03-14 14:00:00,2023-03-14 15:00:00,,,,,,,,,,,,,,,,,,,,,
2023-03-14 15:00:00,2023-03-14 16:00:00,,,,,,,,,,,,,,,,,,,,,
2023-03-14 16:00:00,2023-03-14 17:00:00,,,,,,,,,,,,,,,,,,,,,
2023-03-14 17:00:00,2023-03-14 18:00:00,,,2.5,23.8,4.9,,9.8,0.15,47.37,0.5,1.3,0.3,,0.2,36.0,0.37,128.33,72.33,26.2,,
2023-03-14 18:00:00,2023-03-14 19:00:00,,,2.95,47.02,27.43,,11.88,1.14,37.8,3.75,11.4,5.9,0.08,2.58,46.0,0.5,128.5,17.5,25.43,,
2023-03-14 19:00:00,2023-03-14 20:00:00,,,4.45,51.73,31.1,,11.02,1.56,32.37,9.03,17.55,12.8,0.22,6.03,52.5,0.53,128.5,14.0,24.93,,
2023-03-14 20:00:00,2023-03-14 21:00:00,,,4.65,57.25,34.25,,10.25,1.48,26.82,8.92,21.95,18.03,0.32,9.28,53.5,0.38,128.5,13.0,24.65,,
2023-03-14 21:00:00,2023-03-14 22:00:00,,,3.4,58.65,33.98,,9.38,1.4,20.52,9.35,21.07,13.7,3.27,13.2,56.5,0.33,128.5,13.0,24.3,,
2023-03-14 22:00:00,2023-03-14 23:00:00,,,0.8,44.02,24.1,,4.12,1.03,18.97,6.35,15.15,4.47,2.27,9.85,60.25,0.25,128.5,12.5,23.95,,
2023-03-14 23:00:00,2023-03-15 00:00:00,,,1.6,50.43,28.12,,3.12,0.96,22.52,10.1,12.5,4.2,1.07,1.32,61.0,0.28,128.25,13.0,23.85,,
2023-03-15 00:00:00,2023-03-15 01:00:00,,,0.35,40.1,21.6,,2.6,0.66,18.5,6.75,9.35,2.7,,0.78,63.25,0.22,128.5,13.0,23.57,,
2023-03-15 01:00:00,2023-03-15 02:00:00,,,0.23,20.75,11.2,,2.45,0.67,23.13,5.45,7.83,1.85,0.5,0.6,66.25,0.17,128.5,12.0,23.3,,
2023-03-15 02:00:00,2023-03-15 03:00:00,,,0.72,32.1,17.67,,3.17,0.75,8.4,6.1,6.67,1.65,0.8,0.67,72.25,0.23,128.5,12.0,22.92,,
2023-03-15 03:00:00,2023-03-15 04:00:00,,,0.67,25.4,14.08,,3.45,0.7,22.27,6.28,7.2,1.62,,0.67,70.75,0.25,128.5,11.0,22.85,,
2023-03-15 04:00:00,2023-03-15 05:00:00,,,0.2,17.82,9.55,,6.75,0.68,23.48,7.55,7.4,1.38,,0.62,66.5,0.3,128.5,11.75,22.82,,
2023-03-15 05:00:00,2023-03-15 06:00:00,,,1.62,33.48,19.12,,8.25,0.85,14.2,10.43,8.95,1.8,0.05,0.8,68.5,0.23,128.5,11.75,22.62,,
2023-03-15 06:00:00,2023-03-15 07:00:00,,,6.83,51.75,33.05,,4.33,0.93,14.55,10.22,10.7,1.8,0.68,1.6,65.5,0.28,128.5,17.25,22.72,,
2023-03-15 07:00:00,2023-03-15 08:00:00,,,3.95,40.6,24.85,,3.38,0.98,17.45,8.98,12.02,3.93,0.03,1.5,60.75,0.3,128.5,43.0,22.68,,
2023-03-15 08:00:00,2023-03-15 09:00:00,,,4.83,40.32,25.38,,2.77,1.13,21.9,9.78,11.53,4.75,,1.68,59.5,0.5,128.5,79.0,23.4,,
2023-03-15 09:00:00,2023-03-15 10:00:00,,,4.73,28.6,19.05,,2.55,1.1,42.0,10.95,13.12,5.78,1.45,3.17,57.5,0.6,128.5,152.0,24.15,,
2023-03-15 10:00:00,2023-03-15 11:00:00,,,1.7,21.6,12.9,,2.75,0.89,30.33,7.2,8.7,3.85,0.2,1.05,50.25,0.58,128.5,145.5,24.95,,
2023-03-15 11:00:00,2023-03-15 12:00:00,59.0,130.0,2.28,21.92,13.53,,16.5,0.82,50.6,6.53,9.45,5.45,0.05,2.25,45.5,0.6,128.5,207.5,25.57,,
2023-03-15 12:00:00,2023-03-15 13:00:00,54.25,122.5,2.3,21.3,13.2,,15.38,0.75,54.7,4.8,8.55,4.47,0.05,1.82,41.5,0.65,128.5,164.75,25.85,,
2023-03-15 13:00:00,2023-03-15 14:00:00,40.5,108.5,1.77,19.55,11.85,,14.32,0.72,57.62,4.22,9.28,5.15,0.08,2.17,40.75,0.68,128.5,254.0,26.25,,
2023-03-15 14:00:00,2023-03-15 15:00:00,39.5,104.0,1.4,16.75,10.03,,6.53,0.74,54.92,3.42,8.12,1.62,1.55,2.42,41.0,0.73,128.5,348.0,26.35,,
2023-03-15 15:00:00,2023-03-15 16:00:00,43.0,,2.02,18.58,11.53,,2.5,0.71,53.72,2.88,7.07,1.48,1.43,0.95,40.25,0.88,128.5,241.75,26.27,,
2023-03-15 16:00:00,2023-03-15 17:00:00,47.0,147.0,1.98,19.5,11.97,,2.28,0.72,48.3,3.47,7.38,3.15,1.75,1.18,39.75,0.78,128.5,137.5,26.12,,
2023-03-15 17:00:00,2023-03-15 18:00:00,43.75,147.5,6.8,42.8,28.33,,1.68,1.16,30.65,5.25,9.15,4.5,0.03,1.85,39.0,0.62,128.5,49.75,25.93,,
2023-03-15 18:00:00,2023-03-15 19:00:00,48.0,265.0,7.17,46.4,30.47,,1.63,1.26,27.05,6.27,15.77,12.9,1.67,1.6,41.0,0.7,128.33,18.33,25.53,,
2023-03-15 19:00:00,2023-03-15 20:00:00,,269.0,4.78,44.55,27.57,,3.75,1.36,19.73,7.52,17.27,15.33,0.28,7.6,49.25,0.62,128.5,14.0,24.97,,
2023-03-15 20:00:00,2023-03-15 21:00:00,,259.75,3.12,41.52,24.65,,9.25,1.2,23.48,10.25,17.8,15.93,0.28,8.1,57.0,0.47,128.5,14.0,24.52,,
2023-03-15 21:00:00,2023-03-15 22:00:00,,212.75,2.5,31.43,18.77,,8.57,0.9,26.45,7.15,12.68,8.78,0.12,3.75,62.25,0.62,128.5,13.75,24.2,,
2023-03-15 22:00:00,2023-03-15 23:00:00,,168.0,1.22,26.35,15.02,,5.5,0.87,27.53,4.97,9.25,2.93,0.85,1.65,65.25,0.55,128.5,14.0,23.98,,
2023-03-15 23:00:00,2023-03-16 00:00:00,,158.5,1.0,20.52,11.72,,2.48,0.78,25.45,5.12,9.07,1.1,1.75,1.23,67.5,0.5,128.5,13.25,23.8,,
2023-03-16 00:00:00,2023-03-16 01:00:00,,157.25,0.35,15.17,8.35,,3.2,0.58,26.15,5.5,8.75,2.52,0.8,1.1,66.5,1.02,128.5,13.25,23.58,,
2023-03-16 01:00:00,2023-03-16 02:00:00,,138.75,0.4,7.85,4.3,,3.12,0.51,34.88,5.22,6.62,1.3,,0.42,65.0,1.35,128.5,13.0,23.7,,
2023-03-16 02:00:00,2023-03-16 03:00:00,,175.25,0.42,9.43,5.35,,2.98,0.45,25.5,3.45,5.77,0.95,0.75,0.32,59.0,1.4,128.5,13.5,23.87,,
2023-03-16 03:00:00,2023-03-16 04:00:00,,197.0,0.6,18.48,10.33,,2.92,0.51,10.58,3.48,5.17,1.15,0.38,0.43,59.0,0.93,128.5,13.0,23.5,,
2023-03-16 04:00:00,2023-03-16 05:00:00,,108.0,0.23,14.58,7.95,,5.68,0.43,29.27,7.15,5.58,1.27,,0.47,53.75,0.88,128.5,13.0,23.4,,
2023-03-16 05:00:00,2023-03-16 06:00:00,,101.5,0.57,14.6,8.23,,9.97,0.44,27.85,4.03,5.33,1.02,,0.43,56.75,0.42,128.5,13.0,23.17,,
2023-03-16 06:00:00,2023-03-16 07:00:00,,96.5,0.75,16.77,9.53,,8.62,0.5,21.8,3.2,6.08,1.05,0.15,0.43,63.5,0.43,128.5,15.5,22.93,,
2023-03-16 07:00:00,2023-03-16 08:00:00,,268.25,4.48,26.1,17.55,,3.75,0.86,21.02,3.9,7.83,1.52,0.2,0.75,68.75,0.68,128.25,35.75,22.35,,
2023-03-16 08:00:00,2023-03-16 09:00:00,,416.75,6.08,24.32,17.85,,3.52,0.96,18.0,7.88,16.95,11.3,0.22,5.05,67.75,0.6,128.5,77.25,22.45,,
2023-03-16 09:00:00,2023-03-16 10:00:00,,236.5,4.62,22.95,15.97,,3.3,0.91,34.2,7.48,13.1,7.28,0.1,2.1,63.75,0.53,128.5,147.5,23.53,,
2023-03-16 10:00:00,2023-03-16 11:00:00,,200.5,2.23,16.07,10.33,,2.78,0.74,30.52,6.95,11.5,5.05,0.85,2.32,55.0,0.67,128.5,156.75,24.3,,
2023-03-16 11:00:00,2023-03-16 12:00:00,,440.0,1.62,17.35,10.55,,3.5,0.74,31.25,6.1,7.3,5.35,6.55,1.4,46.0,0.62,128.5,235.5,25.15,,
2023-03-16 12:00:00,2023-03-16 13:00:00,,795.25,2.4,19.4,12.3,,15.03,0.72,50.53,7.35,6.3,10.0,22.78,1.65,40.75,0.55,128.5,213.25,25.27,,
2023-03-16 13:00:00,2023-03-16 14:00:00,79.0,777.25,0.62,12.75,7.3,,19.95,0.53,58.27,5.73,5.57,7.68,18.25,1.2,36.75,0.65,128.5,171.0,25.35,,
2023-03-16 14:00:00,2023-03-16 15:00:00,74.5,459.75,2.9,21.98,14.05,,13.7,0.61,55.4,3.5,4.45,3.85,13.48,1.55,35.5,0.55,128.5,157.25,25.62,,
2023-03-16 15:00:00,2023-03-16 16:00:00,62.0,359.0,2.7,25.43,15.7,,5.72,0.75,50.45,4.1,9.6,4.6,9.15,2.83,36.0,0.53,128.5,178.75,25.65,,
2023-03-16 16:00:00,2023-03-16 17:00:00,58.5,338.75,3.08,25.32,15.98,,3.95,0.72,46.45,3.53,8.85,5.3,6.35,2.3,38.5,0.55,128.5,160.25,25.73,,
2023-03-16 17:00:00,2023-03-16 18:00:00,49.0,304.25,0.95,14.12,8.3,,3.25,0.57,38.85,3.73,6.28,3.42,3.6,1.05,43.25,0.85,128.5,64.0,25.18,,
2023-03-16 18:00:00,2023-03-16 19:00:00,49.0,328.0,0.38,17.38,9.55,,3.0,0.78,34.35,10.38,4.9,1.35,2.3,0.35,40.5,1.0,128.5,16.0,24.45,,
2023-03-16 19:00:00,2023-03-16 20:00:00,,371.0,15.1,51.1,39.45,,29.52,1.83,8.12,20.18,7.2,3.2,1.83,0.75,45.0,0.28,128.5,12.0,23.92,,
2023-03-16 20:00:00,2023-03-16 21:00:00,,334.5,19.73,71.0,53.8,,23.88,1.67,3.62,20.8,20.12,17.98,1.82,9.9,44.0,0.28,128.5,12.25,23.95,,
2023-03-16 21:00:00,2023-03-16 22:00:00,,353.25,16.77,63.15,47.23,,15.0,1.43,3.38,14.05,22.98,21.05,1.62,11.65,47.5,0.3,128.5,12.25,23.8,,
2023-03-16 22:00:00,2023-03-16 23:00:00,,329.25,4.08,39.47,24.3,,11.6,0.81,13.43,10.12,12.85,9.57,1.3,4.75,49.5,0.3,128.5,12.0,23.5,,
2023-03-16 23:00:00,2023-03-17 00:00:00,,252.25,0.55,19.95,11.05,,7.97,0.59,25.0,6.8,7.38,1.78,1.28,1.43,50.25,0.6,128.5,12.0,23.1,,
2023-03-17 00:00:00,2023-03-17 01:00:00,,194.0,0.25,9.9,5.33,,5.82,0.29,33.18,7.15,5.4,1.12,0.8,0.4,61.0,1.9,128.25,12.0,22.55,,
2023-03-17 01:00:00,2023-03-17 02:00:00,,781.0,0.35,6.55,3.62,,5.25,0.17,35.3,1.55,2.75,0.6,0.43,0.22,65.0,1.57,128.5,12.0,22.15,,
2023-03-17 02:00:00,2023-03-17 03:00:00,,528.25,,6.88,3.6,,4.9,0.19,34.25,1.05,2.55,0.45,0.4,0.38,69.0,1.43,128.5,12.0,22.08,,
2023-03-17 03:00:00,2023-03-17 04:00:00,,129.5,0.33,8.9,4.95,,6.03,0.24,27.82,1.15,2.85,0.4,0.43,0.1,72.25,1.07,128.5,11.75,21.92,,
2023-03-17 04:00:00,2023-03-17 05:00:00,,95.5,0.3,8.0,4.4,,7.85,0.25,30.35,3.27,2.88,0.45,0.3,0.12,72.75,1.75,128.5,11.75,21.93,,
2023-03-17 05:00:00,2023-03-17 06:00:00,,100.0,0.4,7.9,4.55,,6.98,0.25,34.5,1.42,2.67,0.43,0.3,0.15,70.0,2.23,128.5,12.0,22.13,,
2023-03-17 06:00:00,2023-03-17 07:00:00,,103.75,0.53,12.25,6.93,,6.05,0.35,30.83,1.48,2.73,0.52,0.2,0.12,72.0,1.67,128.5,12.5,22.12,,
2023-03-17 07:00:00,2023-03-17 08:00:00,,90.5,1.23,17.82,10.43,,5.53,0.44,22.32,3.52,4.18,0.85,0.25,0.85,80.0,0.68,128.5,18.25,21.83,,
2023-03-17 08:00:00,2023-03-17 09:00:00,,104.75,3.02,21.38,13.85,,4.9,0.64,19.07,3.1,5.35,1.18,0.3,0.42,83.5,0.58,128.5,28.0,21.92,,
2023-03-17 09:00:00,2023-03-17 10:00:00,,111.25,2.65,16.6,10.97,,4.22,0.62,25.15,5.15,7.15,2.28,0.45,0.9,83.75,0.73,128.5,66.0,22.07,,
2023-03-17 10:00:00,2023-03-17 11:00:00,,114.5,6.7,18.75,15.4,,10.13,0.59,18.55,5.3,8.03,3.1,0.9,1.32,76.75,1.42,128.5,164.0,22.6,,
2023-03-17 11:00:00,2023-03-17 12:00:00,,125.33,5.07,27.6,18.77,,79.0,0.5,17.03,4.1,7.42,7.58,10.12,1.6,62.75,1.0,128.5,189.75,23.5,,
2023-03-17 12:00:00,2023-03-17 13:00:00,,,4.8,21.7,15.45,,4.47,0.47,35.8,2.72,7.4,6.3,2.6,2.3,54.75,1.35,128.25,277.0,23.9,,
2023-03-17 13:00:00,2023-03-17 14:00:00,,110.5,2.55,17.35,11.35,,9.35,0.46,47.5,2.25,5.67,4.28,3.85,1.35,51.0,1.25,128.5,236.75,24.2,,
2023-03-17 14:00:00,2023-03-17 15:00:00,,109.33,2.97,16.4,11.15,,9.7,0.48,49.93,2.33,6.57,4.42,4.12,1.38,51.75,1.6,128.5,127.0,24.12,,
2023-03-17 15:00:00,2023-03-17 16:00:00,,,2.27,26.4,15.88,,9.45,0.62,40.85,2.7,9.52,6.35,3.7,2.6,60.75,0.7,128.5,31.25,23.85,,
2023-03-17 16:00:00,2023-03-17 17:00:00,,,5.92,30.98,21.33,,3.08,0.65,34.37,2.4,9.57,2.67,2.58,1.75,73.0,0.62,128.5,33.75,23.3,,
2023-03-17 17:00:00,2023-03-17 18:00:00,,95.0,5.95,27.75,19.6,,4.33,0.62,17.53,2.7,10.15,8.0,4.05,2.58,72.75,1.03,128.25,26.25,23.18,,
2023-03-17 18:00:00,2023-03-17 19:00:00,,78.33,7.67,19.35,16.57,,5.0,0.68,22.0,2.9,10.65,6.67,12.95,3.68,79.25,1.48,128.5,13.5,22.88,,
2023-03-17 19:00:00,2023-03-17 20:00:00,,,6.33,17.67,14.5,,2.72,0.66,25.05,3.0,8.08,7.3,7.2,2.48,77.0,1.55,128.5,11.25,22.65,,
2023-03-17 20:00:00,2023-03-17 21:00:00,,,3.43,16.25,11.43,,2.98,0.55,15.85,2.27,7.12,5.85,3.38,1.8,79.75,1.22,128.5,11.75,22.58,,
2023-03-17 21:00:00,2023-03-17 22:00:00,,,2.25,13.02,8.75,,4.22,0.49,19.23,2.25,5.62,3.88,1.65,1.38,81.5,1.4,128.5,12.0,22.52,,
2023-03-17 22:00:00,2023-03-17 23:00:00,,,0.97,12.2,7.28,,3.58,0.48,19.05,2.33,3.97,1.7,1.03,0.53,81.75,0.92,128.5,11.75,22.48,,
2023-03-17 23:00:00,2023-03-18 00:00:00,,134.0,1.03,15.22,8.93,,4.4,0.65,13.3,3.35,5.12,1.65,0.75,0.68,87.5,1.05,128.5,12.0,22.32,,
2023-03-18 00:00:00,2023-03-18 01:00:00,,124.0,0.6,13.25,7.55,,5.7,0.59,19.55,3.25,6.35,2.02,0.72,1.73,88.25,0.8,128.5,12.0,22.23,,
2023-03-18 01:00:00,2023-03-18 02:00:00,,94.0,0.5,13.47,7.45,,5.1,0.58,13.05,3.45,7.13,2.62,0.5,1.02,87.75,0.9,128.5,12.0,22.17,,
2023-03-18 02:00:00,2023-03-18 03:00:00,,99.5,0.4,12.28,6.78,,4.93,0.53,14.88,3.52,6.17,2.33,0.35,0.9,85.5,0.77,128.5,12.0,22.1,,
2023-03-18 03:00:00,2023-03-18 04:00:00,,81.5,0.35,8.78,4.97,,5.15,0.46,19.95,3.08,5.2,1.85,0.27,0.67,82.0,0.68,128.5,12.0,22.18,,
2023-03-18 04:00:00,2023-03-18 05:00:00,,67.0,0.15,9.2,4.88,,6.23,0.42,22.47,2.8,4.42,1.5,0.25,0.53,82.0,0.82,128.5,12.0,22.12,,
2023-03-18 05:00:00,2023-03-18 06:00:00,,62.75,0.47,10.07,5.75,,6.8,0.4,28.32,3.07,4.7,1.62,0.2,0.55,87.0,1.25,128.5,9.0,21.65,,
2023-03-18 06:00:00,2023-03-18 07:00:00,,59.25,0.33,9.43,5.3,,6.7,0.42,26.3,2.55,4.05,1.42,0.18,0.47,86.25,1.27,128.5,11.0,21.7,,
2023-03-18 07:00:00,2023-03-18 08:00:00,,55.5,1.3,13.13,8.03,,6.42,0.47,25.38,2.78,3.77,1.27,0.17,0.38,86.25,1.08,128.5,31.0,21.72,,
2023-03-18 08:00:00,2023-03-18 09:00:00,,57.5,3.75,15.62,11.38,18.1,6.32,0.56,25.38,3.5,5.17,2.2,0.38,0.95,83.25,1.27,128.25,98.0,22.12,,
2023-03-18 09:00:00,2023-03-18 10:00:00,,69.5,5.95,17.68,14.22,,6.75,0.65,33.7,3.62,5.47,2.23,0.48,1.02,80.0,0.97,128.5,190.5,22.53,,
2023-03-18 10:00:00,2023-03-18 11:00:00,,91.25,5.88,18.23,14.47,,6.6,0.54,25.57,3.7,7.05,3.55,0.62,1.65,76.5,0.75,128.5,208.5,22.92,,
2023-03-18 11:00:00,2023-03-18 12:00:00,,107.0,3.88,15.35,11.32,,8.1,0.52,27.25,3.15,5.65,2.07,0.45,1.0,72.0,0.68,128.5,246.5,23.35,,
2023-03-18 12:00:00,2023-03-18 13:00:00,,105.75,2.5,16.75,10.95,,8.55,0.83,36.62,3.48,4.42,2.08,0.15,0.8,65.25,0.8,128.5,260.25,23.72,,
2023-03-18 13:00:00,2023-03-18 14:00:00,,114.67,2.33,17.82,11.35,,10.43,0.9,52.98,3.68,4.78,2.67,0.12,1.17,56.75,0.98,128.5,276.75,24.05,,
2023-03-18 14:00:00,2023-03-18 15:00:00,,98.5,2.85,16.83,11.22,,9.53,0.83,51.6,2.22,3.8,1.6,0.12,0.62,53.25,1.15,128.5,378.0,24.23,,
2023-03-18 15:00:00,2023-03-18 16:00:00,,93.75,2.23,17.3,11.0,,8.5,0.91,48.55,2.33,5.2,2.27,0.17,1.0,54.25,1.43,128.5,162.5,24.2,,
2023-03-18 16:00:00,2023-03-18 17:00:00,,103.25,2.88,16.98,11.35,,7.7,0.9,51.2,2.67,8.9,5.25,0.22,2.1,56.25,1.97,128.5,189.5,24.0,,
2023-03-18 17:00:00,2023-03-18 18:00:00,,120.5,3.07,20.65,13.5,,7.22,0.97,43.85,2.47,4.43,3.1,0.08,1.18,65.25,1.9,128.5,58.5,23.6,,
2023-03-18 18:00:00,2023-03-18 19:00:00,,120.75,3.03,24.15,15.3,,7.0,1.12,35.23,2.98,5.8,2.0,0.97,2.45,74.0,1.35,128.5,17.0,23.17,,
2023-03-18 19:00:00,2023-03-18 20:00:00,,112.25,3.08,22.45,14.43,,6.65,1.1,26.4,4.33,6.97,2.47,0.9,1.43,80.75,1.45,128.5,12.0,22.85,,
2023-03-18 20:00:00,2023-03-18 21:00:00,,99.5,2.83,17.05,11.38,,6.27,0.99,21.43,3.85,7.57,4.6,0.65,1.8,84.75,1.38,128.5,12.0,22.58,,
2023-03-18 21:00:00,2023-03-18 22:00:00,,78.75,1.95,16.12,10.18,,5.8,0.99,4.93,3.83,5.75,4.1,0.58,1.45,87.0,1.1,128.5,11.75,22.42,,
2023-03-18 22:00:00,2023-03-18 23:00:00,,91.67,1.97,21.0,12.77,,5.93,0.97,9.5,4.67,4.63,2.07,0.1,0.73,87.33,0.83,128.33,11.0,22.4,,
2023-03-18 23:00:00,2023-03-19 00:00:00,,107.5,2.62,18.4,11.92,,6.0,0.77,11.38,5.05,4.55,1.52,0.1,0.55,87.75,0.73,128.25,11.25,22.3,,
2023-03-19 00:00:00,2023-03-19 01:00:00,,106.0,2.05,15.2,9.72,,4.03,0.49,7.35,5.17,3.52,1.02,0.05,0.33,91.5,0.57,128.5,11.25,21.98,,
2023-03-19 01:00:00,2023-03-19 02:00:00,,84.75,0.6,10.22,5.92,,3.38,0.44,14.08,4.72,2.8,0.35,0.18,0.12,92.0,1.05,128.5,11.75,21.82,,
2023-03-19 02:00:00,2023-03-19 03:00:00,,75.5,0.97,10.25,6.2,,2.62,0.46,10.65,4.08,3.02,0.55,0.08,0.12,92.0,0.7,128.5,11.0,21.75,,
2023-03-19 03:00:00,2023-03-19 04:00:00,,79.25,2.1,13.05,8.65,,2.9,0.47,7.5,5.18,3.4,0.73,0.05,0.17,91.25,0.82,128.5,11.0,21.7,,
2023-03-19 04:00:00,2023-03-19 05:00:00,,82.75,1.98,12.0,7.97,,3.0,0.49,8.78,4.62,3.4,0.77,,0.2,92.0,0.98,128.5,11.0,21.6,,
2023-03-19 05:00:00,2023-03-19 06:00:00,,83.75,1.75,20.15,12.1,,2.65,0.54,3.35,4.6,3.7,0.95,0.85,0.3,91.0,0.82,128.5,11.0,21.6,,
2023-03-19 06:00:00,2023-03-19 07:00:00,,95.5,2.9,21.3,13.7,,3.27,0.61,5.68,5.95,4.9,1.55,0.05,0.52,90.0,0.75,128.5,17.5,21.63,,
2023-03-19 07:00:00,2023-03-19 08:00:00,,118.75,7.45,23.68,18.67,,5.47,0.64,7.6,7.37,6.58,2.62,0.1,0.95,87.25,0.73,128.5,54.5,21.8,,
2023-03-19 08:00:00,2023-03-19 09:00:00,,142.75,7.65,25.12,19.6,,6.75,0.78,14.6,7.2,6.92,2.97,0.1,1.15,81.5,0.57,128.5,112.5,22.2,,
2023-03-19 09:00:00,2023-03-19 10:00:00,,148.0,5.1,21.45,15.57,,4.22,0.7,34.55,6.3,7.22,1.98,1.25,1.3,74.75,0.62,128.5,205.5,22.58,,
2023-03-19 10:00:00,2023-03-19 11:00:00,,137.25,5.32,19.43,14.68,,3.15,0.64,35.08,5.43,8.2,3.55,0.5,1.62,69.25,0.72,128.5,188.75,23.17,,
2023-03-19 11:00:00,2023-03-19 12:00:00,,127.25,2.62,17.7,11.55,,2.9,0.55,45.0,4.6,8.5,3.75,0.55,1.38,59.5,0.85,128.5,290.5,23.67,,
2023-03-19 12:00:00,2023-03-19 13:00:00,,111.75,0.95,13.85,8.15,,2.4,0.45,48.85,3.2,5.95,2.18,0.35,0.93,53.0,0.7,128.5,269.0,24.05,,
2023-03-19 13:00:00,2023-03-19 14:00:00,,92.25,1.4,19.2,11.35,,2.17,0.49,33.05,2.6,4.1,1.4,0.15,0.58,50.75,0.75,128.5,257.25,24.23,,
2023-03-19 14:00:00,2023-03-19 15:00:00,,95.75,1.53,15.12,9.3,,5.47,0.51,56.25,2.77,5.05,2.15,0.08,0.85,52.75,0.75,128.5,201.25,24.15,,
2023-03-19 15:00:00,2023-03-19 16:00:00,,125.5,0.43,12.62,6.95,,14.18,0.41,69.0,2.5,3.28,1.15,0.03,0.5,48.25,0.75,128.5,294.5,24.4,,
2023-03-19 16:00:00,2023-03-19 17:00:00,,121.25,0.68,14.45,8.25,,12.75,0.46,66.53,1.98,2.9,0.85,0.05,0.33,49.75,0.75,128.25,170.75,24.4,,
2023-03-19 17:00:00,2023-03-19 18:00:00,,116.75,2.4,23.62,14.55,,7.45,0.67,59.08,2.23,4.45,0.97,0.68,0.8,53.25,0.78,128.5,47.0,24.15,,
2023-03-19 18:00:00,2023-03-19 19:00:00,,144.0,5.75,31.67,21.55,,2.88,0.88,43.98,3.25,9.05,5.5,0.55,2.9,60.75,1.22,128.5,16.0,23.87,,
2023-03-19 19:00:00,2023-03-19 20:00:00,,159.0,4.68,26.12,17.73,,2.7,0.68,35.4,3.5,9.0,6.25,0.12,2.58,66.75,1.15,128.5,12.25,23.45,,
2023-03-19 20:00:00,2023-03-19 21:00:00,,158.5,4.05,23.48,15.82,,2.2,0.67,34.17,3.52,8.35,5.68,0.12,2.17,70.75,0.72,128.5,11.75,23.12,,
2023-03-19 21:00:00,2023-03-19 22:00:00,,153.75,3.65,23.17,15.28,,2.67,0.65,22.35,3.95,7.0,4.15,0.2,1.48,74.25,0.38,128.5,11.75,22.87,,
2023-03-19 22:00:00,2023-03-19 23:00:00,,160.5,2.33,26.23,15.8,,1.68,0.69,10.57,8.1,5.83,3.23,0.12,1.2,76.0,0.5,128.5,11.5,22.73,,
2023-03-19 23:00:00,2023-03-20 00:00:00,,169.25,1.18,16.77,9.9,,2.08,0.61,14.6,6.8,4.0,1.57,,0.47,79.5,0.47,128.5,11.5,22.55,,
2023-03-20 00:00:00,2023-03-20 01:00:00,,199.25,0.78,20.82,11.68,,4.08,0.75,17.92,5.83,3.35,0.85,0.03,0.3,82.0,0.5,128.5,11.75,22.35,,
2023-03-20 01:00:00,2023-03-20 02:00:00,,224.5,1.2,15.02,8.93,,4.25,0.6,18.95,5.97,3.3,0.83,0.12,0.2,82.0,0.5,128.5,11.5,22.3,,
2023-03-20 02:00:00,2023-03-20 03:00:00,,154.0,0.57,12.72,7.25,,3.38,0.73,25.0,7.02,3.33,0.47,0.15,0.12,81.0,0.62,128.5,12.0,22.4,,
2023-03-20 03:00:00,2023-03-20 04:00:00,,155.75,0.47,11.65,6.58,,3.6,0.7,17.18,9.22,3.77,0.65,0.3,0.15,83.5,0.55,128.5,11.75,22.25,,
2023-03-20 04:00:00,2023-03-20 05:00:00,,156.5,0.62,13.43,7.65,,2.65,0.63,12.5,8.03,3.5,0.7,,0.18,85.75,0.55,128.5,11.25,22.1,,
2023-03-20 05:00:00,2023-03-20 06:00:00,,146.25,0.9,14.1,8.23,,1.12,0.6,11.97,6.95,3.45,0.75,0.03,0.22,87.25,0.48,128.5,11.0,22.0,,
2023-03-20 06:00:00,2023-03-20 07:00:00,,149.25,1.92,24.73,14.7,,2.1,0.79,2.4,7.5,3.85,1.18,0.17,0.35,86.75,0.28,128.5,16.25,22.02,,
2023-03-20 07:00:00,2023-03-20 08:00:00,,183.5,4.88,24.27,16.82,,3.0,1.06,4.93,11.53,6.6,3.4,0.1,1.25,85.0,0.47,128.25,51.25,22.1,,
2023-03-20 08:00:00,2023-03-20 09:00:00,,237.75,3.42,18.9,12.85,,5.42,0.98,11.67,11.78,6.38,2.4,0.08,0.85,85.0,0.82,128.5,93.0,22.07,,
2023-03-20 09:00:00,2023-03-20 10:00:00,,256.25,1.77,15.8,9.85,,7.2,0.89,25.25,11.83,5.78,2.32,0.08,0.8,80.0,0.93,128.5,189.0,22.6,,
2023-03-20 10:00:00,2023-03-20 11:00:00,,236.25,1.57,15.7,9.65,,4.35,0.9,37.77,9.32,4.5,1.2,0.2,0.55,74.25,0.93,128.5,108.0,23.1,,
2023-03-20 11:00:00,2023-03-20 12:00:00,,193.25,2.75,19.15,12.4,,4.8,0.47,25.75,8.43,5.25,2.67,0.75,0.93,84.5,0.62,128.5,26.5,22.07,,
2023-03-20 12:00:00,2023-03-20 13:00:00,,146.33,12.4,48.3,35.8,,5.6,0.69,29.6,3.0,7.72,5.82,1.92,1.9,85.75,0.38,128.5,181.75,22.22,,
2023-03-20 13:00:00,2023-03-20 14:00:00,,,5.08,20.85,15.2,,5.35,0.47,38.65,4.15,12.95,11.55,1.7,5.35,68.0,1.88,128.5,319.25,23.23,,
2023-03-20 14:00:00,2023-03-20 15:00:00,,,3.67,14.42,10.65,,5.68,0.33,39.12,2.27,6.25,3.3,1.12,1.25,54.5,1.65,128.5,288.0,23.72,,
2023-03-20 15:00:00,2023-03-20 16:00:00,,,3.45,15.7,11.15,,4.65,0.27,39.38,1.6,6.65,3.45,0.75,1.4,44.75,1.03,128.5,497.5,24.07,,
2023-03-20 16:00:00,2023-03-20 17:00:00,,,3.77,17.25,12.25,,3.85,0.33,41.98,1.15,6.08,2.82,0.6,1.08,41.5,1.38,128.5,319.5,24.35,,
2023-03-20 17:00:00,2023-03-20 18:00:00,74.0,84.0,4.62,23.7,16.35,,3.55,0.39,34.73,1.5,7.4,3.85,0.57,1.57,46.5,1.1,128.5,109.5,24.05,,
2023-03-20 18:00:00,2023-03-20 19:00:00,72.0,84.5,7.95,33.92,24.48,,3.52,0.59,18.0,2.85,10.8,6.38,0.6,2.75,70.0,0.5,128.5,17.75,23.15,,
2023-03-20 19:00:00,2023-03-20 20:00:00,65.75,85.75,4.9,23.8,16.62,,4.25,0.51,18.05,3.52,12.95,8.7,0.65,3.9,76.0,0.77,128.5,11.25,22.5,,
2023-03-20 20:00:00,2023-03-20 21:00:00,62.25,87.5,2.95,22.4,14.35,,3.73,0.45,26.45,3.08,11.27,6.95,0.57,2.98,79.0,0.82,128.5,10.75,21.98,,
2023-03-20 21:00:00,2023-03-20 22:00:00,54.0,89.5,1.98,19.88,12.2,,3.45,0.49,24.15,3.6,8.8,4.3,0.4,1.77,83.0,0.7,128.5,11.0,21.78,,
2023-03-20 22:00:00,2023-03-20 23:00:00,52.0,87.5,1.6,22.3,13.18,,3.53,0.37,20.83,5.08,7.1,2.62,0.3,1.05,84.75,0.45,128.25,11.0,21.75,,
2023-03-20 23:00:00,2023-03-21 00:00:00,,76.5,1.38,19.77,11.65,,4.75,0.37,20.1,2.85,6.5,1.45,0.25,0.55,87.0,0.4,128.5,10.5,21.62,,
2023-03-21 00:00:00,2023-03-21 01:00:00,,65.5,1.0,17.9,10.32,,10.1,0.42,19.9,2.85,6.32,1.05,0.2,0.43,89.5,0.3,128.5,10.5,21.55,,
2023-03-21 01:00:00,2023-03-21 02:00:00,,57.75,0.75,16.35,9.32,,10.98,0.47,19.28,3.23,6.85,0.95,0.2,0.42,90.5,0.4,128.5,10.5,21.4,,
2023-03-21 02:00:00,2023-03-21 03:00:00,,67.5,0.88,15.18,8.75,,10.25,0.54,17.05,5.65,6.75,0.95,0.2,0.4,92.5,0.45,128.5,11.0,21.23,,
2023-03-21 03:00:00,2023-03-21 04:00:00,,77.25,0.8,14.95,8.62,,11.75,0.49,18.1,6.73,6.55,0.9,0.15,0.33,94.5,0.73,128.5,10.75,21.15,,
2023-03-21 04:00:00,2023-03-21 05:00:00,,51.5,0.88,11.92,7.05,,10.67,0.42,19.38,3.77,5.47,0.65,0.1,0.25,96.25,0.53,128.5,11.0,21.05,,
2023-03-21 05:00:00,2023-03-21 06:00:00,,30.0,1.02,12.38,7.43,,10.98,0.46,17.93,4.4,5.12,0.6,0.1,0.25,97.0,0.47,128.5,11.0,21.05,,
2023-03-21 06:00:00,2023-03-21 07:00:00,,30.0,1.62,15.23,9.43,,10.42,0.47,17.82,4.55,5.1,0.8,0.1,0.23,97.0,0.62,128.5,13.5,21.18,,
2023-03-21 07:00:00,2023-03-21 08:00:00,,33.75,3.17,16.47,11.32,,11.0,0.63,17.75,3.48,6.02,1.62,0.1,0.7,97.75,0.47,128.5,32.5,21.33,,
2023-03-21 08:00:00,2023-03-21 09:00:00,,47.75,5.3,19.43,14.65,,11.25,0.63,18.1,6.75,21.95,19.12,0.48,10.62,98.0,0.68,128.5,74.25,21.4,,
2023-03-21 09:00:00,2023-03-21 10:00:00,,73.75,7.32,19.38,16.27,,11.43,0.65,23.35,4.27,11.8,6.97,0.2,2.88,95.75,0.75,128.5,152.25,21.52,,
2023-03-21 10:00:00,2023-03-21 11:00:00,,91.25,4.6,16.1,12.32,,11.15,0.58,26.35,3.97,11.02,5.98,0.18,2.5,82.0,0.62,128.5,225.25,22.35,,
2023-03-21 11:00:00,2023-03-21 12:00:00,,87.5,7.4,18.62,15.95,,12.0,0.6,31.45,3.55,9.98,4.55,0.2,1.88,75.5,0.75,128.5,321.0,22.92,,
2023-03-21 12:00:00,2023-03-21 13:00:00,,105.0,5.85,23.75,17.35,,11.3,0.55,38.35,3.92,11.85,8.68,0.2,3.83,68.75,0.9,128.5,206.0,23.45,,
2023-03-21 13:00:00,2023-03-21 14:00:00,,118.75,8.67,23.02,19.27,,12.6,0.54,43.05,2.9,10.18,6.45,0.15,2.52,62.0,0.98,128.5,272.5,23.73,,
2023-03-21 14:00:00,2023-03-21 15:00:00,,91.5,2.42,17.68,11.38,,12.92,0.48,49.15,2.5,7.78,3.97,0.1,1.62,57.0,0.88,128.5,428.25,23.72,,
2023-03-21 15:00:00,2023-03-21 16:00:00,,85.25,3.17,18.8,12.57,,12.65,0.46,51.78,2.65,9.15,4.3,0.17,1.8,53.0,0.82,128.5,400.75,24.02,,
2023-03-21 16:00:00,2023-03-21 17:00:00,,85.75,3.65,31.9,19.95,,13.12,0.66,48.85,2.8,9.48,4.4,0.12,1.9,55.75,1.07,128.5,129.75,23.8,,
2023-03-21 17:00:00,2023-03-21 18:00:00,,93.0,2.2,20.3,12.6,,13.1,0.49,50.9,2.9,10.6,5.9,0.2,2.4,60.0,1.9,128.0,88.0,23.6,,
2023-03-21 18:00:00,2023-03-21 19:00:00,,,3.43,37.23,16.95,,,0.34,13.45,1.4,2.8,1.9,,0.9,68.0,0.95,128.5,10.5,23.3,,
2023-03-21 19:00:00,2023-03-21 20:00:00,,178.0,5.62,49.95,31.1,,,1.46,27.03,4.9,13.68,8.5,0.25,3.88,70.0,0.57,128.5,11.25,23.12,,
2023-03-21 20:00:00,2023-03-21 21:00:00,,201.75,7.65,49.2,32.38,,3.3,1.34,21.2,7.3,20.7,16.93,0.4,8.93,72.5,0.53,128.25,11.25,22.98,,
2023-03-21 21:00:00,2023-03-21 22:00:00,,218.5,2.42,31.57,18.78,,5.93,0.87,29.15,6.08,14.38,8.32,0.25,3.58,74.25,0.35,128.5,10.5,22.8,,
2023-03-21 22:00:00,2023-03-21 23:00:00,,183.5,1.25,31.28,17.62,,6.32,0.74,23.98,4.5,12.4,5.85,0.25,2.45,77.0,0.33,128.5,11.0,22.6,,
2023-03-21 23:00:00,2023-03-22 00:00:00,,186.5,0.7,22.18,12.38,,5.65,0.66,23.87,4.58,12.12,4.0,0.2,1.53,77.75,1.9,128.5,11.0,22.48,,
2023-03-22 00:00:00,2023-03-22 01:00:00,,188.67,0.28,10.62,5.88,,6.12,0.37,38.77,4.55,6.28,1.43,0.08,0.47,73.75,1.12,128.5,11.0,22.1,,
2023-03-22 01:00:00,2023-03-22 02:00:00,,,0.47,10.57,5.9,,6.4,0.23,35.85,3.4,4.65,0.7,0.1,0.22,71.0,0.45,128.5,11.25,22.02,,
2023-03-22 02:00:00,2023-03-22 03:00:00,31.0,40.0,0.57,15.27,8.6,,6.62,0.24,30.42,1.47,5.35,0.75,0.1,0.25,70.25,0.7,128.5,11.5,22.0,,
2023-03-22 03:00:00,2023-03-22 04:00:00,35.0,47.25,0.55,13.9,7.85,,7.33,0.24,26.8,1.88,5.35,0.67,0.1,0.25,73.0,0.73,128.5,12.0,21.85,,
2023-03-22 04:00:00,2023-03-22 05:00:00,46.75,60.75,0.37,16.83,9.15,,7.78,0.36,19.97,3.08,5.1,0.67,0.1,0.25,76.5,0.7,128.5,12.0,21.6,,
2023-03-22 05:00:00,2023-03-22 06:00:00,50.67,74.33,1.07,18.8,10.88,,10.53,0.64,15.38,7.45,4.88,0.7,0.1,0.27,78.5,0.38,128.5,11.5,21.45,,
2023-03-22 06:00:00,2023-03-22 07:00:00,139.0,166.0,3.05,24.15,15.35,,19.83,0.87,13.35,15.65,5.28,0.62,0.1,0.28,79.0,0.23,128.5,17.75,21.4,,
2023-03-22 07:00:00,2023-03-22 08:00:00,192.5,233.0,9.48,37.5,27.65,,19.9,1.13,11.05,15.4,7.53,2.08,0.1,0.72,74.25,0.3,128.5,58.25,21.82,,
2023-03-22 08:00:00,2023-03-22 09:00:00,161.25,217.5,2.85,20.5,13.22,,16.12,0.72,27.07,11.6,12.6,6.6,0.17,2.95,67.75,0.5,128.5,139.25,22.45,,
2023-03-22 09:00:00,2023-03-22 10:00:00,102.5,141.75,3.92,21.83,14.8,,11.77,0.59,44.0,6.17,9.62,3.02,0.12,1.25,56.5,0.6,128.5,191.25,23.08,,
2023-03-22 10:00:00,2023-03-22 11:00:00,45.75,90.75,2.98,21.25,13.7,,11.28,0.47,49.52,4.55,9.12,2.75,0.1,1.2,50.0,0.62,128.25,209.25,23.73,,
2023-03-22 11:00:00,2023-03-22 12:00:00,52.25,83.75,1.7,17.92,10.87,,13.4,0.47,56.4,3.42,8.47,1.62,0.38,0.92,44.75,1.02,128.5,357.0,24.02,,
2023-03-22 12:00:00,2023-03-22 13:00:00,46.75,55.25,0.75,11.55,6.75,,12.93,0.36,58.05,3.45,6.28,1.32,0.23,0.62,41.0,1.12,128.5,203.25,24.4,,
2023-03-22 13:00:00,2023-03-22 14:00:00,38.33,55.67,1.07,9.9,6.12,,10.05,0.39,57.8,1.92,5.3,0.93,0.1,0.38,40.75,0.8,128.5,274.0,24.42,,
2023-03-22 14:00:00,2023-03-22 15:00:00,,,0.68,9.45,5.55,,9.3,0.38,59.6,2.0,5.73,1.03,0.12,0.4,40.5,0.95,128.5,311.5,24.57,,
2023-03-22 15:00:00,2023-03-22 16:00:00,,,0.53,8.18,4.78,,9.57,0.36,62.67,1.77,5.6,1.07,0.12,0.47,39.0,0.9,128.5,310.5,24.6,,
2023-03-22 16:00:00,2023-03-22 17:00:00,,46.5,0.78,15.38,8.8,,10.12,0.43,55.77,1.38,5.47,0.68,0.1,0.33,40.25,0.53,128.25,178.5,24.82,,
2023-03-22 17:00:00,2023-03-22 18:00:00,,48.5,0.38,11.3,6.28,,11.22,0.39,59.5,1.68,6.83,1.02,0.1,0.45,38.75,0.9,128.5,115.25,24.68,,
2023-03-22 18:00:00,2023-03-22 19:00:00,,59.75,1.18,23.93,13.7,,11.82,0.61,47.35,1.43,6.0,1.02,0.1,0.48,41.5,0.6,128.5,19.75,24.43,,
2023-03-22 19:00:00,2023-03-22 20:00:00,,140.25,13.93,70.43,48.8,,9.85,1.61,13.85,5.15,16.23,14.25,0.35,6.92,53.5,0.55,128.5,12.75,23.93,,
2023-03-22 20:00:00,2023-03-22 21:00:00,,235.5,7.18,54.97,35.08,,7.12,1.18,19.07,8.57,19.05,15.0,0.35,7.88,57.75,0.45,128.5,12.25,23.62,,
2023-03-22 21:00:00,2023-03-22 22:00:00,,202.75,2.95,42.33,24.93,,6.42,0.86,22.32,5.67,16.4,10.93,0.3,5.05,59.0,0.42,128.5,12.75,23.38,,
2023-03-22 22:00:00,2023-03-22 23:00:00,,163.0,1.9,43.62,24.77,,6.78,0.82,17.6,9.97,12.2,4.33,0.2,1.73,62.5,0.3,128.5,12.75,23.1,,
2023-03-22 23:00:00,2023-03-23 00:00:00,,156.75,2.67,49.62,28.6,,6.53,0.61,11.95,6.45,13.4,3.93,0.2,1.42,65.0,0.28,128.5,12.25,22.9,,
2023-03-23 00:00:00,2023-03-23 01:00:00,,138.25,2.67,39.95,23.42,,6.1,0.56,14.93,4.47,11.95,2.52,0.18,1.08,66.25,0.25,128.5,12.0,22.7,,
2023-03-23 01:00:00,2023-03-23 02:00:00,,124.5,1.5,38.55,21.75,,7.2,0.56,15.65,5.65,12.07,2.25,0.2,0.9,67.25,0.17,128.5,12.0,22.52,,
2023-03-23 02:00:00,2023-03-23 03:00:00,,138.0,1.7,39.02,22.12,,6.6,0.57,11.98,4.35,12.7,2.35,0.2,7.15,69.75,0.3,128.5,12.0,22.4,,
2023-03-23 03:00:00,2023-03-23 04:00:00,,127.5,6.95,43.2,28.62,,8.03,0.59,11.8,7.53,13.02,2.53,0.2,30.38,68.75,0.72,128.5,12.0,22.48,,
2023-03-23 04:00:00,2023-03-23 05:00:00,,129.0,0.27,16.47,8.93,,10.18,0.57,23.07,9.03,11.3,1.75,0.1,0.7,69.0,0.62,128.5,12.0,22.33,,
2023-03-23 05:00:00,2023-03-23 06:00:00,,144.25,1.38,23.05,13.4,,10.57,0.73,19.97,7.6,9.82,1.35,0.1,0.53,68.25,0.32,128.25,12.0,22.37,,
2023-03-23 06:00:00,2023-03-23 07:00:00,,180.75,3.42,25.25,16.23,,10.22,0.8,17.77,8.07,11.5,2.92,0.12,1.12,70.25,0.65,128.5,19.75,22.2,,
2023-03-23 07:00:00,2023-03-23 08:00:00,,224.0,3.42,22.7,14.88,,9.48,0.97,16.55,12.15,12.47,3.62,0.15,1.0,73.25,1.3,128.5,62.0,22.22,,
2023-03-23 08:00:00,2023-03-23 09:00:00,,215.5,4.05,22.32,15.15,,11.22,0.84,26.17,11.47,11.28,2.52,0.1,0.88,69.75,1.17,128.5,113.5,22.7,,
2023-03-23 09:00:00,2023-03-23 10:00:00,,196.75,4.33,26.65,17.65,,12.7,0.84,42.25,8.6,11.85,3.45,0.12,1.38,62.5,1.17,128.5,169.5,23.43,,
2023-03-23 10:00:00,2023-03-23 11:00:00,,165.5,3.08,19.1,12.65,,12.25,0.55,52.85,5.57,11.57,3.72,0.17,1.65,51.75,1.32,128.5,227.75,24.2,,
2023-03-23 11:00:00,2023-03-23 12:00:00,,127.75,2.45,18.98,12.12,,11.3,0.52,57.95,3.52,10.53,3.17,0.15,1.32,44.0,0.85,128.5,355.25,24.68,,
2023-03-23 12:00:00,2023-03-23 13:00:00,,84.75,3.25,20.85,13.7,,8.93,0.57,58.05,2.77,9.12,2.6,0.1,1.1,42.75,0.7,128.5,155.0,25.02,,
2023-03-23 13:00:00,2023-03-23 14:00:00,,71.75,4.62,20.82,14.82,,8.0,0.48,59.38,2.45,9.0,3.55,0.12,1.47,40.75,0.7,128.5,280.75,25.08,,
2023-03-23 14:00:00,2023-03-23 15:00:00,,64.5,1.2,17.12,10.1,,8.35,0.47,61.6,1.88,6.8,1.75,0.1,0.83,41.75,0.68,128.5,341.75,25.23,,
2023-03-23 15:00:00,2023-03-23 16:00:00,,65.5,1.55,16.18,9.85,,8.53,0.52,61.95,1.87,7.73,2.17,0.1,0.93,42.25,0.75,128.5,362.0,25.37,,
2023-03-23 16:00:00,2023-03-23 17:00:00,,68.67,2.6,22.23,13.95,,7.82,0.58,58.62,1.9,8.32,2.78,0.1,1.15,44.25,1.1,128.5,261.0,25.2,,
2023-03-23 17:00:00,2023-03-23 18:00:00,90.0,100.0,2.03,22.57,13.68,,8.38,0.59,59.88,1.85,8.53,2.93,0.1,1.52,46.5,1.7,128.5,98.5,24.82,,
2023-03-23 18:00:00,2023-03-23 19:00:00,91.0,114.5,5.45,30.45,20.6,,8.28,0.74,50.03,2.35,10.1,4.47,0.12,1.9,52.5,1.62,128.5,20.5,24.35,,
2023-03-23 19:00:00,2023-03-23 20:00:00,90.75,130.0,2.02,26.83,15.93,,8.5,0.79,43.02,3.6,11.8,5.03,0.17,2.27,54.75,1.6,128.25,13.75,24.08,,
2023-03-23 20:00:00,2023-03-23 21:00:00,81.5,123.75,1.38,24.23,14.0,,7.7,0.72,41.48,3.38,10.9,4.9,0.18,2.67,56.5,1.43,128.5,13.75,23.85,,
2023-03-23 21:00:00,2023-03-23 22:00:00,85.75,134.0,1.65,28.02,16.25,,7.05,0.73,33.02,4.25,9.95,3.22,0.12,1.4,60.0,1.18,128.5,13.0,23.58,,
2023-03-23 22:00:00,2023-03-23 23:00:00,94.5,136.25,1.02,24.82,14.05,,6.45,0.72,25.8,4.45,8.85,1.88,0.1,0.8,67.75,0.47,128.5,12.5,23.15,,
2023-03-23 23:00:00,2023-03-24 00:00:00,103.75,128.0,1.3,22.42,12.98,,6.03,0.64,24.45,7.83,9.6,1.68,0.1,0.9,70.5,0.55,128.5,13.0,22.87,,
2023-03-24 00:00:00,2023-03-24 01:00:00,108.75,122.0,0.7,20.57,11.53,,6.03,0.45,27.78,4.38,9.25,1.25,0.1,0.55,70.25,0.75,128.5,13.0,22.8,,
2023-03-24 01:00:00,2023-03-24 02:00:00,85.0,106.5,1.07,19.77,11.37,,6.28,0.48,24.5,3.53,9.43,1.12,0.1,0.45,73.0,0.58,128.5,12.25,22.62,,
2023-03-24 02:00:00,2023-03-24 03:00:00,83.67,105.67,1.0,17.35,10.02,,6.28,0.56,24.82,5.1,9.8,1.12,0.1,0.47,75.25,0.67,128.5,12.25,22.45,,
2023-03-24 03:00:00,2023-03-24 04:00:00,103.0,111.0,0.95,16.15,9.35,,7.2,0.48,27.93,4.88,9.78,1.05,0.1,0.4,72.75,1.8,128.5,12.0,22.58,,
2023-03-24 04:00:00,2023-03-24 05:00:00,87.25,112.75,0.43,7.45,4.35,,6.35,0.26,39.92,3.0,5.7,0.55,0.05,0.17,86.0,1.38,128.5,12.0,22.32,,
2023-03-24 05:00:00,2023-03-24 06:00:00,44.33,99.67,0.62,11.32,6.55,,5.1,0.3,31.67,1.3,3.4,0.3,,0.05,90.75,1.25,128.5,10.25,22.1,,
2023-03-24 06:00:00,2023-03-24 07:00:00,,,0.95,14.88,8.7,,4.83,0.33,26.7,3.45,4.2,0.45,,0.08,92.25,1.07,128.5,13.75,22.12,,
2023-03-24 07:00:00,2023-03-24 08:00:00,,,3.33,15.97,11.18,,4.6,0.56,25.25,2.82,5.65,1.48,0.03,0.53,91.25,1.1,128.5,60.0,22.25,,
2023-03-24 08:00:00,2023-03-24 09:00:00,,66.0,3.52,14.97,10.8,,5.22,0.58,27.43,5.43,9.03,3.55,0.1,1.42,85.5,1.1,128.25,120.25,22.7,,
2023-03-24 09:00:00,2023-03-24 10:00:00,,65.25,3.75,17.02,12.07,,5.2,0.48,36.55,4.58,8.6,2.8,0.1,1.05,74.0,0.9,128.5,172.0,23.27,,
2023-03-24 10:00:00,2023-03-24 11:00:00,,58.5,3.1,16.62,11.35,,6.4,0.48,35.7,3.17,10.57,5.18,0.12,2.17,66.0,0.73,128.5,239.0,23.9,,
2023-03-24 11:00:00,2023-03-24 12:00:00,,54.0,6.5,21.77,16.85,,7.0,0.53,38.03,2.88,10.9,4.65,0.12,1.95,59.75,0.75,128.5,386.5,24.38,,
2023-03-24 12:00:00,2023-03-24 13:00:00,,72.0,2.55,15.7,10.4,,6.35,0.45,40.42,2.97,12.32,7.0,0.17,3.1,55.75,0.68,128.5,212.5,24.85,,
2023-03-24 13:00:00,2023-03-24 14:00:00,56.0,84.0,2.8,16.73,11.18,,5.6,0.38,42.0,2.2,8.98,3.45,0.1,1.32,56.75,0.62,128.5,201.5,24.75,,
2023-03-24 14:00:00,2023-03-24 15:00:00,51.5,63.75,1.85,15.32,9.62,,4.72,0.38,42.08,1.82,8.05,2.17,0.1,0.9,59.0,0.62,128.5,166.5,24.57,,
2023-03-24 15:00:00,2023-03-24 16:00:00,39.0,44.67,2.05,14.02,9.15,,4.92,0.34,40.0,1.22,8.5,2.25,0.1,0.98,64.25,0.67,128.5,372.0,24.55,,
2023-03-24 16:00:00,2023-03-24 17:00:00,39.0,44.5,3.35,21.88,14.4,,5.0,0.44,33.68,1.6,8.98,2.98,0.1,1.3,69.5,0.75,128.5,100.25,24.12,,
2023-03-24 17:00:00,2023-03-24 18:00:00,40.75,51.5,3.35,19.53,13.12,,4.45,0.52,31.38,2.83,11.03,4.8,0.17,2.28,71.5,1.23,128.5,42.0,23.75,,
2023-03-24 18:00:00,2023-03-24 19:00:00,42.0,65.5,7.22,19.35,16.18,,5.25,0.52,30.12,2.38,10.03,3.7,0.1,1.6,79.75,2.17,128.5,16.5,22.9,,
2023-03-24 19:00:00,2023-03-24 20:00:00,46.0,70.25,2.73,15.22,10.32,,5.08,0.49,30.1,2.33,10.3,4.62,0.08,2.27,81.25,1.9,128.5,12.0,22.65,,
2023-03-24 20:00:00,2023-03-24 21:00:00,45.5,62.5,1.95,16.45,10.32,,4.88,0.45,24.6,2.42,9.05,2.9,0.08,1.25,82.5,1.43,128.5,12.0,22.65,,
2023-03-24 21:00:00,2023-03-24 22:00:00,50.25,62.75,1.62,16.27,10.0,,4.38,0.38,23.58,2.05,7.8,1.9,0.08,0.75,84.75,1.12,128.5,11.75,22.5,,
2023-03-24 22:00:00,2023-03-24 23:00:00,52.0,61.33,0.95,15.07,8.78,,3.97,0.46,27.15,5.8,7.77,1.43,0.1,0.47,87.0,0.82,128.25,11.5,22.4,,
2023-03-24 23:00:00,2023-03-25 00:00:00,,,1.12,13.93,8.35,,4.45,0.38,23.72,2.88,8.5,1.02,0.03,0.4,87.5,0.7,128.5,12.0,22.25,,
2023-03-25 00:00:00,2023-03-25 01:00:00,,,0.4,13.25,7.38,,4.1,0.38,22.8,3.5,8.57,0.8,,0.33,88.0,0.9,128.5,11.75,22.15,,
2023-03-25 01:00:00,2023-03-25 02:00:00,,,0.33,10.05,5.65,,3.88,0.36,21.85,2.45,8.05,0.6,0.12,0.27,89.0,0.8,128.5,11.5,22.18,,
2023-03-25 02:00:00,2023-03-25 03:00:00,,,0.77,15.7,8.97,,3.8,0.45,17.32,2.98,7.7,0.6,0.03,0.3,92.75,0.35,128.5,11.75,22.2,,
2023-03-25 03:00:00,2023-03-25 04:00:00,,,0.8,17.1,9.75,,3.33,0.35,19.05,2.45,8.55,0.82,,0.33,91.75,0.27,128.5,11.25,22.1,,
2023-03-25 04:00:00,2023-03-25 05:00:00,,,0.55,11.3,6.15,,3.68,0.38,17.48,2.83,9.22,0.85,,0.4,92.5,0.85,128.5,11.25,22.0,,
2023-03-25 05:00:00,2023-03-25 06:00:00,,,0.53,8.1,4.72,,3.5,0.33,21.5,2.73,8.45,0.7,0.1,0.27,93.5,1.53,128.5,11.5,21.85,,
2023-03-25 06:00:00,2023-03-25 07:00:00,,,1.2,8.8,5.65,,3.52,0.33,22.15,2.33,7.45,0.65,0.03,0.2,94.0,1.35,128.5,20.5,21.7,,
2023-03-25 07:00:00,2023-03-25 08:00:00,,,3.9,16.9,12.17,,3.47,0.57,19.38,2.72,7.52,1.0,0.03,0.33,92.25,1.02,128.5,67.0,21.73,,
2023-03-25 08:00:00,2023-03-25 09:00:00,,,5.33,16.7,13.2,,3.88,0.54,18.6,5.6,10.23,3.62,0.1,1.45,87.5,0.82,128.5,125.25,22.27,,
2023-03-25 09:00:00,2023-03-25 10:00:00,62.0,63.0,4.1,16.32,12.03,,4.4,0.6,28.6,4.35,11.93,3.62,0.08,1.48,81.0,0.6,128.5,180.0,22.85,,
2023-03-25 10:00:00,2023-03-25 11:00:00,,,3.5,16.4,11.57,,4.85,0.59,32.52,4.45,13.8,4.08,0.08,1.82,73.0,0.6,128.5,232.5,23.47,,
2023-03-25 11:00:00,2023-03-25 12:00:00,97.0,102.0,3.03,16.98,11.5,,5.75,0.61,39.83,4.07,13.85,4.38,0.1,1.98,66.5,0.7,128.5,268.5,23.9,,
2023-03-25 12:00:00,2023-03-25 13:00:00,92.25,102.0,0.7,11.2,6.5,,6.05,0.42,50.08,3.75,11.3,4.1,0.12,1.87,58.5,0.88,128.25,224.5,24.23,,
2023-03-25 13:00:00,2023-03-25 14:00:00,75.0,104.0,1.53,11.62,7.05,,6.47,0.4,54.45,3.6,8.68,1.98,0.05,0.9,53.5,0.88,128.5,237.25,24.5,,
2023-03-25 14:00:00,2023-03-25 15:00:00,61.5,99.5,0.3,8.45,4.65,,5.25,0.27,60.55,2.2,6.35,0.92,0.05,0.38,46.5,1.38,128.5,313.0,24.6,,
2023-03-25 15:00:00,2023-03-25 16:00:00,47.0,86.0,0.45,8.48,4.9,,4.53,0.23,62.7,1.52,4.4,0.57,,0.25,41.5,1.48,128.5,364.0,24.62,,
2023-03-25 16:00:00,2023-03-25 17:00:00,26.0,79.0,0.5,9.38,5.4,,4.2,0.25,64.72,1.2,2.73,0.32,,0.23,38.75,1.32,128.5,274.5,24.58,,
2023-03-25 17:00:00,2023-03-25 18:00:00,35.0,86.25,0.82,16.67,9.52,,4.95,0.46,57.35,1.38,2.9,0.7,,0.25,48.5,0.83,128.5,94.25,24.3,,
2023-03-25 18:00:00,2023-03-25 19:00:00,81.0,168.0,3.05,39.48,23.48,,8.95,0.86,33.33,3.0,5.68,2.15,0.08,0.95,58.75,0.47,128.5,20.0,23.77,,
2023-03-25 19:00:00,2023-03-25 20:00:00,144.25,254.5,6.22,42.15,27.47,,8.72,0.91,26.48,4.03,9.2,4.33,0.1,1.7,61.25,0.43,128.5,14.5,23.38,,
2023-03-25 20:00:00,2023-03-25 21:00:00,119.25,271.5,4.45,33.52,21.45,,9.47,0.92,26.22,6.9,11.43,6.28,0.12,2.6,64.25,0.57,128.5,13.25,23.08,,
2023-03-25 21:00:00,2023-03-25 22:00:00,110.75,231.0,2.6,21.62,13.62,,6.43,0.5,27.18,3.08,9.8,4.67,0.08,1.9,68.75,0.8,128.5,12.0,22.85,,
2023-03-25 22:00:00,2023-03-25 23:00:00,54.5,110.5,0.95,20.0,11.4,,5.9,0.47,25.15,3.02,8.08,2.23,0.08,0.88,73.5,0.95,128.5,12.0,22.58,,
2023-03-25 23:00:00,2023-03-26 00:00:00,73.75,109.5,0.62,17.82,10.0,,7.03,0.48,23.65,5.5,7.22,1.12,,0.43,78.75,1.05,128.5,12.0,22.45,,
2023-03-26 00:00:00,2023-03-26 01:00:00,96.75,111.5,0.88,13.48,7.9,,6.62,0.49,24.23,4.7,6.67,0.93,,0.3,81.5,1.18,128.5,11.5,22.32,,
2023-03-26 01:00:00,2023-03-26 02:00:00,99.0,103.67,0.85,11.6,6.85,,5.92,0.4,27.15,3.52,6.22,0.78,,0.28,82.5,1.45,128.25,12.0,22.2,,
2023-03-26 02:00:00,2023-03-26 03:00:00,77.0,81.0,0.23,10.38,5.7,,6.5,0.46,23.65,2.7,6.35,0.85,,0.25,83.75,1.33,128.5,11.75,22.15,,
2023-03-26 03:00:00,2023-03-26 04:00:00,89.5,96.0,0.3,11.8,6.45,,6.52,0.47,24.77,2.62,7.47,1.35,,0.5,82.75,1.1,128.5,11.75,22.15,,
2023-03-26 04:00:00,2023-03-26 05:00:00,91.0,99.25,0.47,10.77,6.12,,6.23,0.46,23.15,2.55,7.75,1.52,,0.6,84.25,0.93,128.5,11.0,22.15,,
2023-03-26 05:00:00,2023-03-26 06:00:00,85.0,96.33,0.88,13.5,7.88,,5.5,0.49,18.8,2.83,7.62,1.32,,0.53,85.75,0.65,128.5,11.25,22.12,,
2023-03-26 06:00:00,2023-03-26 07:00:00,95.5,99.5,1.75,15.55,9.68,,5.05,0.55,12.68,3.33,9.05,2.4,0.05,1.0,87.5,0.45,128.5,18.25,22.02,,
2023-03-26 07:00:00,2023-03-26 08:00:00,101.33,109.67,4.47,25.85,17.38,,4.9,0.89,8.85,4.38,9.83,2.78,0.1,1.1,87.75,0.33,128.5,56.75,22.0,,
2023-03-26 08:00:00,2023-03-26 09:00:00,208.0,227.5,5.08,22.35,16.03,,5.48,0.87,12.2,7.62,9.93,2.52,0.05,0.95,85.5,0.62,128.5,105.75,22.18,,
2023-03-26 09:00:00,2023-03-26 10:00:00,242.0,249.0,2.67,16.2,10.8,,6.78,0.67,43.95,6.38,8.97,1.65,0.28,0.78,71.75,0.57,128.5,166.5,22.93,,
2023-03-26 10:00:00,2023-03-26 11:00:00,78.0,108.0,0.85,11.57,6.85,,9.23,0.41,51.38,3.97,7.33,1.12,0.15,0.55,59.5,0.77,128.5,185.75,23.5,,
2023-03-26 11:00:00,2023-03-26 12:00:00,69.5,92.5,1.07,10.0,6.17,,9.15,0.35,54.17,2.62,5.62,0.62,,0.27,52.5,0.88,128.5,242.5,23.95,,
2023-03-26 12:00:00,2023-03-26 13:00:00,43.75,69.5,0.95,8.4,5.25,,7.55,0.3,58.15,1.92,5.45,1.05,0.03,0.38,46.5,1.05,128.5,174.75,24.22,,
2023-03-26 13:00:00,2023-03-26 14:00:00,36.75,68.5,0.8,8.93,4.97,,6.4,0.26,62.28,1.48,4.07,0.45,,0.22,42.0,1.2,128.5,214.5,24.4,,
2023-03-26 14:00:00,2023-03-26 15:00:00,38.25,69.5,0.55,8.53,4.97,,6.22,0.25,68.62,1.4,3.62,0.47,,0.2,40.0,1.33,128.5,306.75,24.5,,
2023-03-26 15:00:00,2023-03-26 16:00:00,41.75,76.25,0.92,11.9,7.08,,5.92,0.28,68.8,1.2,2.83,0.28,,0.1,39.75,1.18,128.25,323.0,24.62,,
2023-03-26 16:00:00,2023-03-26 17:00:00,41.75,88.75,1.35,14.7,8.93,,6.07,0.38,66.3,1.35,3.83,0.8,,0.38,45.75,0.95,128.5,279.75,24.45,,
2023-03-26 17:00:00,2023-03-26 18:00:00,60.75,108.5,2.1,18.6,11.6,,6.42,0.47,60.4,1.7,4.75,1.48,,0.65,49.75,0.93,128.5,104.5,23.95,,
2023-03-26 18:00:00,2023-03-26 19:00:00,64.0,113.75,3.17,27.55,17.23,,5.62,0.58,47.97,1.95,6.35,2.15,,0.95,57.0,0.88,128.5,19.0,23.47,,
2023-03-26 19:00:00,2023-03-26 20:00:00,56.0,127.0,3.85,30.8,19.48,,4.92,0.74,36.75,2.85,10.65,5.9,0.12,2.6,62.75,0.75,128.5,12.0,23.12,,
2023-03-26 20:00:00,2023-03-26 21:00:00,67.75,144.0,3.22,26.33,16.65,,4.55,0.6,30.9,3.23,11.75,7.15,0.1,3.03,68.5,0.7,128.5,12.0,22.78,,
2023-03-26 21:00:00,2023-03-26 22:00:00,76.75,128.75,2.95,26.4,16.45,,4.33,0.48,28.68,2.52,10.15,4.28,0.08,1.75,71.75,0.73,128.5,11.75,22.52,,
2023-03-26 22:00:00,2023-03-26 23:00:00,77.75,112.25,1.58,20.35,12.08,,4.3,0.48,29.48,3.48,8.48,1.75,0.05,0.73,73.75,0.6,128.5,12.0,22.3,,
2023-03-26 23:00:00,2023-03-27 00:00:00,87.0,109.25,1.25,18.4,10.8,,5.0,0.41,26.95,4.22,7.9,1.02,0.03,0.42,76.25,0.45,128.5,11.5,22.1,,
2023-03-27 00:00:00,2023-03-27 01:00:00,82.75,109.5,0.83,16.62,9.47,,2.55,0.55,28.13,2.72,7.3,0.85,,0.3,77.25,0.3,128.5,11.5,21.9,,
2023-03-27 01:00:00,2023-03-27 02:00:00,128.75,187.5,0.2,25.88,13.82,,3.57,0.7,25.0,5.47,7.08,0.82,,0.22,76.75,0.25,128.5,11.5,21.8,,
2023-03-27 02:00:00,2023-03-27 03:00:00,217.5,289.75,0.47,25.0,13.72,,5.2,0.82,28.15,4.92,6.72,0.65,,0.22,77.0,0.15,128.5,11.25,21.7,,
2023-03-27 03:00:00,2023-03-27 04:00:00,203.5,283.25,0.53,26.48,14.5,,6.35,0.82,26.95,5.8,6.68,0.72,,0.25,78.5,0.15,128.5,11.0,21.55,,
2023-03-27 04:00:00,2023-03-27 05:00:00,231.0,302.75,0.3,29.22,15.62,,6.75,0.71,24.92,6.88,7.5,0.8,,0.33,80.0,0.23,128.5,11.25,21.5,,
2023-03-27 05:00:00,2023-03-27 06:00:00,181.67,233.0,1.53,27.07,15.32,,5.42,0.52,12.17,5.42,7.53,1.23,,0.42,82.5,0.18,128.25,11.0,21.4,,
2023-03-27 06:00:00,2023-03-27 07:00:00,128.5,139.0,11.88,38.5,30.12,,4.45,0.71,4.78,6.45,8.9,1.95,0.05,0.77,85.0,0.38,128.5,21.5,21.3,,
2023-03-27 07:00:00,2023-03-27 08:00:00,168.25,181.75,12.65,40.92,32.05,,4.7,0.85,12.23,8.88,9.6,2.27,0.08,0.78,81.5,0.62,128.5,60.0,21.5,,
2023-03-27 08:00:00,2023-03-27 09:00:00,222.0,234.75,2.8,24.18,15.15,,6.53,0.9,34.58,9.08,9.47,2.33,0.05,0.77,71.5,0.62,128.5,119.25,22.18,,
2023-03-27 09:00:00,2023-03-27 10:00:00,181.67,207.0,1.12,14.15,8.45,,9.03,0.42,51.85,6.65,8.38,1.42,0.2,0.68,60.0,0.7,128.5,155.5,22.97,,
2023-03-27 10:00:00,2023-03-27 11:00:00,73.33,105.67,0.57,8.12,4.82,,9.9,0.3,57.55,2.67,5.72,0.7,0.03,0.27,52.0,0.88,128.5,195.0,23.45,,
2023-03-27 11:00:00,2023-03-27 12:00:00,30.75,49.5,0.72,7.42,4.53,,9.2,0.24,60.07,2.0,5.12,0.72,,0.35,46.5,1.18,128.5,241.5,23.83,,
2023-03-27 12:00:00,2023-03-27 13:00:00,29.25,42.25,0.2,7.7,4.1,,7.62,0.26,65.32,1.43,3.95,0.67,0.03,0.25,42.25,1.33,128.5,157.5,24.27,,
2023-03-27 13:00:00,2023-03-27 14:00:00,20.25,45.25,0.53,9.6,5.55,,5.92,0.3,70.23,1.35,2.7,0.57,,0.28,38.25,1.12,128.5,245.25,24.38,,
2023-03-27 14:00:00,2023-03-27 15:00:00,25.25,51.75,0.95,9.42,5.8,,4.6,0.27,73.15,0.93,2.67,0.5,,0.2,36.5,1.15,128.5,324.25,24.62,,
2023-03-27 15:00:00,2023-03-27 16:00:00,32.25,59.75,1.53,12.9,8.12,,4.82,0.34,74.47,0.83,2.88,0.33,0.17,0.3,35.5,1.15,128.5,335.75,24.8,,
2023-03-27 16:00:00,2023-03-27 17:00:00,33.75,60.5,1.0,12.3,7.38,,4.2,0.33,77.3,0.88,4.2,1.1,0.12,0.45,35.25,0.92,128.5,345.0,24.88,,
2023-03-27 17:00:00,2023-03-27 18:00:00,29.5,63.5,2.4,20.38,12.83,,4.35,0.45,69.43,1.1,5.72,2.03,,0.82,38.0,0.98,128.5,141.25,24.7,,
2023-03-27 18:00:00,2023-03-27 19:00:00,33.0,85.75,6.82,46.85,30.45,,3.8,0.88,48.4,1.9,9.68,6.7,0.12,2.95,45.25,1.0,128.25,20.25,24.17,,
2023-03-27 19:00:00,2023-03-27 20:00:00,31.75,117.75,6.42,47.35,30.4,,3.83,0.9,38.73,2.98,12.88,9.75,0.2,4.7,50.25,0.77,128.5,12.0,23.8,,
2023-03-27 20:00:00,2023-03-27 21:00:00,39.75,123.0,2.08,29.15,17.15,,4.75,0.67,39.4,4.05,13.88,10.15,0.2,5.03,54.25,1.2,128.5,12.0,23.5,,
2023-03-27 21:00:00,2023-03-27 22:00:00,47.0,103.5,1.58,21.8,12.85,,4.6,0.51,41.28,2.85,9.65,3.55,0.1,1.43,53.5,0.8,128.5,12.0,23.3,,
2023-03-27 22:00:00,2023-03-27 23:00:00,44.0,96.5,0.83,30.02,16.7,,4.58,0.58,28.9,3.23,10.48,3.42,0.1,1.4,57.5,0.55,128.5,12.0,23.12,,
2023-03-27 23:00:00,2023-03-28 00:00:00,62.5,126.0,0.65,29.82,16.38,,5.88,0.53,30.7,5.4,9.8,2.4,0.08,0.98,59.75,0.4,128.5,12.0,22.9,,
2023-03-28 00:00:00,2023-03-28 01:00:00,67.25,122.0,0.28,17.88,9.72,,10.75,0.52,38.53,7.9,8.6,1.33,0.03,0.55,61.25,0.72,128.5,12.0,22.7,,
2023-03-28 01:00:00,2023-03-28 02:00:00,60.25,102.25,0.38,21.4,11.68,,10.85,0.54,30.98,8.73,7.93,1.12,,0.38,63.75,0.35,128.5,11.75,22.5,,
2023-03-28 02:00:00,2023-03-28 03:00:00,91.25,111.75,0.45,23.9,13.05,,9.57,0.56,28.25,5.75,8.03,1.18,,0.4,66.25,0.2,128.5,11.5,22.32,,
2023-03-28 03:00:00,2023-03-28 04:00:00,71.0,91.0,0.1,19.4,10.23,,8.82,0.49,26.72,6.23,7.88,0.97,,0.38,70.75,0.28,128.5,11.75,22.07,,
2023-03-28 04:00:00,2023-03-28 05:00:00,80.25,91.0,0.57,24.77,13.62,,8.17,0.55,20.3,4.75,7.57,0.85,,0.33,73.75,0.23,128.5,11.25,21.9,,
2023-03-28 05:00:00,2023-03-28 06:00:00,108.0,142.0,0.8,22.58,12.63,,17.43,0.94,22.23,12.4,8.75,1.08,0.03,0.38,74.25,0.12,128.5,11.0,21.87,,
2023-03-28 06:00:00,2023-03-28 07:00:00,189.75,220.25,1.62,32.17,18.45,,20.7,0.86,16.65,15.85,10.07,1.88,,0.68,74.75,0.12,128.5,23.5,21.88,,
2023-03-28 07:00:00,2023-03-28 08:00:00,165.0,203.0,1.0,19.2,11.03,,21.68,0.76,29.15,11.2,9.38,1.6,,0.5,69.5,0.43,128.5,71.25,22.27,,
2023-03-28 08:00:00,2023-03-28 09:00:00,178.5,255.5,1.23,16.55,9.78,,29.67,0.74,34.45,12.55,9.18,1.15,,0.4,65.75,0.5,128.25,116.25,22.9,,
2023-03-28 09:00:00,2023-03-28 10:00:00,162.67,222.33,1.38,15.2,9.2,,17.15,0.52,53.0,7.12,9.75,1.68,0.08,0.73,57.0,0.55,128.5,127.75,23.65,,
2023-03-28 10:00:00,2023-03-28 11:00:00,57.75,93.75,1.62,16.9,10.3,,14.68,0.49,64.47,4.82,10.05,2.35,0.05,0.95,46.75,0.7,128.5,192.0,24.25,,
2023-03-28 11:00:00,2023-03-28 12:00:00,35.5,82.5,0.65,12.2,7.02,,14.65,0.37,70.1,3.85,7.95,1.3,0.05,0.55,42.0,0.83,128.5,244.75,24.57,,
2023-03-28 12:00:00,2023-03-28 13:00:00,33.5,69.0,0.3,8.8,4.95,,10.78,0.31,68.95,3.4,6.07,0.75,0.57,0.65,37.0,0.9,128.5,163.25,24.95,,
2023-03-28 13:00:00,2023-03-28 14:00:00,23.75,60.75,1.18,10.72,6.68,,8.1,0.29,69.75,1.85,5.23,1.48,,0.6,35.0,0.97,128.5,237.75,25.27,,
2023-03-28 14:00:00,2023-03-28 15:00:00,22.25,59.0,0.45,8.38,4.83,,6.95,0.25,74.55,1.18,3.42,0.53,,0.28,32.25,1.2,128.5,276.0,25.55,,
2023-03-28 15:00:00,2023-03-28 16:00:00,21.5,67.0,0.55,11.4,6.53,,7.2,0.29,76.85,1.12,3.48,0.62,,0.33,30.25,1.1,128.5,301.5,25.7,,
2023-03-28 16:00:00,2023-03-28 17:00:00,27.25,83.75,2.5,20.55,12.97,,7.32,0.41,72.45,1.05,4.72,1.28,,0.55,31.0,1.15,128.5,307.25,25.68,,
2023-03-28 17:00:00,2023-03-28 18:00:00,28.5,104.75,1.85,18.05,11.1,,7.58,0.38,72.55,1.58,6.5,3.05,0.05,1.23,38.25,2.12,128.5,122.25,25.08,,
2023-03-28 18:00:00,2023-03-28 19:00:00,25.75,111.25,1.7,23.2,13.7,,8.22,0.48,59.2,1.9,6.43,3.8,0.1,3.4,44.75,1.75,128.5,20.5,24.5,,
2023-03-28 19:00:00,2023-03-28 20:00:00,34.75,108.75,2.4,32.05,18.98,,8.18,0.67,45.4,2.9,8.47,4.88,0.1,3.48,49.25,1.38,128.5,12.5,24.12,,
2023-03-28 20:00:00,2023-03-28 21:00:00,51.25,129.0,1.88,36.98,21.2,,8.78,0.68,36.5,3.6,10.1,4.1,0.75,2.17,53.5,0.85,128.5,12.5,23.75,,
2023-03-28 21:00:00,2023-03-28 22:00:00,59.0,147.75,1.5,26.7,15.4,,8.65,0.56,39.2,4.5,9.5,3.55,0.1,1.48,56.25,1.0,128.5,12.0,23.5,,
2023-03-28 22:00:00,2023-03-28 23:00:00,57.5,128.25,0.7,17.42,9.82,,8.93,0.53,43.17,4.38,8.15,1.8,0.05,0.75,59.75,0.8,128.25,12.0,23.15,,
2023-03-28 23:00:00,2023-03-29 00:00:00,69.5,120.25,0.68,21.77,12.15,,10.43,0.54,36.85,8.53,8.25,1.5,0.03,0.62,60.75,0.65,128.5,12.0,22.95,,
2023-03-29 00:00:00,2023-03-29 01:00:00,85.5,122.25,0.38,18.78,10.28,,10.4,0.55,39.88,6.83,7.65,1.1,,0.38,63.0,0.72,128.5,12.0,22.8,,
2023-03-29 01:00:00,2023-03-29 02:00:00,76.75,117.5,0.2,17.6,9.5,,10.25,0.5,37.93,7.67,7.28,0.95,0.03,0.38,65.0,0.57,128.5,12.0,22.65,,
2023-03-29 02:00:00,2023-03-29 03:00:00,83.25,122.0,0.17,18.5,9.9,,8.2,0.47,35.8,4.27,7.55,0.9,,0.35,67.5,0.47,128.5,11.75,22.42,,
2023-03-29 03:00:00,2023-03-29 04:00:00,76.5,106.0,0.78,27.2,15.07,,8.45,0.59,31.05,6.53,7.75,0.85,,0.35,67.25,0.4,128.5,11.25,22.4,,
2023-03-29 04:00:00,2023-03-29 05:00:00,88.75,127.0,0.53,25.45,13.98,,11.43,0.59,34.33,8.62,8.38,1.05,0.03,0.4,66.0,0.57,128.5,11.25,22.35,,
2023-03-29 05:00:00,2023-03-29 06:00:00,94.25,135.5,0.33,20.4,11.12,,10.6,0.61,34.75,5.95,8.3,0.93,0.1,0.42,69.25,0.7,128.5,11.5,22.23,,
2023-03-29 06:00:00,2023-03-29 07:00:00,94.0,129.5,0.68,21.45,11.95,,11.15,0.7,33.25,8.9,8.53,1.15,,0.43,69.0,0.73,128.5,25.25,22.22,,
2023-03-29 07:00:00,2023-03-29 08:00:00,112.5,160.5,2.7,26.55,16.3,,11.57,0.78,31.05,8.45,9.65,2.05,,0.78,67.75,0.8,128.5,69.5,22.25,,
2023-03-29 08:00:00,2023-03-29 09:00:00,116.25,171.0,2.77,23.95,15.0,,11.4,0.64,35.62,6.65,13.43,5.48,0.12,2.28,65.0,0.72,128.5,122.25,22.75,,
2023-03-29 09:00:00,2023-03-29 10:00:00,93.0,149.75,3.2,26.6,16.77,,11.15,0.72,46.75,5.75,13.7,6.05,0.15,2.55,62.0,0.75,128.5,164.0,23.25,,
2023-03-29 10:00:00,2023-03-29 11:00:00,80.5,134.0,2.6,23.18,14.47,,10.57,0.59,51.85,4.47,14.47,7.77,0.2,7.6,57.5,0.85,128.5,188.75,23.9,,
2023-03-29 11:00:00,2023-03-29 12:00:00,60.75,123.5,2.6,24.0,14.88,,11.65,0.63,55.62,4.1,12.93,5.92,0.12,2.3,52.5,0.9,128.5,267.5,24.58,,
2023-03-29 12:00:00,2023-03-29 13:00:00,60.25,118.0,2.2,22.75,13.9,,13.9,0.55,63.4,3.8,11.22,4.83,0.08,2.08,44.25,0.8,128.25,203.75,25.2,,
2023-03-29 13:00:00,2023-03-29 14:00:00,52.0,124.5,2.78,23.55,14.8,,13.3,0.59,71.35,3.55,11.35,3.33,1.2,2.15,40.75,1.07,128.5,271.25,25.55,,
2023-03-29 14:00:00,2023-03-29 15:00:00,51.75,125.5,2.02,20.82,12.72,,12.05,0.49,76.38,3.08,9.07,3.62,0.08,1.53,37.0,1.45,128.5,200.0,25.75,,
2023-03-29 15:00:00,2023-03-29 16:00:00,48.75,133.75,2.58,26.85,16.38,,11.0,0.62,69.23,2.8,8.3,3.25,0.05,1.35,38.25,0.93,128.5,88.75,25.62,,
2023-03-29 16:00:00,2023-03-29 17:00:00,42.5,145.5,3.15,26.73,16.8,,10.45,0.54,61.9,5.2,10.12,4.72,0.1,2.12,40.0,1.27,128.5,256.75,25.47,,
2023-03-29 17:00:00,2023-03-29 18:00:00,42.75,160.25,1.85,20.73,12.55,,7.95,0.47,59.45,3.15,8.72,4.03,0.1,1.73,43.25,1.35,128.5,78.5,24.9,,
2023-03-29 18:00:00,2023-03-29 19:00:00,38.0,151.75,2.75,29.65,17.98,,6.28,0.57,43.7,2.65,9.2,4.78,0.1,2.02,42.5,1.15,128.5,18.25,24.43,,
2023-03-29 19:00:00,2023-03-29 20:00:00,39.5,145.25,4.12,34.32,21.6,,5.95,0.65,33.02,3.15,10.62,5.78,0.1,2.4,45.5,1.18,128.25,12.75,24.0,,
2023-03-29 20:00:00,2023-03-29 21:00:00,49.5,157.5,2.8,29.75,18.1,,7.25,0.65,30.62,6.2,10.15,4.88,0.08,1.92,58.25,0.93,128.5,12.25,23.55,,
2023-03-29 21:00:00,2023-03-29 22:00:00,53.5,295.25,0.72,12.5,7.25,,6.55,0.28,42.9,4.6,7.5,2.65,0.25,1.15,72.5,2.57,128.5,9.25,22.82,,
2023-03-29 22:00:00,2023-03-29 23:00:00,56.5,331.5,0.23,18.07,9.7,,4.38,0.27,43.7,1.1,2.9,0.57,,0.22,77.0,0.6,128.5,9.75,22.75,,
2023-03-29 23:00:00,2023-03-30 00:00:00,41.75,66.75,0.35,12.83,7.12,,4.47,0.33,45.0,1.62,3.88,0.6,,0.28,75.0,1.0,128.5,10.5,22.88,,
2023-03-30 00:00:00,2023-03-30 01:00:00,35.5,46.75,0.28,8.38,4.67,,2.73,0.28,45.42,1.5,4.12,0.5,,0.2,72.5,1.18,128.5,10.25,22.9,,
2023-03-30 01:00:00,2023-03-30 02:00:00,34.5,51.75,0.17,7.9,4.28,,2.92,0.25,43.45,1.05,3.8,0.33,,0.12,73.75,1.75,128.5,11.0,22.73,,
2023-03-30 02:00:00,2023-03-30 03:00:00,24.67,39.33,0.13,5.72,3.1,,3.18,0.18,41.7,0.5,3.25,0.27,,0.03,67.0,1.35,128.5,11.25,22.9,,
2023-03-30 03:00:00,2023-03-30 04:00:00,3.0,11.0,0.57,11.12,6.4,,2.7,0.19,33.65,0.47,3.62,0.3,,0.12,68.75,0.55,128.5,11.25,22.8,,
2023-03-30 04:00:00,2023-03-30 05:00:00,6.0,9.33,1.12,30.62,17.17,,3.1,0.33,20.35,0.65,4.95,0.52,,0.23,71.0,0.42,128.5,11.75,22.82,,
2023-03-30 05:00:00,2023-03-30 06:00:00,27.5,43.0,0.27,15.4,8.4,,3.5,0.36,29.15,5.0,5.62,0.62,,0.2,62.5,0.83,128.5,10.25,23.0,,
2023-03-30 06:00:00,2023-03-30 07:00:00,32.0,49.0,0.75,13.7,7.9,,3.75,0.38,31.1,1.85,5.83,1.15,,0.4,62.75,0.9,128.5,27.75,22.9,,
2023-03-30 07:00:00,2023-03-30 08:00:00,27.5,56.75,2.9,23.87,15.05,,3.65,0.64,26.82,3.55,7.12,1.55,,0.53,61.75,0.85,128.5,70.5,23.18,,
2023-03-30 08:00:00,2023-03-30 09:00:00,54.75,78.25,3.2,15.68,10.93,,4.0,0.51,28.45,4.05,9.28,3.0,0.03,1.07,64.5,0.97,128.25,104.75,23.42,,
2023-03-30 09:00:00,2023-03-30 10:00:00,42.5,86.75,3.88,14.78,11.0,,3.62,0.5,32.6,4.0,8.22,2.62,,0.93,64.5,1.45,128.5,144.75,23.65,,
2023-03-30 10:00:00,2023-03-30 11:00:00,36.0,78.0,3.62,13.85,10.3,,3.75,0.43,36.23,2.67,7.9,2.12,0.05,0.75,59.25,1.52,128.5,203.5,23.9,,
2023-03-30 11:00:00,2023-03-30 12:00:00,23.0,66.5,3.55,16.2,11.52,,4.7,0.46,41.92,2.2,7.25,2.1,,0.85,53.25,0.92,128.5,222.5,24.57,,
2023-03-30 12:00:00,2023-03-30 13:00:00,23.0,65.25,2.2,26.8,16.05,,5.88,0.49,45.4,2.73,8.57,3.48,0.08,1.43,47.5,0.75,128.5,117.25,24.85,,
2023-03-30 13:00:00,2023-03-30 14:00:00,19.0,61.0,3.72,22.88,15.25,,7.25,0.47,42.43,2.03,8.0,2.98,0.05,1.33,54.25,0.83,128.5,191.75,24.4,,
2023-03-30 14:00:00,2023-03-30 15:00:00,24.25,63.5,1.4,11.07,7.03,,5.65,0.34,57.83,1.65,6.85,1.48,0.38,0.77,48.25,0.77,128.5,196.75,24.67,,
2023-03-30 15:00:00,2023-03-30 16:00:00,25.25,57.25,2.28,23.15,14.15,,5.0,0.46,50.05,1.65,5.75,1.55,0.03,0.67,52.75,0.62,128.5,60.75,24.55,,
2023-03-30 16:00:00,2023-03-30 17:00:00,35.25,66.75,3.03,29.85,18.35,,3.68,0.57,35.45,2.55,6.65,2.48,0.05,1.05,75.25,0.55,128.5,85.0,23.35,,
2023-03-30 17:00:00,2023-03-30 18:00:00,53.75,70.0,5.25,26.88,18.57,,3.75,0.57,28.05,3.3,8.95,4.25,0.08,1.73,67.5,0.57,128.5,71.25,23.23,,
2023-03-30 18:00:00,2023-03-30 19:00:00,32.25,67.25,3.5,24.8,16.02,,2.88,0.49,26.75,2.4,10.28,5.33,0.1,2.33,67.0,0.45,128.5,19.75,22.93,,
2023-03-30 19:00:00,2023-03-30 20:00:00,30.25,73.75,2.88,28.2,17.33,17.9,2.83,0.66,22.37,2.5,9.25,3.88,0.05,1.68,69.5,0.62,128.5,11.0,22.7,,
2023-03-30 20:00:00,2023-03-30 21:00:00,52.75,91.25,2.52,32.1,19.12,,3.58,0.65,16.32,3.48,12.48,7.4,0.12,3.4,70.5,0.3,128.5,11.75,22.67,,
2023-03-30 21:00:00,2023-03-30 22:00:00,47.5,97.25,1.98,30.52,17.85,,3.62,0.46,16.17,3.62,9.97,3.3,0.08,1.4,72.5,0.3,128.5,11.25,22.42,,
2023-03-30 22:00:00,2023-03-30 23:00:00,35.5,75.25,1.95,32.35,18.8,15.7,3.62,0.49,16.23,3.65,8.93,2.25,,1.07,72.25,0.43,128.25,11.0,22.3,,
2023-03-30 23:00:00,2023-03-31 00:00:00,44.75,78.0,0.25,17.8,9.67,,5.25,0.61,23.77,8.25,8.6,1.4,,0.68,73.0,1.12,128.5,11.0,22.28,,
2023-03-31 00:00:00,2023-03-31 01:00:00,71.5,80.25,0.27,15.77,8.55,,6.77,0.49,23.9,8.35,6.93,0.82,,0.35,76.5,0.48,128.5,11.0,22.17,,
2023-03-31 01:00:00,2023-03-31 02:00:00,83.0,95.33,0.2,12.3,6.62,,8.17,0.5,25.85,9.95,6.97,0.6,,0.25,80.0,0.55,128.5,11.25,22.18,,
2023-03-31 02:00:00,2023-03-31 03:00:00,62.0,76.0,0.1,11.25,6.08,,7.45,0.36,27.02,4.67,6.53,0.45,0.33,0.23,81.25,0.72,128.5,11.25,22.1,,
2023-03-31 03:00:00,2023-03-31 04:00:00,62.0,76.0,0.2,10.3,5.6,,5.62,0.32,27.35,3.4,5.85,0.43,,0.17,84.5,0.78,128.5,11.25,21.98,,
2023-03-31 04:00:00,2023-03-31 05:00:00,,,0.55,15.0,8.43,,4.97,0.38,19.18,3.83,5.77,0.5,,0.2,85.0,0.65,128.5,11.0,21.87,,
2023-03-31 05:00:00,2023-03-31 06:00:00,53.0,55.0,1.25,13.25,8.05,,5.12,0.4,14.28,4.28,6.0,0.58,,0.23,87.25,0.38,128.5,11.0,21.67,,
2023-03-31 06:00:00,2023-03-31 07:00:00,,,1.77,18.83,11.47,,4.82,0.43,13.23,4.85,5.97,0.68,,0.28,87.25,0.28,128.5,21.5,21.7,,
2023-03-31 07:00:00,2023-03-31 08:00:00,65.5,71.5,2.92,19.07,12.55,,4.75,0.52,18.18,4.3,7.33,1.1,,0.48,83.0,0.35,128.5,68.75,21.98,,
2023-03-31 08:00:00,2023-03-31 09:00:00,66.0,70.33,1.67,17.62,10.72,,4.95,0.47,26.38,4.1,9.75,2.82,0.03,1.12,77.75,0.3,128.5,52.5,22.27,,
2023-03-31 09:00:00,2023-03-31 10:00:00,53.0,59.75,6.55,28.68,20.58,,4.92,0.72,22.1,3.62,8.98,2.1,0.03,0.85,80.0,0.33,128.5,58.75,22.35,,
2023-03-31 10:00:00,2023-03-31 11:00:00,46.25,57.25,4.17,22.48,15.35,,5.5,0.55,32.27,3.88,12.15,5.45,0.08,2.42,73.5,0.57,128.5,189.5,22.9,,
2023-03-31 11:00:00,2023-03-31 12:00:00,44.25,55.75,2.25,14.0,9.3,,7.95,0.43,44.92,2.65,10.43,3.2,0.05,1.38,64.0,0.65,128.5,191.25,23.22,,
2023-03-31 12:00:00,2023-03-31 13:00:00,33.5,58.25,3.45,21.35,14.15,,11.2,0.45,50.8,2.12,9.75,2.95,0.05,1.2,59.0,0.75,128.25,178.5,23.57,,
2023-03-31 13:00:00,2023-03-31 14:00:00,41.75,71.75,2.25,18.12,11.48,,16.65,0.46,56.55,2.75,10.75,4.08,0.08,1.62,55.25,0.88,128.5,199.0,23.88,,
2023-03-31 14:00:00,2023-03-31 15:00:00,48.75,89.75,2.27,18.08,11.48,,16.07,0.45,59.95,2.58,9.97,2.95,0.05,1.2,54.0,0.97,128.5,142.25,23.95,,
2023-03-31 15:00:00,2023-03-31 16:00:00,53.75,97.0,2.27,21.4,13.23,,12.22,0.52,52.65,2.27,9.62,2.92,0.05,1.23,57.5,0.73,128.5,74.75,23.82,,
2023-03-31 16:00:00,2023-03-31 17:00:00,48.0,85.0,2.82,18.9,12.38,,8.15,0.43,51.95,2.27,10.62,4.5,0.1,1.8,60.5,1.15,128.5,270.0,23.82,,
2023-03-31 17:00:00,2023-03-31 18:00:00,46.75,80.5,4.05,30.92,19.73,,6.4,0.63,45.15,2.15,11.43,5.18,0.1,2.42,59.25,0.85,128.5,26.25,23.9,,
2023-03-31 18:00:00,2023-03-31 19:00:00,45.0,99.25,6.35,38.88,25.82,,5.98,0.72,31.73,3.22,14.03,8.43,0.17,3.92,64.0,0.5,128.5,29.0,23.58,,
2023-03-31 19:00:00,2023-03-31 20:00:00,48.75,83.0,1.98,20.95,12.78,,5.15,0.49,33.02,3.67,15.18,8.68,0.15,3.75,74.25,0.55,128.5,11.75,22.95,,
2023-03-31 20:00:00,2023-03-31 21:00:00,41.75,53.25,2.42,24.45,14.98,,4.3,0.49,29.03,2.17,10.08,3.35,0.03,1.4,87.25,0.5,128.5,11.75,22.5,,
2023-03-31 21:00:00,2023-03-31 22:00:00,33.0,38.67,1.3,18.55,10.93,,3.77,0.45,31.05,2.67,11.05,4.6,0.08,1.88,86.75,0.68,128.5,12.0,22.52,,
2023-03-31 22:00:00,2023-03-31 23:00:00,,,1.3,22.0,12.78,,3.67,0.36,23.8,2.65,9.07,2.15,0.05,0.95,87.75,0.45,128.5,11.5,22.45,,
2023-03-31 23:00:00,2023-04-01 00:00:00,,,0.5,14.43,8.07,,3.6,0.38,20.03,2.9,8.4,1.35,,0.75,89.75,0.53,128.5,11.25,22.42,,
